{"id":"AE","name":"United Arab Emirates","month":"2017-12","access_date":"2018-01-03","data":{"chrome":{"4":0,"5":0,"6":0,"7":0,"8":0,"9":0,"10":0,"11":0.003757,"12":0,"13":0,"14":0,"15":0,"16":0,"17":0,"18":0.003757,"19":0,"20":0.003757,"21":0,"22":0.011271,"23":0,"24":0,"25":0,"26":0.003757,"27":0,"28":0,"29":0.041327,"30":0.003757,"31":0.007514,"32":0.003757,"33":0.007514,"34":0.011271,"35":0,"36":0.003757,"37":0.003757,"38":0.018785,"39":0.011271,"40":0.003757,"41":0,"42":0.003757,"43":0.033813,"44":0.003757,"45":0.003757,"46":0.003757,"47":0.003757,"48":0.007514,"49":0.22542,"50":0.003757,"51":0.007514,"52":0.022542,"53":0.015028,"54":0.007514,"55":0.022542,"56":0.022542,"57":0.082654,"58":0.052598,"59":0.033813,"60":0.056355,"61":0.131495,"62":3.64429,"63":5.368753,"64":0.033813,"65":0.018785,"66":0},"firefox":{"2":0,"3":0,"3.5":0,"3.6":0,"4":0,"5":0,"6":0,"7":0,"8":0,"9":0,"10":0,"11":0,"12":0,"13":0,"14":0,"15":0,"16":0,"17":0,"18":0,"19":0,"20":0,"21":0,"22":0,"23":0,"24":0,"25":0,"26":0,"27":0,"28":0,"29":0,"30":0,"31":0,"32":0,"33":0,"34":0,"35":0,"36":0.003757,"37":0,"38":0.003757,"39":0,"40":0,"41":0.003757,"42":0,"43":0.003757,"44":0.003757,"45":0.007514,"46":0.003757,"47":0.015028,"48":0.022542,"49":0.003757,"50":0.007514,"51":0.003757,"52":0.033813,"53":0.007514,"54":0.007514,"55":0.007514,"56":0.030056,"57":0.743886,"58":0.03757,"59":0,"60":0},"opera":{"9":0,"9.5-9.6":0,"10.0-10.1":0,"10.5":0,"10.6":0,"11":0,"11.1":0,"11.5":0,"11.6":0,"12":0,"12.1":0.003757,"15":0,"16":0,"17":0,"18":0,"19":0,"20":0.007514,"21":0,"22":0.003757,"23":0,"24":0,"25":0,"26":0,"27":0,"28":0,"29":0,"30":0.003757,"31":0.003757,"32":0.007514,"33":0,"34":0,"35":0,"36":0.003757,"37":0.022542,"38":0,"39":0,"40":0,"41":0,"42":0,"43":0.015028,"44":0.007514,"45":0.003757,"46":0.003757,"47":0,"48":0.007514,"49":0.206635,"50":0.003757},"safari":{"3.1":0,"3.2":0,"4":0,"5":0.003757,"5.1":0.003757,"6":0,"6.1":0.003757,"7":0.003757,"7.1":0,"8":0.022542,"9":0.026299,"9.1":0.097682,"10":0.067626,"10.1":0.199121,"11":0.604877,"0":null},"ios_saf":{"3.2":0.00137386663332,"4.0-4.1":0.00137386663332,"4.2-4.3":0.0329727991996,"5.0-5.1":0.0315989325663,"6.0-6.1":0.0233557327664,"7.0-7.1":0.0947967976988,"8":0.026103466033,"8.1-8.4":0.153873062931,"9.0-9.2":0.111283197299,"9.3":0.666325317159,"10.0-10.2":0.854545045923,"10.3":2.02645328414,"11.0-11.2":9.70774163102},"android":{"2.1":0,"2.2":0,"2.3":0,"3":0,"4":0,"4.1":0.0600581666667,"4.2-4.3":0.174399676282,"4.4":0.538213570513,"4.4.3-4.4.4":0.308375586538,"62":null},"op_mob":{"10":null,"11":null,"11.1":null,"11.5":null,"12":null,"12.1":null,"0":null},"ie":{"5.5":0,"6":0,"7":0.00377532682927,"8":0.0226519609756,"9":0.0226519609756,"10":0.0302026146341,"11":0.694660136585},"edge":{"12":0.011271,"13":0.022542,"14":0.11271,"15":0.251719,"16":0.18785,"17":0},"samsung":{"4":0.654466176,"5":0.20776704,"6.2":1.734854784},"ie_mob":{"10":0.0107833636364,"11":0.107833636364},"bb":{"7":0.018729,"10":0.074916},"and_uc":{"0":24.59742},"op_mini":{"0":4.42694133505},"and_chr":{"0":27.389657},"baidu":{"0":null},"and_ff":{"0":0.118617},"and_qq":{"1.2":null}},"total":87.7551693351}