{"id":"AL","name":"Albania","month":"2017-12","access_date":"2018-01-03","data":{"chrome":{"4":0.004963,"5":0,"6":0,"7":0,"8":0,"9":0,"10":0,"11":0.009926,"12":0,"13":0,"14":0,"15":0.004963,"16":0.004963,"17":0,"18":0.004963,"19":0,"20":0,"21":0,"22":0.024815,"23":0.004963,"24":0,"25":0,"26":0.009926,"27":0,"28":0.004963,"29":0.332521,"30":0.004963,"31":0.004963,"32":0,"33":0.004963,"34":0.039704,"35":0.004963,"36":0.004963,"37":0.004963,"38":0.024815,"39":0.004963,"40":0.014889,"41":0.004963,"42":0.004963,"43":0.014889,"44":0.004963,"45":0.004963,"46":0.019852,"47":0.019852,"48":0.009926,"49":1.717198,"50":0.009926,"51":0.019852,"52":0.009926,"53":0.014889,"54":0.064519,"55":0.074445,"56":0.104223,"57":0.074445,"58":0.193557,"59":0.158816,"60":0.183631,"61":0.243187,"62":6.615679,"63":8.88377,"64":0.039704,"65":0.014889,"66":0},"firefox":{"2":0,"3":0.004963,"3.5":0,"3.6":0.009926,"4":0,"5":0,"6":0,"7":0.024815,"8":0,"9":0,"10":0.004963,"11":0,"12":0.004963,"13":0,"14":0.004963,"15":0,"16":0,"17":0,"18":0,"19":0,"20":0.004963,"21":0,"22":0.004963,"23":0,"24":0.004963,"25":0,"26":0,"27":0.004963,"28":0,"29":0,"30":0,"31":0,"32":0,"33":0.009926,"34":0.004963,"35":0,"36":0.024815,"37":0,"38":0,"39":0.009926,"40":0.014889,"41":0.004963,"42":0.004963,"43":0.024815,"44":0.004963,"45":0.163779,"46":0.009926,"47":0.044667,"48":0.054593,"49":0.009926,"50":0.039704,"51":0.009926,"52":0.287854,"53":0.024815,"54":0.04963,"55":0.034741,"56":0.089334,"57":1.533567,"58":0.034741,"59":0.004963,"60":0},"opera":{"9":0,"9.5-9.6":0,"10.0-10.1":0,"10.5":0,"10.6":0,"11":0,"11.1":0,"11.5":0,"11.6":0,"12":0,"12.1":0.004963,"15":0,"16":0,"17":0,"18":0,"19":0,"20":0,"21":0,"22":0,"23":0,"24":0,"25":0,"26":0,"27":0,"28":0,"29":0,"30":0,"31":0.004963,"32":0.004963,"33":0,"34":0,"35":0,"36":0.014889,"37":0,"38":0,"39":0,"40":0,"41":0,"42":0,"43":0.009926,"44":0,"45":0.009926,"46":0.004963,"47":0.014889,"48":0.014889,"49":0.461559,"50":0},"safari":{"3.1":0,"3.2":0,"4":0.004963,"5":0,"5.1":0.004963,"6":0,"6.1":0.004963,"7":0.004963,"7.1":0,"8":0.014889,"9":0.019852,"9.1":0.029778,"10":0.024815,"10.1":0.044667,"11":0.203483,"0":null},"ios_saf":{"3.2":0.00231951785893,"4.0-4.1":0.00231951785893,"4.2-4.3":0.0556684286143,"5.0-5.1":0.0533489107554,"6.0-6.1":0.0394318036018,"7.0-7.1":0.160046732266,"8":0.0440708393197,"8.1-8.4":0.2597860002,"9.0-9.2":0.187880946573,"9.3":1.12496616158,"10.0-10.2":1.44274010825,"10.3":3.42128884192,"11.0-11.2":16.3897131912},"android":{"2.1":0,"2.2":0,"2.3":0,"3":0,"4":0,"4.1":0.206765055556,"4.2-4.3":0.600413911325,"4.4":1.85293299786,"4.4.3-4.4.4":1.06165903526,"62":null},"op_mob":{"10":null,"11":null,"11.1":null,"11.5":null,"12":null,"12.1":null,"0":null},"ie":{"5.5":0,"6":0.00512005696203,"7":0.00512005696203,"8":0.209922335443,"9":0.0409604556962,"10":0.0768008544304,"11":0.471045240506},"edge":{"12":0.034741,"13":0.019852,"14":0.079408,"15":0.183631,"16":0.109186,"17":0},"samsung":{"4":1.06162393238,"5":0.309210854093,"6.2":1.52544021352},"ie_mob":{"10":0.0804628461538,"11":0.367830153846},"bb":{"7":0.0191406,"10":0.0765624},"and_uc":{"0":0.312294},"op_mini":{"0":0.586550860825},"and_chr":{"0":42.230117},"baidu":{"0":null},"and_ff":{"0":0.070518},"and_qq":{"1.2":null}},"total":97.2831318608}