{"id":"na","name":"North America","month":"2017-12","access_date":"2018-01-03","data":{"chrome":{"4":null,"5":null,"6":null,"7":null,"8":null,"9":null,"10":0.005225,"11":0.01045,"12":0.005225,"13":0.005225,"14":null,"15":0.005225,"16":null,"17":null,"18":0.015675,"19":0.005225,"20":0.005225,"21":0.005225,"22":0.01045,"23":0.005225,"24":null,"25":0.01045,"26":null,"27":0.078375,"28":0.03135,"29":0.245575,"30":0.1254,"31":0.067925,"32":0.088825,"33":0.01045,"34":0.026125,"35":0.03135,"36":0.182875,"37":0.235125,"38":0.09405,"39":0.0209,"40":0.03135,"41":0.026125,"42":0.0209,"43":0.047025,"44":0.0209,"45":0.015675,"46":0.0209,"47":0.03135,"48":0.0418,"49":0.59565,"50":0.03135,"51":0.067925,"52":0.11495,"53":0.07315,"54":0.07315,"55":0.15675,"56":0.1463,"57":0.13585,"58":0.465025,"59":0.6061,"60":0.903925,"61":1.165175,"62":13.51185,"63":11.458425,"64":0.0418,"65":0.0209,"66":null},"firefox":{"2":null,"3":0.005225,"3.5":null,"3.6":0.01045,"4":null,"5":null,"6":null,"7":null,"8":null,"9":null,"10":null,"11":0.005225,"12":null,"13":null,"14":null,"15":null,"16":0.005225,"17":null,"18":null,"19":null,"20":null,"21":0.005225,"22":null,"23":null,"24":0.01045,"25":0.01045,"26":0.005225,"27":null,"28":0.005225,"29":0.057475,"30":null,"31":0.015675,"32":0.005225,"33":0.01045,"34":0.005225,"35":0.01045,"36":0.01045,"37":0.01045,"38":0.057475,"39":0.005225,"40":0.01045,"41":0.01045,"42":0.005225,"43":0.015675,"44":0.01045,"45":0.0418,"46":0.0209,"47":0.0418,"48":0.151525,"49":0.036575,"50":0.057475,"51":0.05225,"52":0.391875,"53":0.036575,"54":0.057475,"55":0.11495,"56":0.19855,"57":3.485075,"58":0.05225,"59":null,"60":null},"opera":{"9":null,"9.5-9.6":null,"10.0-10.1":0,"10.5":null,"10.6":null,"11":null,"11.1":null,"11.5":null,"11.6":null,"12":null,"12.1":0.01045,"15":null,"16":null,"17":null,"18":null,"19":null,"20":null,"21":null,"22":null,"23":null,"24":null,"25":null,"26":null,"27":null,"28":null,"29":null,"30":null,"31":null,"32":null,"33":null,"34":null,"35":0.005225,"36":0.01045,"37":null,"38":0.01045,"39":0.01045,"40":null,"41":null,"42":null,"43":null,"44":null,"45":null,"46":0.005225,"47":0.005225,"48":0.0209,"49":0.391875,"50":null},"safari":{"3.1":null,"3.2":null,"4":0.01045,"5":0.05225,"5.1":0.05225,"6":null,"6.1":0.026125,"7":0.01045,"7.1":null,"8":0.0627,"9":0.2717,"9.1":0.8151,"10":0.47025,"10.1":1.227875,"11":2.680425,"0":null},"ios_saf":{"3.2":0.00226973736868,"4.0-4.1":0.00226973736868,"4.2-4.3":0.0544736968484,"5.0-5.1":0.0522039594797,"6.0-6.1":0.0385855352676,"7.0-7.1":0.156611878439,"8":0.043125010005,"8.1-8.4":0.254210585293,"9.0-9.2":0.183848726863,"9.3":1.10082262381,"10.0-10.2":1.41177664332,"10.3":3.34786261881,"11.0-11.2":16.0379642471},"android":{"2.1":0,"2.2":0,"2.3":0,"3":0,"4":0,"4.1":0.0339555555556,"4.2-4.3":0.0986017094017,"4.4":0.304294017094,"4.4.3-4.4.4":0.174348717949,"62":null},"op_mob":{"10":null,"11":null,"11.1":null,"11.5":null,"12":null,"12.1":null,"0":null},"ie":{"5.5":null,"6":0.0264589478859,"7":0.0105835791544,"8":0.412759587021,"9":0.179920845624,"10":0.158753687316,"11":4.58798156342},"edge":{"12":0.03135,"13":0.05225,"14":0.3971,"15":1.489125,"16":1.4212,"17":0.03135},"samsung":{"4":0.389139093137,"5":0.244601715686,"6.2":1.63438419118},"ie_mob":{"10":0.012534375,"11":0.087740625},"bb":{"7":0.010505,"10":0.04202},"and_uc":{"0":0.377225},"op_mini":{"0":0.293842998282},"and_chr":{"0":21.250075},"baidu":{"0":null},"and_ff":{"0":0.23875},"and_qq":{"1.2":null}},"total":99.0202762087}