{"id":"ww","name":"Worldwide","month":"2017-12","access_date":"2018-01-03","data":{"chrome":{"4":null,"5":null,"6":null,"7":null,"8":null,"9":null,"10":null,"11":0.017336,"12":null,"13":null,"14":null,"15":null,"16":null,"17":0.004334,"18":0.008668,"19":0.004334,"20":0.004334,"21":0.008668,"22":0.026004,"23":0.004334,"24":0.008668,"25":0.008668,"26":0.013002,"27":0.02167,"28":0.013002,"29":0.099682,"30":0.039006,"31":0.039006,"32":0.026004,"33":0.017336,"34":0.030338,"35":0.017336,"36":0.047674,"37":0.056342,"38":0.047674,"39":0.02167,"40":0.02167,"41":0.017336,"42":0.026004,"43":0.08668,"44":0.017336,"45":0.030338,"46":0.02167,"47":0.069344,"48":0.047674,"49":0.897138,"50":0.039006,"51":0.060676,"52":0.04334,"53":0.04334,"54":0.073678,"55":0.355388,"56":0.138688,"57":0.143022,"58":0.264374,"59":0.26004,"60":0.355388,"61":0.602426,"62":10.527286,"63":12.455916,"64":0.056342,"65":0.02167,"66":null},"firefox":{"2":null,"3":0.008668,"3.5":null,"3.6":0.013002,"4":0.004334,"5":null,"6":null,"7":null,"8":0.008668,"9":null,"10":null,"11":0.004334,"12":0.004334,"13":null,"14":null,"15":0.004334,"16":0.004334,"17":null,"18":0.004334,"19":null,"20":null,"21":0.008668,"22":null,"23":0.004334,"24":0.008668,"25":0.008668,"26":0.004334,"27":0.004334,"28":0.004334,"29":0.017336,"30":0.004334,"31":0.008668,"32":0.008668,"33":0.008668,"34":0.008668,"35":0.008668,"36":0.008668,"37":0.008668,"38":0.034672,"39":0.008668,"40":0.013002,"41":0.017336,"42":0.013002,"43":0.034672,"44":0.02167,"45":0.047674,"46":0.013002,"47":0.056342,"48":0.121352,"49":0.030338,"50":0.039006,"51":0.056342,"52":0.437734,"53":0.039006,"54":0.047674,"55":0.082346,"56":0.221034,"57":3.55388,"58":0.125686,"59":null,"60":null},"opera":{"9":null,"9.5-9.6":null,"10.0-10.1":0,"10.5":null,"10.6":null,"11":null,"11.1":null,"11.5":null,"11.6":null,"12":0.004334,"12.1":0.04334,"15":null,"16":null,"17":null,"18":null,"19":null,"20":null,"21":null,"22":null,"23":null,"24":null,"25":null,"26":null,"27":null,"28":null,"29":null,"30":null,"31":0.004334,"32":null,"33":null,"34":null,"35":null,"36":0.039006,"37":null,"38":null,"39":null,"40":null,"41":null,"42":null,"43":0.008668,"44":null,"45":0.004334,"46":0.008668,"47":0.008668,"48":0.02167,"49":0.775786,"50":0.004334},"safari":{"3.1":null,"3.2":null,"4":0.004334,"5":0.02167,"5.1":0.13002,"6":null,"6.1":0.017336,"7":0.017336,"7.1":null,"8":0.039006,"9":0.08668,"9.1":0.294712,"10":0.177694,"10.1":0.502744,"11":1.38688,"0":null},"ios_saf":{"3.2":0.00103966423212,"4.0-4.1":0.00103966423212,"4.2-4.3":0.0249519415708,"5.0-5.1":0.0239122773387,"6.0-6.1":0.017674291946,"7.0-7.1":0.071736832016,"8":0.0197536204102,"8.1-8.4":0.116442393997,"9.0-9.2":0.0842128028014,"9.3":0.504237152576,"10.0-10.2":0.646671152376,"10.3":1.53350474237,"11.0-11.2":7.34626746413},"android":{"2.1":0,"2.2":0,"2.3":0,"3":0,"4":0,"4.1":0.0774353333333,"4.2-4.3":0.224860294872,"4.4":0.693939717949,"4.4.3-4.4.4":0.397600653846,"62":null},"op_mob":{"10":null,"11":null,"11.1":null,"11.5":null,"12":null,"12.1":null,"0":null},"ie":{"5.5":null,"6":0.013306734375,"7":0.013306734375,"8":0.27500584375,"9":0.13306734375,"10":0.13306734375,"11":2.83877},"edge":{"12":0.034672,"13":0.047674,"14":0.251372,"15":0.754116,"16":0.749782,"17":0.008668},"samsung":{"4":1.15093458,"5":0.35253852,"6.2":1.6071609},"ie_mob":{"10":0.033996,"11":0.215308},"bb":{"7":0.0181312,"10":0.0725248},"and_uc":{"0":8.929616},"op_mini":{"0":3.05759556701},"and_chr":{"0":28.78678},"baidu":{"0":null},"and_ff":{"0":0.45328},"and_qq":{"1.2":null}},"total":97.774833567}