{"id":"sa","name":"South America","month":"2017-12","access_date":"2018-01-03","data":{"chrome":{"4":null,"5":null,"6":null,"7":null,"8":null,"9":null,"10":null,"11":0.006178,"12":null,"13":null,"14":null,"15":null,"16":null,"17":null,"18":0.006178,"19":null,"20":null,"21":null,"22":0.03089,"23":null,"24":null,"25":null,"26":0.018534,"27":null,"28":null,"29":0.043246,"30":null,"31":0.012356,"32":0.012356,"33":0.006178,"34":0.03089,"35":0.012356,"36":0.018534,"37":0.012356,"38":0.055602,"39":0.018534,"40":0.012356,"41":0.006178,"42":0.006178,"43":0.06178,"44":0.024712,"45":0.018534,"46":0.03089,"47":0.06178,"48":0.043246,"49":1.785442,"50":0.03089,"51":0.098848,"52":0.037068,"53":0.037068,"54":0.055602,"55":0.105026,"56":0.166806,"57":0.148272,"58":0.395392,"59":0.234764,"60":0.3089,"61":0.605444,"62":19.781956,"63":25.26802,"64":0.074136,"65":0.024712,"66":null},"firefox":{"2":null,"3":0.006178,"3.5":null,"3.6":0.012356,"4":null,"5":null,"6":null,"7":null,"8":0.012356,"9":null,"10":null,"11":null,"12":null,"13":null,"14":null,"15":null,"16":null,"17":null,"18":null,"19":null,"20":null,"21":null,"22":null,"23":null,"24":null,"25":null,"26":null,"27":0.024712,"28":null,"29":null,"30":null,"31":0.006178,"32":null,"33":0.006178,"34":null,"35":null,"36":null,"37":0.006178,"38":0.018534,"39":0.006178,"40":0.006178,"41":0.006178,"42":null,"43":0.03089,"44":null,"45":0.055602,"46":0.012356,"47":0.055602,"48":0.086492,"49":0.024712,"50":0.03089,"51":0.03089,"52":0.593088,"53":0.037068,"54":0.06178,"55":0.067958,"56":0.160628,"57":3.910674,"58":0.055602,"59":null,"60":null},"opera":{"9":null,"9.5-9.6":null,"10.0-10.1":0,"10.5":null,"10.6":null,"11":null,"11.1":null,"11.5":null,"11.6":null,"12":null,"12.1":null,"15":null,"16":null,"17":null,"18":null,"19":null,"20":null,"21":null,"22":null,"23":null,"24":null,"25":null,"26":null,"27":null,"28":null,"29":null,"30":null,"31":null,"32":null,"33":null,"34":null,"35":null,"36":0.253298,"37":null,"38":null,"39":null,"40":null,"41":null,"42":null,"43":null,"44":null,"45":0.006178,"46":0.006178,"47":0.006178,"48":0.024712,"49":0.846386,"50":null},"safari":{"3.1":null,"3.2":null,"4":0,"5":null,"5.1":0.006178,"6":null,"6.1":null,"7":0.018534,"7.1":null,"8":0.03089,"9":0.03089,"9.1":0.135916,"10":0.09267,"10.1":0.271832,"11":0.89581,"0":null},"ios_saf":{"3.2":0.000308126663332,"4.0-4.1":0.000308126663332,"4.2-4.3":0.00739503991996,"5.0-5.1":0.00708691325663,"6.0-6.1":0.00523815327664,"7.0-7.1":0.0212607397699,"8":0.0058544066033,"8.1-8.4":0.0345101862931,"9.0-9.2":0.0249582597299,"9.3":0.149441431716,"10.0-10.2":0.191654784592,"10.3":0.454486828414,"11.0-11.2":2.1772230031},"android":{"2.1":0,"2.2":0,"2.3":0,"3":0,"4":0,"4.1":0.0774813888889,"4.2-4.3":0.22499403312,"4.4":0.694352446581,"4.4.3-4.4.4":0.39783713141,"62":null},"op_mob":{"10":null,"11":null,"11.1":null,"11.5":null,"12":null,"12.1":null,"0":null},"ie":{"5.5":null,"6":0.0124856083916,"7":0.0187284125874,"8":0.318383013986,"9":0.112370475524,"10":0.0936420629371,"11":1.22983242657},"edge":{"12":0.037068,"13":0.037068,"14":0.15445,"15":0.413926,"16":0.345968,"17":null},"samsung":{"4":null,"5":null,"6.2":null},"ie_mob":{"10":0.0132184,"11":0.1189656},"bb":{"7":0.0091704,"10":0.0366816},"and_uc":{"0":0.557866},"op_mini":{"0":0.900751510309},"and_chr":{"0":29.905692},"baidu":{"0":null},"and_ff":{"0":0.095525},"and_qq":{"1.2":null}},"total":96.5454575103}