{"id":"AS","name":"American Samoa","month":"2017-12","access_date":"2018-01-03","data":{"chrome":{"4":0,"5":0,"6":0,"7":0,"8":0,"9":0,"10":0,"11":0,"12":0,"13":0,"14":0,"15":0,"16":0,"17":0,"18":0,"19":0,"20":0,"21":0,"22":0,"23":0,"24":0,"25":0,"26":0.00919,"27":0,"28":0,"29":0,"30":0,"31":0,"32":0,"33":0,"34":0,"35":0,"36":0,"37":0,"38":0.20218,"39":0,"40":0,"41":0,"42":0,"43":0,"44":0,"45":0,"46":0,"47":0.00919,"48":1.72772,"49":0.25732,"50":0,"51":0,"52":0,"53":0.00919,"54":0.00919,"55":2.00342,"56":0.919,"57":0.1838,"58":0.77196,"59":0.00919,"60":0.11947,"61":2.15046,"62":5.17397,"63":8.29857,"64":0.00919,"65":0,"66":0},"firefox":{"2":0,"3":0,"3.5":0,"3.6":0.02757,"4":0,"5":0,"6":0,"7":0,"8":0,"9":0,"10":0,"11":0,"12":0,"13":0,"14":0,"15":0,"16":0,"17":0,"18":0,"19":0,"20":0,"21":0,"22":0,"23":0,"24":0,"25":0,"26":0.01838,"27":0,"28":0,"29":1.80124,"30":0,"31":0,"32":0.01838,"33":0,"34":0,"35":0,"36":0,"37":0,"38":0,"39":0,"40":0.08271,"41":0,"42":0,"43":0.41355,"44":4.34687,"45":14.40073,"46":0.01838,"47":8.96944,"48":0.01838,"49":0,"50":0,"51":1.17632,"52":0.06433,"53":0,"54":0,"55":0,"56":0.39517,"57":23.54478,"58":0.04595,"59":0,"60":0},"opera":{"9":0,"9.5-9.6":0,"10.0-10.1":0,"10.5":0,"10.6":0,"11":0,"11.1":0,"11.5":0,"11.6":0,"12":0,"12.1":0,"15":0,"16":0,"17":0,"18":0,"19":0,"20":0,"21":0,"22":0,"23":0,"24":0,"25":0,"26":0,"27":0,"28":0.00919,"29":0,"30":0,"31":0,"32":0,"33":0,"34":0,"35":0,"36":0,"37":0,"38":0,"39":0,"40":0,"41":0,"42":0,"43":0.02757,"44":0,"45":0,"46":0,"47":0,"48":0,"49":0.12866,"50":0},"safari":{"3.1":0,"3.2":0,"4":0,"5":0,"5.1":0.03676,"6":0.00919,"6.1":0,"7":0,"7.1":0,"8":0,"9":0.13785,"9.1":0.03676,"10":0.03676,"10.1":0.08271,"11":0.1838,"0":null},"ios_saf":{"3.2":0.000450294147074,"4.0-4.1":0.000450294147074,"4.2-4.3":0.0108070595298,"5.0-5.1":0.0103567653827,"6.0-6.1":0.00765500050025,"7.0-7.1":0.0310702961481,"8":0.0085555887944,"8.1-8.4":0.0504329444722,"9.0-9.2":0.036473825913,"9.3":0.218392661331,"10.0-10.2":0.28008295948,"10.3":0.664183866933,"11.0-11.2":3.18177844322},"android":{"2.1":0,"2.2":0,"2.3":0,"3":0,"4":0,"4.1":0.0420788888889,"4.2-4.3":0.122190619658,"4.4":0.377091581197,"4.4.3-4.4.4":0.216058910256,"62":null},"op_mob":{"10":null,"11":null,"11.1":null,"11.5":null,"12":null,"12.1":null,"0":null},"ie":{"5.5":0,"6":0,"7":0,"8":0.00919,"9":0.04595,"10":3.4003,"11":0.95576},"edge":{"12":0.05514,"13":0.04595,"14":0.22975,"15":0.11947,"16":0.03676,"17":0},"samsung":{"4":0.358954615385,"5":0.0923026153846,"6.2":0.215372769231},"ie_mob":{"10":0,"11":0.00729},"bb":{"7":0.000972,"10":0.003888},"and_uc":{"0":0.28836},"op_mini":{"0":0.190947061856},"and_chr":{"0":9.36524},"baidu":{"0":null},"and_ff":{"0":0.01134},"and_qq":{"1.2":null}},"total":98.5854870619}