{"id":"AW","name":"Aruba","month":"2017-12","access_date":"2018-01-03","data":{"chrome":{"4":0,"5":0,"6":0,"7":0,"8":0,"9":0,"10":0,"11":0.009672,"12":0,"13":0,"14":0,"15":0,"16":0,"17":0,"18":0,"19":0,"20":0,"21":0,"22":0.014508,"23":0,"24":0,"25":0,"26":0,"27":0,"28":0,"29":0,"30":0,"31":0.004836,"32":0.004836,"33":0.004836,"34":0.004836,"35":0,"36":0.004836,"37":0,"38":0.004836,"39":0,"40":0,"41":0,"42":0,"43":0.004836,"44":0.014508,"45":0.009672,"46":0.004836,"47":0.009672,"48":0.004836,"49":0.382044,"50":0,"51":0,"52":0.009672,"53":0,"54":0.019344,"55":0.062868,"56":0.038688,"57":0.014508,"58":0.033852,"59":0.02418,"60":0.033852,"61":0.38688,"62":5.396976,"63":5.774184,"64":0.038688,"65":0,"66":0},"firefox":{"2":0,"3":0,"3.5":0,"3.6":0,"4":0,"5":0,"6":0,"7":0,"8":0,"9":0,"10":0,"11":0,"12":0,"13":0,"14":0,"15":0.009672,"16":0,"17":0,"18":0,"19":0,"20":0,"21":0,"22":0,"23":0,"24":0.009672,"25":0,"26":0,"27":0,"28":0,"29":0,"30":0,"31":0,"32":0,"33":0,"34":0.014508,"35":0,"36":0,"37":0.004836,"38":0,"39":0,"40":0,"41":0.02418,"42":0,"43":0.004836,"44":0,"45":0,"46":0.02418,"47":0.004836,"48":0.077376,"49":0.009672,"50":0.029016,"51":0.019344,"52":0.062868,"53":0.004836,"54":0,"55":0.009672,"56":0.062868,"57":1.5717,"58":0.009672,"59":0,"60":0},"opera":{"9":0,"9.5-9.6":0,"10.0-10.1":0,"10.5":0,"10.6":0,"11":0,"11.1":0,"11.5":0,"11.6":0,"12":0,"12.1":0,"15":0,"16":0,"17":0.004836,"18":0,"19":0,"20":0,"21":0,"22":0,"23":0,"24":0,"25":0,"26":0,"27":0,"28":0,"29":0.02418,"30":0,"31":0.004836,"32":0.009672,"33":0.02418,"34":0,"35":0,"36":0.004836,"37":0.004836,"38":0,"39":0,"40":0,"41":0,"42":0,"43":0.029016,"44":0,"45":0.004836,"46":0,"47":0,"48":0,"49":0.082212,"50":0},"safari":{"3.1":0,"3.2":0,"4":0,"5":0,"5.1":0.004836,"6":0,"6.1":0.009672,"7":0,"7.1":0,"8":0.019344,"9":0.014508,"9.1":0.294996,"10":0.091884,"10.1":0.469092,"11":1.170312,"0":null},"ios_saf":{"3.2":0.00310859509755,"4.0-4.1":0.00310859509755,"4.2-4.3":0.0746062823412,"5.0-5.1":0.0714976872436,"6.0-6.1":0.0528461166583,"7.0-7.1":0.214493061731,"8":0.0590633068534,"8.1-8.4":0.348162650925,"9.0-9.2":0.251796202901,"9.3":1.50766862231,"10.0-10.2":1.93354615068,"10.3":4.58517776888,"11.0-11.2":21.9653329593},"android":{"2.1":0,"2.2":0,"2.3":0,"3":0,"4":0,"4.1":0.0782286666667,"4.2-4.3":0.227164012821,"4.4":0.701049205128,"4.4.3-4.4.4":0.401674115385,"62":null},"op_mob":{"10":null,"11":null,"11.1":null,"11.5":null,"12":null,"12.1":null,"0":null},"ie":{"5.5":0,"6":0,"7":0,"8":0.02418,"9":0.038688,"10":0.294996,"11":2.56308},"edge":{"12":0.009672,"13":0.038688,"14":0.222456,"15":0.947856,"16":0.657696,"17":0},"samsung":{"4":1.4479332016,"5":1.0311039466,"6.2":5.7368868518},"ie_mob":{"10":0.05164,"11":0.02582},"bb":{"7":0.010328,"10":0.041312},"and_uc":{"0":0.067132},"op_mini":{"0":0.342225910653},"and_chr":{"0":32.891868},"baidu":{"0":null},"and_ff":{"0":0.315004},"and_qq":{"1.2":null}},"total":95.7762099107}