{"id":"AX","name":"Aland Islands","month":"2017-12","access_date":"2018-01-03","data":{"chrome":{"4":0,"5":0,"6":0,"7":0,"8":0,"9":0,"10":0,"11":0,"12":0,"13":0,"14":0,"15":0,"16":0,"17":0,"18":0,"19":0,"20":0,"21":0,"22":0.006773,"23":0,"24":0,"25":0,"26":0,"27":0,"28":0,"29":0,"30":0,"31":0,"32":0,"33":0,"34":0,"35":0,"36":0.020319,"37":0,"38":0.006773,"39":0,"40":0.013546,"41":0,"42":0,"43":0,"44":0.006773,"45":0,"46":0,"47":0.006773,"48":0,"49":0.54184,"50":0,"51":0,"52":0,"53":0.054184,"54":0.033865,"55":0.013546,"56":0.013546,"57":0.013546,"58":0.020319,"59":0.128687,"60":0.033865,"61":0.291239,"62":7.497711,"63":10.979033,"64":0.033865,"65":0.128687,"66":0},"firefox":{"2":0,"3":0.006773,"3.5":0,"3.6":0,"4":0,"5":0,"6":0,"7":0,"8":0,"9":0,"10":0,"11":0,"12":0,"13":0,"14":0,"15":0,"16":0,"17":0,"18":0,"19":0,"20":0,"21":0,"22":0,"23":0,"24":0,"25":0,"26":0,"27":0,"28":0.006773,"29":0,"30":0,"31":0,"32":0,"33":0,"34":0,"35":0,"36":0,"37":0,"38":0,"39":0,"40":0,"41":0.013546,"42":0,"43":0,"44":0,"45":0,"46":0,"47":0.013546,"48":0.033865,"49":0.006773,"50":0,"51":0,"52":0.507975,"53":0.094822,"54":0.020319,"55":0.027092,"56":0.108368,"57":4.910425,"58":0.027092,"59":0,"60":0},"opera":{"9":0,"9.5-9.6":0,"10.0-10.1":0,"10.5":0,"10.6":0,"11":0,"11.1":0,"11.5":0,"11.6":0,"12":0,"12.1":0,"15":0,"16":0,"17":0,"18":0,"19":0,"20":0,"21":0,"22":0,"23":0,"24":0,"25":0,"26":0,"27":0,"28":0.006773,"29":0,"30":0,"31":0,"32":0,"33":0,"34":0,"35":0,"36":0,"37":0,"38":0,"39":0,"40":0,"41":0,"42":0,"43":0.040638,"44":0,"45":0,"46":0,"47":0,"48":0,"49":0.372515,"50":0},"safari":{"3.1":0,"3.2":0,"4":0,"5":0,"5.1":0.013546,"6":0,"6.1":0.006773,"7":0.006773,"7.1":0,"8":0.006773,"9":0.006773,"9.1":0.291239,"10":0.040638,"10.1":0.284466,"11":4.971382,"0":null},"ios_saf":{"3.2":0.00336607423712,"4.0-4.1":0.00336607423712,"4.2-4.3":0.0807857816908,"5.0-5.1":0.0774197074537,"6.0-6.1":0.057223262031,"7.0-7.1":0.232259122361,"8":0.0639554105053,"8.1-8.4":0.377000314557,"9.0-9.2":0.272652013207,"9.3":1.632546005,"10.0-10.2":2.09369817549,"10.3":4.96495949975,"11.0-11.2":23.7846805595},"android":{"2.1":0,"2.2":0,"2.3":0,"3":0,"4":0,"4.1":0.0196946111111,"4.2-4.3":0.0571901207265,"4.4":0.176494014957,"4.4.3-4.4.4":0.101124253205,"62":null},"op_mob":{"10":null,"11":null,"11.1":null,"11.5":null,"12":null,"12.1":null,"0":null},"ie":{"5.5":0,"6":0,"7":0,"8":0.020319,"9":0.027092,"10":0,"11":3.555825},"edge":{"12":0,"13":0.013546,"14":0.331877,"15":0.968539,"16":1.137864,"17":0.006773},"samsung":{"4":0.412404938596,"5":0.703514307018,"6.2":1.64961975439},"ie_mob":{"10":0.0146681818182,"11":0.146681818182},"bb":{"7":0,"10":0},"and_uc":{"0":0.022589},"op_mini":{"0":0.189417137457},"and_chr":{"0":22.688203},"baidu":{"0":null},"and_ff":{"0":0.254933},"and_qq":{"1.2":null}},"total":97.8128291375}