{"id":"AZ","name":"Azerbaijan","month":"2017-12","access_date":"2018-01-03","data":{"chrome":{"4":0,"5":0.003967,"6":0,"7":0,"8":0.003967,"9":0.007934,"10":0.007934,"11":0.011901,"12":0.003967,"13":0.015868,"14":0.003967,"15":0,"16":0.003967,"17":0.023802,"18":0.015868,"19":0.003967,"20":0.003967,"21":0.003967,"22":0.03967,"23":0.007934,"24":0,"25":0.011901,"26":0.023802,"27":0.007934,"28":0.007934,"29":0.007934,"30":0.003967,"31":0.003967,"32":0,"33":0.003967,"34":0.011901,"35":0.003967,"36":0.007934,"37":0,"38":0.011901,"39":0.003967,"40":0.011901,"41":0.007934,"42":0.003967,"43":0.015868,"44":0.003967,"45":0.007934,"46":0.003967,"47":0.023802,"48":0.027769,"49":0.599017,"50":0.015868,"51":0.007934,"52":0.011901,"53":0.007934,"54":0.007934,"55":0.031736,"56":0.055538,"57":0.055538,"58":0.111076,"59":0.083307,"60":0.142812,"61":0.178515,"62":3.76865,"63":5.387186,"64":0.019835,"65":0.003967,"66":0},"firefox":{"2":0,"3":0.003967,"3.5":0.007934,"3.6":0.047604,"4":0.007934,"5":0,"6":0,"7":0,"8":0,"9":0,"10":0.003967,"11":0,"12":0.003967,"13":0,"14":0,"15":0.003967,"16":0.003967,"17":0,"18":0.003967,"19":0,"20":0.003967,"21":0.003967,"22":0.011901,"23":0.015868,"24":0.031736,"25":0,"26":0.003967,"27":0,"28":0,"29":0,"30":0,"31":0,"32":0,"33":0,"34":0.003967,"35":0.003967,"36":0,"37":0,"38":0,"39":0,"40":0,"41":0,"42":0,"43":0.003967,"44":0.015868,"45":0,"46":0.003967,"47":0.003967,"48":0.011901,"49":0,"50":0.003967,"51":0.003967,"52":0.03967,"53":0.011901,"54":0.007934,"55":0.015868,"56":0.019835,"57":0.345129,"58":0.007934,"59":0,"60":0},"opera":{"9":0,"9.5-9.6":0,"10.0-10.1":0.003967,"10.5":0,"10.6":0.003967,"11":0,"11.1":0,"11.5":0,"11.6":0.007934,"12":0.007934,"12.1":0.075373,"15":0.003967,"16":0,"17":0,"18":0.007934,"19":0.007934,"20":0.023802,"21":0.003967,"22":0.011901,"23":0,"24":0,"25":0.003967,"26":0,"27":0.007934,"28":0.003967,"29":0.003967,"30":0.011901,"31":0.003967,"32":0.007934,"33":0.003967,"34":0.003967,"35":0,"36":0.031736,"37":0.011901,"38":0.003967,"39":0.003967,"40":0.003967,"41":0.007934,"42":0.011901,"43":0.071406,"44":0.015868,"45":0.011901,"46":0.007934,"47":0.007934,"48":0.023802,"49":1.1901,"50":0.003967},"safari":{"3.1":0,"3.2":0,"4":0,"5":0.007934,"5.1":0.011901,"6":0,"6.1":0,"7":0.007934,"7.1":0.003967,"8":0.099175,"9":0.003967,"9.1":0.03967,"10":0.007934,"10.1":0.035703,"11":0.178515,"0":null},"ios_saf":{"3.2":0.000886946373187,"4.0-4.1":0.000886946373187,"4.2-4.3":0.0212867129565,"5.0-5.1":0.0203997665833,"6.0-6.1":0.0150780883442,"7.0-7.1":0.0611992997499,"8":0.0168519810905,"8.1-8.4":0.0993379937969,"9.0-9.2":0.0718426562281,"9.3":0.430168990995,"10.0-10.2":0.551680644122,"10.3":1.30824590045,"11.0-11.2":6.26716307294},"android":{"2.1":0,"2.2":0,"2.3":0,"3":0,"4":0,"4.1":0.4068815,"4.2-4.3":1.18152127885,"4.4":3.64628421154,"4.4.3-4.4.4":2.08918000962,"62":null},"op_mob":{"10":null,"11":null,"11.1":null,"11.5":null,"12":null,"12.1":null,"0":null},"ie":{"5.5":0,"6":0.00411812380952,"7":0,"8":0.1729612,"9":0.0205906190476,"10":0.0411812380952,"11":0.193551819048},"edge":{"12":0.003967,"13":0.011901,"14":0.023802,"15":0.055538,"16":0.043637,"17":0},"samsung":{"4":2.77644062687,"5":0.586137465672,"6.2":3.52710790746},"ie_mob":{"10":0.0642645652174,"11":0.231352434783},"bb":{"7":0.018099,"10":0.072396},"and_uc":{"0":0.711894},"op_mini":{"0":5.68880802062},"and_chr":{"0":48.77392},"baidu":{"0":null},"and_ff":{"0":0.048264},"and_qq":{"1.2":null}},"total":92.8061330206}