{"id":"BA","name":"Bosnia and Herzegovina","month":"2017-12","access_date":"2018-01-03","data":{"chrome":{"4":0,"5":0,"6":0,"7":0,"8":0,"9":0,"10":0,"11":0.005249,"12":0,"13":0,"14":0,"15":0,"16":0,"17":0,"18":0,"19":0,"20":0,"21":0,"22":0.010498,"23":0,"24":0,"25":0,"26":0.005249,"27":0,"28":0,"29":0.010498,"30":0,"31":0.005249,"32":0,"33":0.015747,"34":0.020996,"35":0.005249,"36":0.005249,"37":0.005249,"38":0.026245,"39":0.005249,"40":0.015747,"41":0.005249,"42":0.005249,"43":0.020996,"44":0.005249,"45":0.010498,"46":0.015747,"47":0.015747,"48":0.005249,"49":1.223017,"50":0.010498,"51":0.010498,"52":0.005249,"53":0.010498,"54":0.010498,"55":0.020996,"56":0.047241,"57":0.031494,"58":0.068237,"59":0.057739,"60":0.073486,"61":0.15747,"62":7.133391,"63":9.810381,"64":0.031494,"65":0.010498,"66":0},"firefox":{"2":0,"3":0,"3.5":0.005249,"3.6":0.005249,"4":0,"5":0,"6":0,"7":0,"8":0,"9":0,"10":0,"11":0,"12":0,"13":0,"14":0,"15":0.010498,"16":0,"17":0,"18":0,"19":0,"20":0,"21":0,"22":0,"23":0,"24":0,"25":0,"26":0,"27":0,"28":0,"29":0.010498,"30":0,"31":0.005249,"32":0,"33":0,"34":0,"35":0.005249,"36":0.005249,"37":0.005249,"38":0.005249,"39":0.005249,"40":0.005249,"41":0.005249,"42":0.005249,"43":0.020996,"44":0,"45":0.068237,"46":0.005249,"47":0.026245,"48":0.020996,"49":0.010498,"50":0.015747,"51":0.020996,"52":0.545896,"53":0.015747,"54":0.020996,"55":0.026245,"56":0.068237,"57":3.133653,"58":0.062988,"59":0.005249,"60":0},"opera":{"9":0,"9.5-9.6":0,"10.0-10.1":0,"10.5":0,"10.6":0,"11":0,"11.1":0,"11.5":0,"11.6":0,"12":0,"12.1":0.005249,"15":0,"16":0,"17":0,"18":0,"19":0,"20":0,"21":0,"22":0,"23":0,"24":0,"25":0,"26":0,"27":0,"28":0,"29":0,"30":0.005249,"31":0.005249,"32":0.005249,"33":0,"34":0,"35":0,"36":0.068237,"37":0,"38":0,"39":0,"40":0.005249,"41":0,"42":0,"43":0.026245,"44":0.005249,"45":0,"46":0,"47":0.005249,"48":0.010498,"49":0.850338,"50":0},"safari":{"3.1":0,"3.2":0,"4":0,"5":0.020996,"5.1":0.005249,"6":0,"6.1":0,"7":0.015747,"7.1":0,"8":0.005249,"9":0.010498,"9.1":0.047241,"10":0.020996,"10.1":0.05249,"11":0.251952,"0":null},"ios_saf":{"3.2":0.000590622111056,"4.0-4.1":0.000590622111056,"4.2-4.3":0.0141749306653,"5.0-5.1":0.0135843085543,"6.0-6.1":0.0100405758879,"7.0-7.1":0.0407529256628,"8":0.0112218201101,"8.1-8.4":0.0661496764382,"9.0-9.2":0.0478403909955,"9.3":0.286451723862,"10.0-10.2":0.367366953077,"10.3":0.871167613807,"11.0-11.2":4.17333583672},"android":{"2.1":0,"2.2":0,"2.3":0,"3":0,"4":0,"4.1":0.207897333333,"4.2-4.3":0.603701871795,"4.4":1.86307994872,"4.4.3-4.4.4":1.06747284615,"62":null},"op_mob":{"10":null,"11":null,"11.1":null,"11.5":null,"12":null,"12.1":null,"0":null},"ie":{"5.5":0,"6":0.015747,"7":0.005249,"8":0.05249,"9":0.031494,"10":0.036743,"11":0.923824},"edge":{"12":0.015747,"13":0.031494,"14":0.110229,"15":0.351683,"16":0.146972,"17":0},"samsung":{"4":0.703570311111,"5":0.1862392,"6.2":1.90377848889},"ie_mob":{"10":0.107569811321,"11":0.462550188679},"bb":{"7":0.0028506,"10":0.0114024},"and_uc":{"0":0.057012},"op_mini":{"0":0.278872271478},"and_chr":{"0":57.694578},"baidu":{"0":null},"and_ff":{"0":0.123526},"and_qq":{"1.2":null}},"total":97.4013732715}