{"id":"BB","name":"Barbados","month":"2017-12","access_date":"2018-01-03","data":{"chrome":{"4":0,"5":0,"6":0,"7":0,"8":0,"9":0,"10":0,"11":0.006603,"12":0,"13":0,"14":0,"15":0,"16":0,"17":0,"18":0,"19":0,"20":0,"21":0,"22":0.217899,"23":0,"24":0,"25":0,"26":0,"27":0,"28":0.013206,"29":1.175334,"30":0,"31":0,"32":0,"33":0.006603,"34":0.026412,"35":0.006603,"36":0.006603,"37":0.310341,"38":0.006603,"39":0.006603,"40":0,"41":0,"42":0,"43":0.019809,"44":0,"45":0.006603,"46":0,"47":0.006603,"48":0.026412,"49":0.501828,"50":0.006603,"51":0.026412,"52":0.013206,"53":0.006603,"54":0.013206,"55":0.217899,"56":0.039618,"57":0.165075,"58":0.092442,"59":0.039618,"60":0.079236,"61":0.217899,"62":8.669739,"63":11.667501,"64":0.019809,"65":0.013206,"66":0},"firefox":{"2":0,"3":0.013206,"3.5":0,"3.6":0.006603,"4":0,"5":0,"6":0,"7":0,"8":0,"9":0,"10":0,"11":0,"12":0,"13":0,"14":0,"15":0,"16":0,"17":0,"18":0,"19":0,"20":0,"21":0,"22":0,"23":0,"24":0,"25":0,"26":0,"27":0,"28":0,"29":0,"30":0,"31":0,"32":0,"33":0,"34":0,"35":0,"36":0,"37":0,"38":0,"39":0,"40":0,"41":0,"42":0,"43":0.006603,"44":0,"45":0.019809,"46":0,"47":0.019809,"48":0.072633,"49":0.019809,"50":0.013206,"51":0.006603,"52":0.13206,"53":0.019809,"54":0.006603,"55":0.013206,"56":0.06603,"57":3.057189,"58":0.052824,"59":0.013206,"60":0},"opera":{"9":0,"9.5-9.6":0,"10.0-10.1":0,"10.5":0,"10.6":0,"11":0,"11.1":0,"11.5":0,"11.6":0,"12":0,"12.1":0.039618,"15":0,"16":0,"17":0.033015,"18":0,"19":0,"20":0,"21":0,"22":0.013206,"23":0,"24":0,"25":0,"26":0,"27":0.006603,"28":0,"29":0.006603,"30":0.013206,"31":0,"32":0.006603,"33":0.019809,"34":0,"35":0,"36":0.013206,"37":0.019809,"38":0,"39":0,"40":0,"41":0,"42":0,"43":0.06603,"44":0,"45":0,"46":0.013206,"47":0.019809,"48":0.052824,"49":0.673506,"50":0},"safari":{"3.1":0,"3.2":0,"4":0.019809,"5":0,"5.1":0.046221,"6":0,"6.1":0,"7":0.013206,"7.1":0,"8":0.019809,"9":0.013206,"9.1":0.151869,"10":0.719727,"10.1":0.283929,"11":1.465866,"0":null},"ios_saf":{"3.2":0.00157110355178,"4.0-4.1":0.00157110355178,"4.2-4.3":0.0377064852426,"5.0-5.1":0.0361353816908,"6.0-6.1":0.0267087603802,"7.0-7.1":0.108406145073,"8":0.0298509674837,"8.1-8.4":0.175963597799,"9.0-9.2":0.127259387694,"9.3":0.761985222611,"10.0-10.2":0.977226409205,"10.3":2.31737773887,"11.0-11.2":11.1014176968},"android":{"2.1":0,"2.2":0,"2.3":0,"3":0,"4":0,"4.1":0.178394722222,"4.2-4.3":0.518030827991,"4.4":1.59869116453,"4.4.3-4.4.4":0.915988285256,"62":null},"op_mob":{"10":null,"11":null,"11.1":null,"11.5":null,"12":null,"12.1":null,"0":null},"ie":{"5.5":0,"6":0,"7":0,"8":0.176578484321,"9":0.0918208118467,"10":0.0847576724739,"11":1.67396403136},"edge":{"12":0.033015,"13":0.072633,"14":1.45266,"15":2.093151,"16":1.776207,"17":0},"samsung":{"4":0.676728202247,"5":0.225576067416,"6.2":3.10167092697},"ie_mob":{"10":0.0126174285714,"11":0.164026571429},"bb":{"7":0.0258172,"10":0.1032688},"and_uc":{"0":0.3397},"op_mini":{"0":0.488841140893},"and_chr":{"0":33.397645},"baidu":{"0":null},"and_ff":{"0":0.152865},"and_qq":{"1.2":null}},"total":95.9598683375}