{"id":"BD","name":"Bangladesh","month":"2017-12","access_date":"2018-01-03","data":{"chrome":{"4":0,"5":0,"6":0,"7":0,"8":0,"9":0,"10":0,"11":0.00255,"12":0.00255,"13":0,"14":0,"15":0,"16":0,"17":0,"18":0,"19":0,"20":0,"21":0,"22":0,"23":0.00255,"24":0,"25":0.00255,"26":0,"27":0.00255,"28":0.00255,"29":0.0204,"30":0,"31":0.0102,"32":0.00255,"33":0.00765,"34":0.00255,"35":0,"36":0.00255,"37":0,"38":0,"39":0,"40":0.0051,"41":0,"42":0,"43":0.0255,"44":0.00255,"45":0.00255,"46":0.00255,"47":0.0051,"48":0.0051,"49":0.0816,"50":0.00255,"51":0.00765,"52":0.00255,"53":0.00255,"54":0.00255,"55":0.0102,"56":0.01275,"57":0.0204,"58":0.02295,"59":0.0153,"60":0.05355,"61":0.03825,"62":1.17555,"63":1.76205,"64":0.02805,"65":0.01275,"66":0},"firefox":{"2":0,"3":0.00765,"3.5":0,"3.6":0.00255,"4":0.00255,"5":0,"6":0,"7":0,"8":0,"9":0.00255,"10":0.00255,"11":0.0051,"12":0.00255,"13":0.00255,"14":0.00255,"15":0.00255,"16":0.00255,"17":0.00255,"18":0.00255,"19":0.00255,"20":0.00255,"21":0.00255,"22":0.00255,"23":0.00255,"24":0.00255,"25":0.00255,"26":0.00255,"27":0.00255,"28":0.00255,"29":0.00765,"30":0.00765,"31":0.00255,"32":0.00255,"33":0.0051,"34":0.00255,"35":0.0051,"36":0.0102,"37":0.0051,"38":0.0102,"39":0.00765,"40":0.0153,"41":0.01275,"42":0.0102,"43":0.03315,"44":0.02805,"45":0.0102,"46":0.0102,"47":0.05355,"48":0.0408,"49":0.0153,"50":0.01785,"51":0.01275,"52":0.1224,"53":0.01275,"54":0.02295,"55":0.0204,"56":0.0663,"57":1.1169,"58":0.24735,"59":0.00255,"60":0},"opera":{"9":0,"9.5-9.6":0,"10.0-10.1":0,"10.5":0,"10.6":0,"11":0.00255,"11.1":0,"11.5":0,"11.6":0.00255,"12":0,"12.1":0.0306,"15":0.0051,"16":0,"17":0.00255,"18":0.0051,"19":0.00255,"20":0.00765,"21":0.0051,"22":0.0051,"23":0,"24":0,"25":0,"26":0,"27":0,"28":0.0051,"29":0.00765,"30":0.0102,"31":0.0051,"32":0.0102,"33":0.00255,"34":0.00255,"35":0,"36":0.00255,"37":0.03825,"38":0,"39":0,"40":0,"41":0,"42":0.00255,"43":0.03315,"44":0.0153,"45":0,"46":0,"47":0,"48":0.00255,"49":0.1938,"50":0.00255},"safari":{"3.1":0,"3.2":0,"4":0,"5":0,"5.1":0,"6":0,"6.1":0,"7":0,"7.1":0,"8":0,"9":0.00255,"9.1":0.0051,"10":0.00255,"10.1":0.0051,"11":0.0204,"0":null},"ios_saf":{"3.2":0.000114782391196,"4.0-4.1":0.000114782391196,"4.2-4.3":0.00275477738869,"5.0-5.1":0.0026399949975,"6.0-6.1":0.00195130065033,"7.0-7.1":0.0079199849925,"8":0.00218086543272,"8.1-8.4":0.0128556278139,"9.0-9.2":0.00929737368684,"9.3":0.0556694597299,"10.0-10.2":0.0713946473237,"10.3":0.169304027014,"11.0-11.2":0.811052376188},"android":{"2.1":0,"2.2":0,"2.3":0,"3":0,"4":0,"4.1":0.279438888889,"4.2-4.3":0.811447542735,"4.4":2.50420235043,"4.4.3-4.4.4":1.43481121795,"62":null},"op_mob":{"10":null,"11":null,"11.1":null,"11.5":null,"12":null,"12.1":null,"0":null},"ie":{"5.5":0,"6":0.00277173913043,"7":0,"8":0.0526630434783,"9":0.00554347826087,"10":0.0110869565217,"11":0.0554347826087},"edge":{"12":0.0204,"13":0.01275,"14":0.02805,"15":0.03315,"16":0.01785,"17":0},"samsung":{"4":1.16456437126,"5":0.151899700599,"6.2":0.374685928144},"ie_mob":{"10":0.0656234042553,"11":0.448426595745},"bb":{"7":0.00447,"10":0.01788},"and_uc":{"0":16.7476},"op_mini":{"0":15.9542902062},"and_chr":{"0":41.58255},"baidu":{"0":null},"and_ff":{"0":0.298},"and_qq":{"1.2":null}},"total":89.0306402062}