{"id":"BF","name":"Burkina Faso","month":"2017-12","access_date":"2018-01-03","data":{"chrome":{"4":0,"5":0,"6":0,"7":0,"8":0,"9":0,"10":0,"11":0.00743,"12":0,"13":0,"14":0,"15":0,"16":0,"17":0,"18":0,"19":0,"20":0,"21":0,"22":0,"23":0,"24":0,"25":0,"26":0,"27":0,"28":0.004458,"29":0.001486,"30":0,"31":0.001486,"32":0.001486,"33":0.002972,"34":0.002972,"35":0,"36":0,"37":0.001486,"38":0.001486,"39":0,"40":0.001486,"41":0,"42":0,"43":0.00743,"44":0,"45":0,"46":0.001486,"47":0,"48":0,"49":0.034178,"50":0.001486,"51":0,"52":0,"53":0,"54":0,"55":0.002972,"56":0.001486,"57":0.010402,"58":0.02229,"59":0.004458,"60":0.010402,"61":0.038636,"62":0.32692,"63":0.40122,"64":0.019318,"65":0,"66":0},"firefox":{"2":0,"3":0.04458,"3.5":0.001486,"3.6":0.001486,"4":0,"5":0.001486,"6":0,"7":0,"8":0,"9":0,"10":0.002972,"11":0,"12":0,"13":0.001486,"14":0.002972,"15":0.001486,"16":0.001486,"17":0.001486,"18":0,"19":0,"20":0.002972,"21":0.001486,"22":0,"23":0,"24":0.001486,"25":0.001486,"26":0.001486,"27":0,"28":0,"29":0.002972,"30":0.001486,"31":0.001486,"32":0.001486,"33":0.001486,"34":0.001486,"35":0.001486,"36":0.005944,"37":0.001486,"38":0.001486,"39":0.002972,"40":0.010402,"41":0.00743,"42":0.005944,"43":0.016346,"44":0.01486,"45":0.00743,"46":0.002972,"47":0.026748,"48":0.02229,"49":0.002972,"50":0.004458,"51":0.001486,"52":0.026748,"53":0.002972,"54":0.005944,"55":0.005944,"56":0.035664,"57":0.514156,"58":0.008916,"59":0,"60":0},"opera":{"9":0,"9.5-9.6":0,"10.0-10.1":0,"10.5":0,"10.6":0,"11":0,"11.1":0,"11.5":0,"11.6":0,"12":0,"12.1":0.038636,"15":0.002972,"16":0.001486,"17":0.005944,"18":0.002972,"19":0,"20":0.041608,"21":0.001486,"22":0,"23":0.005944,"24":0,"25":0,"26":0.002972,"27":0,"28":0.002972,"29":0.004458,"30":0.00743,"31":0.001486,"32":0.00743,"33":0.001486,"34":0,"35":0.001486,"36":0.001486,"37":0.001486,"38":0,"39":0.001486,"40":0,"41":0,"42":0.002972,"43":0.025262,"44":0.002972,"45":0,"46":0,"47":0,"48":0.002972,"49":0.098076,"50":0},"safari":{"3.1":0,"3.2":0,"4":0,"5":0.001486,"5.1":0,"6":0,"6.1":0,"7":0.001486,"7.1":0,"8":0,"9":0.011888,"9.1":0.004458,"10":0.011888,"10.1":0.019318,"11":0.008916,"0":null},"ios_saf":{"3.2":0.000132471835918,"4.0-4.1":0.000132471835918,"4.2-4.3":0.00317932406203,"5.0-5.1":0.00304685222611,"6.0-6.1":0.00225202121061,"7.0-7.1":0.00914055667834,"8":0.00251696488244,"8.1-8.4":0.0148368456228,"9.0-9.2":0.0107302187094,"9.3":0.0642488404202,"10.0-10.2":0.082397481941,"10.3":0.195395957979,"11.0-11.2":0.936045992596},"android":{"2.1":0,"2.2":0,"2.3":0,"3":0,"4":0,"4.1":0.248145888889,"4.2-4.3":0.720577485043,"4.4":2.22376892735,"4.4.3-4.4.4":1.27413369872,"62":null},"op_mob":{"10":null,"11":null,"11.1":null,"11.5":null,"12":null,"12.1":null,"0":null},"ie":{"5.5":0,"6":0,"7":0,"8":0.01486,"9":0.001486,"10":0.005944,"11":0.114422},"edge":{"12":0.01486,"13":0.00743,"14":0.023776,"15":0.025262,"16":0.00743,"17":0},"samsung":{"4":0.589388516129,"5":0.182913677419,"6.2":0.172751806452},"ie_mob":{"10":0.034056,"11":0.272448},"bb":{"7":0.0187308,"10":0.0749232},"and_uc":{"0":23.379444},"op_mini":{"0":24.657085268},"and_chr":{"0":32.581178},"baidu":{"0":null},"and_ff":{"0":0.221364},"and_qq":{"1.2":null}},"total":90.244087268}