{"id":"BH","name":"Bahrain","month":"2017-12","access_date":"2018-01-03","data":{"chrome":{"4":0,"5":0,"6":0,"7":0,"8":0,"9":0,"10":0,"11":0,"12":0,"13":0,"14":0,"15":0,"16":0,"17":0,"18":0.004008,"19":0.004008,"20":0.004008,"21":0,"22":0.004008,"23":0,"24":0.004008,"25":0,"26":0,"27":0,"28":0.012024,"29":0.008016,"30":0.008016,"31":0.004008,"32":0.012024,"33":0.016032,"34":0.008016,"35":0.004008,"36":0.008016,"37":0,"38":0.012024,"39":0.008016,"40":0.004008,"41":0,"42":0.004008,"43":0.028056,"44":0,"45":0.004008,"46":0.004008,"47":0.004008,"48":0.004008,"49":0.292584,"50":0.004008,"51":0.004008,"52":0.024048,"53":0.028056,"54":0.008016,"55":0.02004,"56":0.02004,"57":0.052104,"58":0.036072,"59":0.036072,"60":0.04008,"61":0.204408,"62":3.835656,"63":5.679336,"64":0.044088,"65":0.02004,"66":0},"firefox":{"2":0,"3":0,"3.5":0,"3.6":0.004008,"4":0,"5":0,"6":0,"7":0,"8":0,"9":0,"10":0,"11":0,"12":0,"13":0,"14":0.004008,"15":0.004008,"16":0.004008,"17":0,"18":0,"19":0,"20":0,"21":0,"22":0.004008,"23":0,"24":0,"25":0,"26":0,"27":0.004008,"28":0,"29":0.004008,"30":0,"31":0.004008,"32":0,"33":0,"34":0,"35":0,"36":0,"37":0,"38":0,"39":0,"40":0,"41":0,"42":0,"43":0.004008,"44":0.004008,"45":0.004008,"46":0,"47":0.012024,"48":0.06012,"49":0.012024,"50":0.004008,"51":0.004008,"52":0.04008,"53":0.004008,"54":0.012024,"55":0.004008,"56":0.056112,"57":0.989976,"58":0.036072,"59":0,"60":0},"opera":{"9":0,"9.5-9.6":0,"10.0-10.1":0,"10.5":0,"10.6":0,"11":0,"11.1":0,"11.5":0,"11.6":0,"12":0,"12.1":0,"15":0,"16":0,"17":0,"18":0,"19":0,"20":0,"21":0,"22":0.004008,"23":0,"24":0,"25":0,"26":0,"27":0,"28":0.004008,"29":0,"30":0.008016,"31":0,"32":0.008016,"33":0,"34":0,"35":0,"36":0,"37":0.008016,"38":0,"39":0,"40":0,"41":0.008016,"42":0.004008,"43":0.016032,"44":0.012024,"45":0.02004,"46":0.012024,"47":0.008016,"48":0.028056,"49":0.056112,"50":0.02004},"safari":{"3.1":0,"3.2":0,"4":0,"5":0.008016,"5.1":0.028056,"6":0.008016,"6.1":0.008016,"7":0.012024,"7.1":0,"8":0.056112,"9":0.048096,"9.1":0.212424,"10":0.12024,"10.1":0.312624,"11":0.945888,"0":null},"ios_saf":{"3.2":0.00168417968984,"4.0-4.1":0.00168417968984,"4.2-4.3":0.0404203125563,"5.0-5.1":0.0387361328664,"6.0-6.1":0.0286310547274,"7.0-7.1":0.116208398599,"8":0.0319994141071,"8.1-8.4":0.188628125263,"9.0-9.2":0.136418554877,"9.3":0.816827149575,"10.0-10.2":1.04755976708,"10.3":2.48416504252,"11.0-11.2":11.9004136884},"android":{"2.1":0,"2.2":0,"2.3":0,"3":0,"4":0,"4.1":0.0861991111111,"4.2-4.3":0.250308957265,"4.4":0.772476649573,"4.4.3-4.4.4":0.442599282051,"62":null},"op_mob":{"10":null,"11":null,"11.1":null,"11.5":null,"12":null,"12.1":null,"0":null},"ie":{"5.5":0,"6":0,"7":0,"8":0.0482809846154,"9":0.0482809846154,"10":0.0362107384615,"11":0.913315292308},"edge":{"12":0.028056,"13":0.052104,"14":0.104208,"15":0.372744,"16":0.212424,"17":0},"samsung":{"4":1.48716778032,"5":0.615379771167,"6.2":2.37946844851},"ie_mob":{"10":0.0109853333333,"11":0.0549266666667},"bb":{"7":0.0047936,"10":0.0191744},"and_uc":{"0":15.021944},"op_mini":{"0":2.39961068041},"and_chr":{"0":34.504136},"baidu":{"0":null},"and_ff":{"0":0.101864},"and_qq":{"1.2":null}},"total":90.5755306804}