{"id":"BM","name":"Bermuda","month":"2017-12","access_date":"2018-01-03","data":{"chrome":{"4":0,"5":0,"6":0,"7":0,"8":0,"9":0,"10":0,"11":0,"12":0,"13":0,"14":0,"15":0,"16":0,"17":0,"18":0,"19":0,"20":0,"21":0.026832,"22":0,"23":0.008944,"24":0,"25":0,"26":0,"27":0,"28":0,"29":0,"30":0,"31":0.008944,"32":0,"33":0,"34":0.026832,"35":0.008944,"36":0.008944,"37":0.008944,"38":0.008944,"39":0,"40":0,"41":0,"42":0,"43":0.008944,"44":0,"45":0.008944,"46":0.035776,"47":0.04472,"48":0.062608,"49":0.867568,"50":0.017888,"51":0.017888,"52":0.017888,"53":0.008944,"54":0.008944,"55":0.080496,"56":0.035776,"57":0.13416,"58":0.160992,"59":0.169936,"60":0.062608,"61":0.482976,"62":15.07064,"63":15.83088,"64":0.04472,"65":0.026832,"66":0},"firefox":{"2":0,"3":0,"3.5":0.017888,"3.6":0,"4":0,"5":0,"6":0,"7":0,"8":0,"9":0,"10":0,"11":0,"12":0,"13":0,"14":0,"15":0,"16":0,"17":0,"18":0,"19":0,"20":0,"21":0,"22":0,"23":0,"24":0,"25":0,"26":0.008944,"27":0,"28":0,"29":0,"30":0,"31":0,"32":0,"33":0,"34":0,"35":0,"36":0,"37":0,"38":0.008944,"39":0,"40":0.017888,"41":0.04472,"42":0,"43":0.026832,"44":0,"45":0,"46":0,"47":0.008944,"48":0.116272,"49":0,"50":0.008944,"51":0,"52":0.286208,"53":0.008944,"54":0.026832,"55":0.017888,"56":0.187824,"57":3.184064,"58":0.017888,"59":0,"60":0},"opera":{"9":0,"9.5-9.6":0,"10.0-10.1":0,"10.5":0,"10.6":0,"11":0,"11.1":0,"11.5":0,"11.6":0,"12":0,"12.1":0,"15":0,"16":0,"17":0,"18":0,"19":0,"20":0,"21":0,"22":0,"23":0,"24":0,"25":0,"26":0,"27":0,"28":0,"29":0,"30":0,"31":0,"32":0,"33":0,"34":0,"35":0,"36":0.008944,"37":0,"38":0,"39":0,"40":0,"41":0,"42":0,"43":0.017888,"44":0,"45":0,"46":0,"47":0,"48":0.008944,"49":0.143104,"50":0},"safari":{"3.1":0,"3.2":0,"4":0.008944,"5":0.04472,"5.1":0.053664,"6":0.053664,"6.1":0.125216,"7":0.026832,"7.1":0,"8":0.196768,"9":0.071552,"9.1":0.554528,"10":0.214656,"10.1":1.064336,"11":3.5776,"0":null},"ios_saf":{"3.2":0.00225335707854,"4.0-4.1":0.00225335707854,"4.2-4.3":0.0540805698849,"5.0-5.1":0.0518272128064,"6.0-6.1":0.0383070703352,"7.0-7.1":0.155481638419,"8":0.0428137844922,"8.1-8.4":0.252375992796,"9.0-9.2":0.182521923362,"9.3":1.09287818309,"10.0-10.2":1.40158810285,"10.3":3.32370169085,"11.0-11.2":15.922221117},"android":{"2.1":0,"2.2":0,"2.3":0,"3":0,"4":0,"4.1":0.0446275555556,"4.2-4.3":0.129591555556,"4.4":0.399931555556,"4.4.3-4.4.4":0.229145333333,"62":null},"op_mob":{"10":null,"11":null,"11.1":null,"11.5":null,"12":null,"12.1":null,"0":null},"ie":{"5.5":0,"6":0,"7":0,"8":0.107328,"9":0.348816,"10":0.321984,"11":16.609008},"edge":{"12":0.026832,"13":0.205712,"14":0.778128,"15":3.139344,"16":2.137616,"17":0},"samsung":{"4":0.252849882353,"5":0.0602023529412,"6.2":0.915075764706},"ie_mob":{"10":0,"11":0.032736},"bb":{"7":0.0494208,"10":0.1976832},"and_uc":{"0":0.057024},"op_mini":{"0":0.074981443299},"and_chr":{"0":6.3496},"baidu":{"0":null},"and_ff":{"0":0.0264},"and_qq":{"1.2":null}},"total":98.4841814433}