{"id":"BS","name":"Bahamas","month":"2017-12","access_date":"2018-01-03","data":{"chrome":{"4":0,"5":0,"6":0,"7":0,"8":0,"9":0,"10":0,"11":0.004951,"12":0,"13":0,"14":0,"15":0,"16":0,"17":0,"18":0,"19":0,"20":0,"21":0,"22":0.004951,"23":0,"24":0,"25":0,"26":0,"27":0,"28":0,"29":0,"30":0.004951,"31":0,"32":0,"33":0,"34":0,"35":0,"36":0.004951,"37":0,"38":0.004951,"39":0,"40":0,"41":0.014853,"42":0,"43":0.009902,"44":0.004951,"45":0.004951,"46":0.004951,"47":0.004951,"48":0.029706,"49":0.505002,"50":0.014853,"51":0.004951,"52":0.004951,"53":0.004951,"54":0.014853,"55":0.029706,"56":0.014853,"57":0.039608,"58":0.039608,"59":0.054461,"60":0.059412,"61":0.158432,"62":5.738209,"63":6.055073,"64":0.009902,"65":0.004951,"66":0},"firefox":{"2":0,"3":0,"3.5":0,"3.6":0,"4":0,"5":0,"6":0,"7":0,"8":0,"9":0,"10":0,"11":0,"12":0.004951,"13":0.004951,"14":0,"15":0,"16":0,"17":0,"18":0,"19":0,"20":0,"21":0,"22":0,"23":0,"24":0.004951,"25":0,"26":0,"27":0,"28":0,"29":0,"30":0,"31":0.004951,"32":0,"33":0.024755,"34":0,"35":0,"36":0,"37":0,"38":0.014853,"39":0,"40":0,"41":0.004951,"42":0.004951,"43":0,"44":0,"45":0.004951,"46":0,"47":0.009902,"48":0.04951,"49":0.004951,"50":0.004951,"51":0,"52":0.108922,"53":0.004951,"54":0.014853,"55":0.009902,"56":0.054461,"57":1.272407,"58":0.009902,"59":0,"60":0},"opera":{"9":0,"9.5-9.6":0,"10.0-10.1":0,"10.5":0,"10.6":0,"11":0,"11.1":0,"11.5":0,"11.6":0,"12":0,"12.1":0.004951,"15":0,"16":0,"17":0,"18":0,"19":0,"20":0,"21":0,"22":0,"23":0,"24":0,"25":0,"26":0,"27":0,"28":0,"29":0.009902,"30":0,"31":0,"32":0.004951,"33":0.004951,"34":0,"35":0,"36":0,"37":0.004951,"38":0,"39":0,"40":0,"41":0,"42":0,"43":0.019804,"44":0,"45":0.004951,"46":0,"47":0,"48":0.004951,"49":0.128726,"50":0},"safari":{"3.1":0,"3.2":0,"4":0,"5":0.014853,"5.1":0.004951,"6":0.004951,"6.1":0.014853,"7":0.004951,"7.1":0,"8":0.019804,"9":0.024755,"9.1":0.133677,"10":0.084167,"10.1":0.227746,"11":0.975347,"0":null},"ios_saf":{"3.2":0.00214642951476,"4.0-4.1":0.00214642951476,"4.2-4.3":0.0515143083542,"5.0-5.1":0.0493678788394,"6.0-6.1":0.0364893017509,"7.0-7.1":0.148103636518,"8":0.0407821607804,"8.1-8.4":0.240400105653,"9.0-9.2":0.173860790695,"9.3":1.04101831466,"10.0-10.2":1.33507915818,"10.3":3.16598353427,"11.0-11.2":15.1666709513},"android":{"2.1":0,"2.2":0,"2.3":0,"3":0,"4":0,"4.1":0.109577944444,"4.2-4.3":0.318197492521,"4.4":0.981986963675,"4.4.3-4.4.4":0.562640599359,"62":null},"op_mob":{"10":null,"11":null,"11.1":null,"11.5":null,"12":null,"12.1":null,"0":null},"ie":{"5.5":0,"6":0,"7":0,"8":0.044559,"9":0.039608,"10":0.103971,"11":2.17844},"edge":{"12":0.064363,"13":0.153481,"14":0.326766,"15":1.940792,"16":0.881278,"17":0},"samsung":{"4":2.18288006279,"5":0.993210428571,"6.2":3.77638250863},"ie_mob":{"10":0.0223598571429,"11":0.134159142857},"bb":{"7":0.0080784,"10":0.0323136},"and_uc":{"0":0.181764},"op_mini":{"0":0.210322948454},"and_chr":{"0":43.176757},"baidu":{"0":null},"and_ff":{"0":0.166617},"and_qq":{"1.2":null}},"total":96.2140349485}