{"id":"BT","name":"Bhutan","month":"2017-12","access_date":"2018-01-03","data":{"chrome":{"4":0,"5":0,"6":0,"7":0.004894,"8":0,"9":0,"10":0,"11":0.002447,"12":0,"13":0,"14":0,"15":0,"16":0.002447,"17":0,"18":0.004894,"19":0,"20":0,"21":0,"22":0,"23":0.004894,"24":0.002447,"25":0,"26":0.002447,"27":0,"28":0.002447,"29":0.014682,"30":0.009788,"31":0.007341,"32":0.012235,"33":0.022023,"34":0,"35":0,"36":0.002447,"37":0,"38":0.002447,"39":0,"40":0,"41":0,"42":0,"43":0.007341,"44":0,"45":0.002447,"46":0.004894,"47":0.004894,"48":0.004894,"49":0.068516,"50":0.002447,"51":0.022023,"52":0.002447,"53":0.004894,"54":0.002447,"55":0.026917,"56":0.009788,"57":0.046493,"58":0.02447,"59":0.031811,"60":0.017129,"61":0.063622,"62":1.585656,"63":2.10442,"64":0.039152,"65":0.02447,"66":0},"firefox":{"2":0,"3":0.002447,"3.5":0,"3.6":0.002447,"4":0,"5":0,"6":0,"7":0,"8":0,"9":0,"10":0.002447,"11":0,"12":0.002447,"13":0,"14":0,"15":0,"16":0.002447,"17":0,"18":0.002447,"19":0.002447,"20":0,"21":0,"22":0,"23":0,"24":0,"25":0.002447,"26":0.002447,"27":0,"28":0,"29":0,"30":0,"31":0,"32":0,"33":0.002447,"34":0,"35":0.002447,"36":0,"37":0,"38":0.002447,"39":0.002447,"40":0.004894,"41":0,"42":0,"43":0.002447,"44":0.009788,"45":0,"46":0,"47":0.014682,"48":0.014682,"49":0.002447,"50":0,"51":0.004894,"52":0.07341,"53":0.002447,"54":0.007341,"55":0.009788,"56":0.022023,"57":0.707183,"58":0.100327,"59":0,"60":0},"opera":{"9":0,"9.5-9.6":0,"10.0-10.1":0,"10.5":0,"10.6":0,"11":0,"11.1":0,"11.5":0,"11.6":0,"12":0,"12.1":0.012235,"15":0,"16":0,"17":0,"18":0,"19":0,"20":0,"21":0.002447,"22":0,"23":0,"24":0,"25":0,"26":0,"27":0,"28":0.004894,"29":0.002447,"30":0.002447,"31":0.002447,"32":0.002447,"33":0,"34":0.017129,"35":0.002447,"36":0.002447,"37":0.17129,"38":0,"39":0,"40":0,"41":0,"42":0,"43":0.002447,"44":0,"45":0,"46":0,"47":0,"48":0.009788,"49":0.046493,"50":0},"safari":{"3.1":0,"3.2":0,"4":0,"5":0.002447,"5.1":0,"6":0,"6.1":0.002447,"7":0.002447,"7.1":0,"8":0.002447,"9":0.009788,"9.1":0.009788,"10":0.022023,"10.1":0.029364,"11":0.088092,"0":null},"ios_saf":{"3.2":0.000745095147574,"4.0-4.1":0.000745095147574,"4.2-4.3":0.0178822835418,"5.0-5.1":0.0171371883942,"6.0-6.1":0.0126666175088,"7.0-7.1":0.0514115651826,"8":0.0141568078039,"8.1-8.4":0.0834506565283,"9.0-9.2":0.0603527069535,"9.3":0.361371146573,"10.0-10.2":0.463449181791,"10.3":1.09901534267,"11.0-11.2":5.26484231276},"android":{"2.1":0,"2.2":0,"2.3":0,"3":0,"4":0,"4.1":0.0871986666667,"4.2-4.3":0.253211512821,"4.4":0.781434205128,"4.4.3-4.4.4":0.447731615385,"62":null},"op_mob":{"10":null,"11":null,"11.1":null,"11.5":null,"12":null,"12.1":null,"0":null},"ie":{"5.5":0,"6":0,"7":0,"8":0.012235,"9":0.007341,"10":0.007341,"11":0.100327},"edge":{"12":0.014682,"13":0.02447,"14":0.007341,"15":0.066069,"16":0.026917,"17":0},"samsung":{"4":5.72842960345,"5":0.973525603448,"6.2":1.0247637931},"ie_mob":{"10":0.0977169375,"11":0.4234400625},"bb":{"7":0.007553,"10":0.030212},"and_uc":{"0":9.297743},"op_mini":{"0":6.48567804296},"and_chr":{"0":54.147168},"baidu":{"0":null},"and_ff":{"0":0.098189},"and_qq":{"1.2":null}},"total":93.255408043}