{"id":"BW","name":"Botswana","month":"2017-12","access_date":"2018-01-03","data":{"chrome":{"4":0,"5":0,"6":0,"7":0.005049,"8":0,"9":0,"10":0,"11":0.015147,"12":0,"13":0,"14":0,"15":0,"16":0,"17":0.005049,"18":0,"19":0,"20":0,"21":0.020196,"22":0.005049,"23":0,"24":0,"25":0,"26":0.025245,"27":0.005049,"28":0,"29":0.005049,"30":0.015147,"31":0.005049,"32":0.015147,"33":0.015147,"34":0.005049,"35":0.005049,"36":0.015147,"37":0.005049,"38":0.005049,"39":0.020196,"40":0.045441,"41":0,"42":0.005049,"43":0.237303,"44":0.040392,"45":0.010098,"46":0.035343,"47":0.005049,"48":0.010098,"49":0.257499,"50":0.030294,"51":0.020196,"52":0.015147,"53":0.030294,"54":0.020196,"55":0.136323,"56":0.065637,"57":0.131274,"58":0.116127,"59":0.065637,"60":0.146421,"61":0.383724,"62":6.321348,"63":5.574096,"64":0.055539,"65":0.015147,"66":0},"firefox":{"2":0,"3":0,"3.5":0,"3.6":0.005049,"4":0.005049,"5":0,"6":0.010098,"7":0,"8":0,"9":0,"10":0,"11":0.005049,"12":0,"13":0,"14":0.005049,"15":0.030294,"16":0.005049,"17":0,"18":0.010098,"19":0.005049,"20":0.005049,"21":0,"22":0,"23":0.045441,"24":0,"25":0,"26":0,"27":0.025245,"28":0,"29":0.015147,"30":0,"31":0.005049,"32":0.297891,"33":0.005049,"34":0.15147,"35":0.040392,"36":0,"37":0.005049,"38":0.015147,"39":0.010098,"40":0.020196,"41":0.010098,"42":0.015147,"43":0.05049,"44":0.020196,"45":0.030294,"46":0.005049,"47":0.080784,"48":0.111078,"49":0.05049,"50":0.116127,"51":0.030294,"52":0.383724,"53":0.025245,"54":0.030294,"55":0.030294,"56":0.131274,"57":3.43332,"58":0.222156,"59":0,"60":0},"opera":{"9":0,"9.5-9.6":0,"10.0-10.1":0,"10.5":0,"10.6":0,"11":0,"11.1":0,"11.5":0,"11.6":0,"12":0.005049,"12.1":0.010098,"15":0,"16":0,"17":0.025245,"18":0.005049,"19":0.005049,"20":0,"21":0,"22":0.015147,"23":0,"24":0,"25":0,"26":0,"27":0,"28":0.005049,"29":0,"30":0.005049,"31":0.010098,"32":0.040392,"33":0.010098,"34":0,"35":0,"36":0.005049,"37":0.020196,"38":0,"39":0,"40":0,"41":0,"42":0.005049,"43":0.040392,"44":0.015147,"45":0,"46":0.005049,"47":0.005049,"48":0.015147,"49":0.424116,"50":0},"safari":{"3.1":0,"3.2":0,"4":0,"5":0.005049,"5.1":0.015147,"6":0.025245,"6.1":0.010098,"7":0.010098,"7.1":0.005049,"8":0.020196,"9":0.025245,"9.1":0.191862,"10":0.121176,"10.1":0.161568,"11":0.307989,"0":null},"ios_saf":{"3.2":0.000489220310155,"4.0-4.1":0.000489220310155,"4.2-4.3":0.0117412874437,"5.0-5.1":0.0112520671336,"6.0-6.1":0.00831674527264,"7.0-7.1":0.0337562014007,"8":0.00929518589295,"8.1-8.4":0.0547926747374,"9.0-9.2":0.0396268451226,"9.3":0.237271850425,"10.0-10.2":0.304295032916,"10.3":0.721599957479,"11.0-11.2":3.45683071156},"android":{"2.1":0,"2.2":0,"2.3":0,"3":0,"4":0,"4.1":0.292059111111,"4.2-4.3":0.848094726496,"4.4":2.61729895726,"4.4.3-4.4.4":1.49961120513,"62":null},"op_mob":{"10":null,"11":null,"11.1":null,"11.5":null,"12":null,"12.1":null,"0":null},"ie":{"5.5":0,"6":0,"7":0,"8":0.143189120823,"9":0.173872503856,"10":0.178986401028,"11":1.49325797429},"edge":{"12":0.272646,"13":0.186813,"14":0.217107,"15":0.307989,"16":0.156519,"17":0},"samsung":{"4":1.990302,"5":0.21768928125,"6.2":1.44089571875},"ie_mob":{"10":0.173003693182,"11":0.841951306818},"bb":{"7":0.0752552,"10":0.3010208},"and_uc":{"0":6.624438},"op_mini":{"0":3.94669560481},"and_chr":{"0":38.398923},"baidu":{"0":null},"and_ff":{"0":0.74265},"and_qq":{"1.2":null}},"total":89.0641596048}