{"id":"BY","name":"Belarus","month":"2017-12","access_date":"2018-01-03","data":{"chrome":{"4":0.039855,"5":0.023913,"6":0,"7":0.015942,"8":0.007971,"9":0.023913,"10":0.031884,"11":0.055797,"12":0.071739,"13":0.063768,"14":0.07971,"15":0.111594,"16":0.207246,"17":0.119565,"18":0.063768,"19":0.039855,"20":0.039855,"21":0.063768,"22":0.047826,"23":0.103623,"24":0.103623,"25":0.047826,"26":0.047826,"27":0.063768,"28":0.039855,"29":0.015942,"30":0.039855,"31":0.007971,"32":0.007971,"33":0.015942,"34":0.023913,"35":0.023913,"36":0.023913,"37":0.023913,"38":0.047826,"39":0.039855,"40":0.039855,"41":0.023913,"42":0.063768,"43":0.055797,"44":0.015942,"45":0.015942,"46":0.047826,"47":0.031884,"48":0.031884,"49":1.299273,"50":0.015942,"51":0.039855,"52":0.023913,"53":0.047826,"54":0.031884,"55":0.119565,"56":0.183333,"57":0.151449,"58":0.23913,"59":0.199275,"60":0.358695,"61":0.573912,"62":12.99273,"63":16.085478,"64":0.07971,"65":0.055797,"66":0},"firefox":{"2":0.007971,"3":0.095652,"3.5":0.151449,"3.6":0.486231,"4":0.039855,"5":0.015942,"6":0.071739,"7":0.015942,"8":0.007971,"9":0.015942,"10":0.047826,"11":0.015942,"12":0.023913,"13":0.039855,"14":0.023913,"15":0.063768,"16":0.023913,"17":0.007971,"18":0.023913,"19":0.039855,"20":0.015942,"21":0.119565,"22":0.047826,"23":0.087681,"24":0.111594,"25":0.071739,"26":0.031884,"27":0.015942,"28":0.023913,"29":0.007971,"30":0.015942,"31":0.015942,"32":0.015942,"33":0.031884,"34":0.031884,"35":0.063768,"36":0.023913,"37":0.007971,"38":0.007971,"39":0.007971,"40":0.007971,"41":0.007971,"42":0.007971,"43":0.031884,"44":0.007971,"45":0.278985,"46":0.007971,"47":0.055797,"48":0.055797,"49":0.015942,"50":0.047826,"51":0.023913,"52":0.749274,"53":0.103623,"54":0.071739,"55":0.127536,"56":0.167391,"57":3.068835,"58":0.039855,"59":0,"60":0},"opera":{"9":0,"9.5-9.6":0,"10.0-10.1":0.015942,"10.5":0.023913,"10.6":0.071739,"11":0.023913,"11.1":0.007971,"11.5":0.031884,"11.6":0.087681,"12":0.135507,"12.1":0.733332,"15":0.015942,"16":0.007971,"17":0.015942,"18":0.007971,"19":0.023913,"20":0.031884,"21":0,"22":0.015942,"23":0,"24":0.007971,"25":0.007971,"26":0.007971,"27":0.135507,"28":0.015942,"29":0.007971,"30":0.015942,"31":0.015942,"32":0.055797,"33":0.007971,"34":0.023913,"35":0.015942,"36":0.526086,"37":0.055797,"38":0.007971,"39":0.015942,"40":0.007971,"41":0.007971,"42":0.063768,"43":0.175362,"44":0.039855,"45":0.031884,"46":0.031884,"47":0.023913,"48":0.087681,"49":6.520278,"50":0.023913},"safari":{"3.1":0.023913,"3.2":0.015942,"4":0.111594,"5":0.135507,"5.1":0.191304,"6":0.023913,"6.1":0.031884,"7":0.007971,"7.1":0.007971,"8":0.063768,"9":0.015942,"9.1":0.047826,"10":0.07971,"10.1":0.151449,"11":1.123911,"0":null},"ios_saf":{"3.2":0.000536443421711,"4.0-4.1":0.000536443421711,"4.2-4.3":0.0128746421211,"5.0-5.1":0.0123381986993,"6.0-6.1":0.00911953816908,"7.0-7.1":0.037014596098,"8":0.0101924250125,"8.1-8.4":0.0600816632316,"9.0-9.2":0.0434519171586,"9.3":0.26017505953,"10.0-10.2":0.333667808304,"10.3":0.791254047024,"11.0-11.2":3.79050921781},"android":{"2.1":0,"2.2":0,"2.3":0,"3":0,"4":0,"4.1":0.0964253333333,"4.2-4.3":0.280004333333,"4.4":0.864119333333,"4.4.3-4.4.4":0.495107,"62":null},"op_mob":{"10":null,"11":null,"11.1":null,"11.5":null,"12":null,"12.1":null,"0":null},"ie":{"5.5":0,"6":0.0164672209302,"7":0.00823361046512,"8":2.832362,"9":0.131737767442,"10":0.38697969186,"11":0.872762709302},"edge":{"12":0.007971,"13":0.015942,"14":0.127536,"15":0.342753,"16":0.23913,"17":0},"samsung":{"4":0.294205,"5":0.08116,"6.2":0.34493},"ie_mob":{"10":0.044638,"11":0.178552},"bb":{"7":0.002029,"10":0.008116},"and_uc":{"0":0.308408},"op_mini":{"0":0.923965462199},"and_chr":{"0":25.006745},"baidu":{"0":null},"and_ff":{"0":0.050725},"and_qq":{"1.2":null}},"total":92.0110664622}