{"id":"CA","name":"Canada","month":"2017-12","access_date":"2018-01-03","data":{"chrome":{"4":0,"5":0,"6":0,"7":0,"8":0,"9":0,"10":0,"11":0.006238,"12":0,"13":0,"14":0,"15":0.012476,"16":0,"17":0,"18":0,"19":0,"20":0,"21":0,"22":0.006238,"23":0.006238,"24":0,"25":0,"26":0,"27":0,"28":0,"29":0.03119,"30":0,"31":0.006238,"32":0.006238,"33":0.006238,"34":0.012476,"35":0.006238,"36":0.012476,"37":0.006238,"38":0.018714,"39":0.012476,"40":0.012476,"41":0.006238,"42":0.006238,"43":0.018714,"44":0.012476,"45":0.012476,"46":0.012476,"47":0.018714,"48":0.018714,"49":0.49904,"50":0.024952,"51":0.043666,"52":0.03119,"53":0.143474,"54":0.049904,"55":0.193378,"56":0.09357,"57":0.112284,"58":0.137236,"59":0.205854,"60":0.3119,"61":0.480326,"62":8.14059,"63":8.614678,"64":0.024952,"65":0.012476,"66":0},"firefox":{"2":0,"3":0.006238,"3.5":0,"3.6":0.006238,"4":0,"5":0,"6":0,"7":0,"8":0,"9":0,"10":0,"11":0,"12":0,"13":0,"14":0,"15":0,"16":0.006238,"17":0,"18":0,"19":0,"20":0,"21":0,"22":0,"23":0,"24":0,"25":0.006238,"26":0.006238,"27":0,"28":0,"29":0.006238,"30":0,"31":0.006238,"32":0,"33":0.006238,"34":0.006238,"35":0.006238,"36":0.006238,"37":0.006238,"38":0.018714,"39":0.006238,"40":0.006238,"41":0.012476,"42":0.006238,"43":0.012476,"44":0.006238,"45":0.03119,"46":0.006238,"47":0.024952,"48":0.09357,"49":0.018714,"50":0.037428,"51":0.018714,"52":0.28071,"53":0.049904,"54":0.037428,"55":0.09357,"56":0.143474,"57":2.906908,"58":0.043666,"59":0.006238,"60":0},"opera":{"9":0,"9.5-9.6":0,"10.0-10.1":0,"10.5":0,"10.6":0,"11":0,"11.1":0,"11.5":0,"11.6":0,"12":0,"12.1":0.006238,"15":0,"16":0,"17":0,"18":0,"19":0,"20":0,"21":0,"22":0,"23":0,"24":0,"25":0,"26":0,"27":0,"28":0,"29":0,"30":0,"31":0,"32":0.006238,"33":0,"34":0,"35":0,"36":0.006238,"37":0.006238,"38":0,"39":0,"40":0,"41":0,"42":0,"43":0.006238,"44":0,"45":0,"46":0,"47":0,"48":0.006238,"49":0.28071,"50":0},"safari":{"3.1":0,"3.2":0,"4":0.018714,"5":0.037428,"5.1":0.043666,"6":0.006238,"6.1":0.03119,"7":0.006238,"7.1":0.006238,"8":0.043666,"9":0.068618,"9.1":0.386756,"10":0.199616,"10.1":0.636276,"11":1.927542,"0":null},"ios_saf":{"3.2":0.00328103291646,"4.0-4.1":0.00328103291646,"4.2-4.3":0.078744789995,"5.0-5.1":0.0754637570785,"6.0-6.1":0.0557775595798,"7.0-7.1":0.226391271236,"8":0.0623396254127,"8.1-8.4":0.367475686643,"9.0-9.2":0.265763666233,"9.3":1.59130096448,"10.0-10.2":2.04080247404,"10.3":4.83952355178,"11.0-11.2":23.1837785877},"android":{"2.1":0,"2.2":0,"2.3":0,"3":0,"4":0,"4.1":0.105282555556,"4.2-4.3":0.305724344017,"4.4":0.94349367094,"4.4.3-4.4.4":0.540585429487,"62":null},"op_mob":{"10":null,"11":null,"11.1":null,"11.5":null,"12":null,"12.1":null,"0":null},"ie":{"5.5":0,"6":0,"7":0.00638447237569,"8":0.517142262431,"9":0.0893826132597,"10":0.146842864641,"11":3.86260578729},"edge":{"12":0.012476,"13":0.03119,"14":0.255758,"15":1.047984,"16":1.116602,"17":0},"samsung":{"4":0.322490215385,"5":0.1497276,"6.2":1.77369618462},"ie_mob":{"10":0.011286,"11":0.022572},"bb":{"7":0.0609444,"10":0.2437776},"and_uc":{"0":0.474012},"op_mini":{"0":0.203012257732},"and_chr":{"0":25.16479},"baidu":{"0":null},"and_ff":{"0":0.210672},"and_qq":{"1.2":null}},"total":97.4665642577}