{"id":"CD","name":"Congo, The Democratic Republic of","month":"2017-12","access_date":"2018-01-03","data":{"chrome":{"4":0,"5":0,"6":0,"7":0,"8":0,"9":0,"10":0,"11":0.008558,"12":0,"13":0,"14":0,"15":0,"16":0,"17":0,"18":0,"19":0,"20":0,"21":0,"22":0,"23":0,"24":0,"25":0,"26":0,"27":0,"28":0,"29":0.000778,"30":0,"31":0,"32":0,"33":0.001556,"34":0,"35":0,"36":0.000778,"37":0,"38":0,"39":0,"40":0,"41":0,"42":0,"43":0.006224,"44":0,"45":0.000778,"46":0,"47":0.000778,"48":0,"49":0.006224,"50":0.000778,"51":0.000778,"52":0,"53":0,"54":0,"55":0.00778,"56":0.000778,"57":0.008558,"58":0.001556,"59":0.00389,"60":0.003112,"61":0.00778,"62":0.08558,"63":0.098028,"64":0,"65":0,"66":0},"firefox":{"2":0,"3":0.00389,"3.5":0,"3.6":0.000778,"4":0,"5":0,"6":0,"7":0,"8":0,"9":0,"10":0,"11":0,"12":0,"13":0,"14":0,"15":0,"16":0,"17":0,"18":0,"19":0,"20":0.000778,"21":0.001556,"22":0,"23":0,"24":0,"25":0,"26":0,"27":0,"28":0,"29":0.000778,"30":0.000778,"31":0.000778,"32":0.002334,"33":0,"34":0,"35":0,"36":0.000778,"37":0,"38":0.000778,"39":0.000778,"40":0.001556,"41":0.000778,"42":0,"43":0.00389,"44":0.000778,"45":0.001556,"46":0.000778,"47":0.006224,"48":0.002334,"49":0.000778,"50":0.000778,"51":0.000778,"52":0.00389,"53":0.001556,"54":0.001556,"55":0.002334,"56":0.00778,"57":0.115922,"58":0.003112,"59":0,"60":0},"opera":{"9":0,"9.5-9.6":0,"10.0-10.1":0,"10.5":0,"10.6":0,"11":0,"11.1":0,"11.5":0.000778,"11.6":0.000778,"12":0.002334,"12.1":0.04279,"15":0.000778,"16":0.003112,"17":0.002334,"18":0.009336,"19":0.007002,"20":0.053682,"21":0.00778,"22":0.00389,"23":0.009336,"24":0.000778,"25":0.002334,"26":0.000778,"27":0.000778,"28":0.003112,"29":0.004668,"30":0.006224,"31":0.002334,"32":0.003112,"33":0.000778,"34":0.000778,"35":0.002334,"36":0.000778,"37":0.002334,"38":0,"39":0,"40":0,"41":0,"42":0.001556,"43":0.00778,"44":0.000778,"45":0.001556,"46":0.000778,"47":0.000778,"48":0.003112,"49":0.045902,"50":0},"safari":{"3.1":0,"3.2":0,"4":0,"5":0,"5.1":0,"6":0,"6.1":0,"7":0,"7.1":0.000778,"8":0.001556,"9":0,"9.1":0.003112,"10":0.002334,"10.1":0.003112,"11":0.010114,"0":null},"ios_saf":{"3.2":0.00012791975988,"4.0-4.1":0.00012791975988,"4.2-4.3":0.00307007423712,"5.0-5.1":0.00294215447724,"6.0-6.1":0.00217463591796,"7.0-7.1":0.00882646343172,"8":0.00243047543772,"8.1-8.4":0.0143270131066,"9.0-9.2":0.0103615005503,"9.3":0.0620410835418,"10.0-10.2":0.0795660906453,"10.3":0.188681645823,"11.0-11.2":0.903881023312},"android":{"2.1":0,"2.2":0,"2.3":0,"3":0,"4":0,"4.1":0.233074,"4.2-4.3":0.676811038462,"4.4":2.08870161538,"4.4.3-4.4.4":1.19674534615,"62":null},"op_mob":{"10":null,"11":null,"11.1":null,"11.5":null,"12":null,"12.1":null,"0":null},"ie":{"5.5":0,"6":0,"7":0,"8":0.00666857142857,"9":0.000952653061224,"10":0.00666857142857,"11":0.029532244898},"edge":{"12":0.008558,"13":0.004668,"14":0.005446,"15":0.005446,"16":0.003112,"17":0},"samsung":{"4":0.960414906475,"5":0.163474877698,"6.2":0.296298215827},"ie_mob":{"10":0.468738424242,"11":0.785453575758},"bb":{"7":0.0221328,"10":0.0885312},"and_uc":{"0":16.470492},"op_mini":{"0":52.6641482887},"and_chr":{"0":12.55387},"baidu":{"0":null},"and_ff":{"0":0.110664},"and_qq":{"1.2":null}},"total":90.8021303295}