{"id":"CG","name":"Congo, Republic of the","month":"2017-12","access_date":"2018-01-03","data":{"chrome":{"4":null,"5":null,"6":null,"7":null,"8":null,"9":null,"10":null,"11":0.113646,"12":null,"13":null,"14":null,"15":0.031161,"16":null,"17":null,"18":null,"19":0.001833,"20":null,"21":0.001833,"22":null,"23":null,"24":null,"25":null,"26":0.005499,"27":0.001833,"28":0.001833,"29":0.003666,"30":0.003666,"31":0.003666,"32":0.009165,"33":0.005499,"34":0.003666,"35":0.001833,"36":0.045825,"37":0.001833,"38":0.005499,"39":null,"40":0.005499,"41":0.012831,"42":0.003666,"43":0.042159,"44":0.010998,"45":0.023829,"46":null,"47":0.012831,"48":0.003666,"49":0.20163,"50":0.012831,"51":0.010998,"52":0.001833,"53":0.005499,"54":0.003666,"55":0.263952,"56":0.040326,"57":0.053157,"58":0.062322,"59":0.056823,"60":0.032994,"61":0.130143,"62":2.553369,"63":3.1161,"64":0.010998,"65":0.003666,"66":null},"firefox":{"2":null,"3":0.850512,"3.5":0.003666,"3.6":0.016497,"4":0.009165,"5":null,"6":null,"7":0.003666,"8":0.001833,"9":0.001833,"10":0.007332,"11":0.001833,"12":0.014664,"13":0.001833,"14":0.003666,"15":0.009165,"16":0.005499,"17":0.020163,"18":null,"19":0.014664,"20":null,"21":0.001833,"22":0.001833,"23":null,"24":0.009165,"25":0.005499,"26":0.01833,"27":0.001833,"28":0.003666,"29":0.005499,"30":0.009165,"31":0.007332,"32":0.032994,"33":0.003666,"34":0.003666,"35":0.005499,"36":0.032994,"37":0.003666,"38":0.03666,"39":0.010998,"40":0.009165,"41":0.016497,"42":0.001833,"43":0.067821,"44":0.014664,"45":0.009165,"46":0.007332,"47":0.065988,"48":0.021996,"49":0.029328,"50":0.010998,"51":0.014664,"52":0.130143,"53":0.012831,"54":0.040326,"55":0.043992,"56":0.20163,"57":3.567018,"58":0.042159,"59":null,"60":null},"opera":{"9":null,"9.5-9.6":null,"10.0-10.1":0,"10.5":null,"10.6":0.001833,"11":0.009165,"11.1":null,"11.5":null,"11.6":0.001833,"12":null,"12.1":0.040326,"15":0.001833,"16":null,"17":0.003666,"18":0.001833,"19":null,"20":0.009165,"21":null,"22":0.001833,"23":null,"24":null,"25":null,"26":null,"27":null,"28":null,"29":null,"30":0.003666,"31":null,"32":null,"33":null,"34":0.009165,"35":0.003666,"36":0.014664,"37":0.010998,"38":null,"39":null,"40":0.005499,"41":0.023829,"42":0.031161,"43":0.009165,"44":0.014664,"45":0.007332,"46":null,"47":0.009165,"48":0.115479,"49":1.105299,"50":0.001833},"safari":{"3.1":null,"3.2":null,"4":0,"5":0.001833,"5.1":0.014664,"6":null,"6.1":null,"7":null,"7.1":0.034827,"8":0.07332,"9":0.003666,"9.1":0.254787,"10":0.049491,"10.1":0.027495,"11":0.225459,"0":null},"ios_saf":{"3.2":0.000218167983992,"4.0-4.1":0.000218167983992,"4.2-4.3":0.00523603161581,"5.0-5.1":0.00501786363182,"6.0-6.1":0.00370885572786,"7.0-7.1":0.0150535908954,"8":0.00414519169585,"8.1-8.4":0.0244348142071,"9.0-9.2":0.0176716067034,"9.3":0.105811472236,"10.0-10.2":0.135700486043,"10.3":0.321797776388,"11.0-11.2":1.54157497489},"android":{"2.1":0,"2.2":0,"2.3":0,"3":0,"4":0,"4.1":0.446916388889,"4.2-4.3":1.29777643697,"4.4":4.00505840812,"4.4.3-4.4.4":2.29474376603,"62":null},"op_mob":{"10":null,"11":null,"11.1":null,"11.5":null,"12":null,"12.1":null,"0":null},"ie":{"5.5":null,"6":null,"7":0.00754810105263,"8":0.147187970526,"9":0.0339664547368,"10":0.341551572632,"11":1.26241990105},"edge":{"12":0.075153,"13":0.034827,"14":0.108147,"15":0.095316,"16":0.080652,"17":null},"samsung":{"4":1.33035217021,"5":0.201568510638,"6.2":0.362823319149},"ie_mob":{"10":0.119782666667,"11":0.149728333333},"bb":{"7":0.1012708,"10":0.4050832},"and_uc":{"0":28.592667},"op_mini":{"0":10.4536477388},"and_chr":{"0":29.282447},"baidu":{"0":null},"and_ff":{"0":0.294012},"and_qq":{"1.2":null}},"total":98.2134307388}