{"id":"CH","name":"Switzerland","month":"2017-12","access_date":"2018-01-03","data":{"chrome":{"4":0,"5":0,"6":0,"7":0,"8":0,"9":0,"10":0,"11":0.006217,"12":0,"13":0,"14":0,"15":0,"16":0,"17":0,"18":0,"19":0,"20":0,"21":0,"22":0.012434,"23":0,"24":0,"25":0,"26":0.006217,"27":0,"28":0,"29":0.006217,"30":0,"31":0,"32":0,"33":0.006217,"34":0.018651,"35":0.006217,"36":0,"37":0,"38":0.018651,"39":0.006217,"40":0.006217,"41":0.018651,"42":0.068387,"43":0.012434,"44":0.006217,"45":0.006217,"46":0.012434,"47":0.012434,"48":0.006217,"49":0.267331,"50":0.006217,"51":0.031085,"52":0.018651,"53":0.018651,"54":0.031085,"55":0.06217,"56":0.037302,"57":0.099472,"58":0.093255,"59":0.136774,"60":0.130557,"61":0.261114,"62":5.390139,"63":6.198349,"64":0.018651,"65":0.012434,"66":0},"firefox":{"2":0,"3":0,"3.5":0,"3.6":0.012434,"4":0,"5":0,"6":0,"7":0,"8":0,"9":0,"10":0,"11":0,"12":0,"13":0,"14":0,"15":0,"16":0.006217,"17":0,"18":0,"19":0,"20":0,"21":0.006217,"22":0,"23":0,"24":0.006217,"25":0,"26":0.006217,"27":0,"28":0,"29":0.006217,"30":0,"31":0.006217,"32":0.012434,"33":0.006217,"34":0.012434,"35":0.006217,"36":0,"37":0.006217,"38":0.093255,"39":0.006217,"40":0.012434,"41":0.024868,"42":0.018651,"43":0.018651,"44":0.006217,"45":0.099472,"46":0.006217,"47":0.037302,"48":0.211378,"49":0.043519,"50":0.093255,"51":0.111906,"52":0.801993,"53":0.093255,"54":0.074604,"55":0.055953,"56":0.205161,"57":5.16011,"58":0.043519,"59":0.006217,"60":0},"opera":{"9":0,"9.5-9.6":0,"10.0-10.1":0,"10.5":0,"10.6":0,"11":0,"11.1":0,"11.5":0,"11.6":0,"12":0,"12.1":0.018651,"15":0,"16":0,"17":0,"18":0,"19":0,"20":0,"21":0,"22":0,"23":0,"24":0,"25":0,"26":0,"27":0,"28":0,"29":0,"30":0,"31":0,"32":0.006217,"33":0,"34":0,"35":0,"36":0.006217,"37":0.006217,"38":0.012434,"39":0,"40":0,"41":0,"42":0,"43":0.018651,"44":0.006217,"45":0.006217,"46":0,"47":0.006217,"48":0.012434,"49":0.534662,"50":0},"safari":{"3.1":0,"3.2":0,"4":0.006217,"5":0.031085,"5.1":0.087038,"6":0.006217,"6.1":0.055953,"7":0.012434,"7.1":0.006217,"8":0.099472,"9":0.074604,"9.1":0.522228,"10":0.484926,"10.1":0.99472,"11":3.705332,"0":null},"ios_saf":{"3.2":0.00368986503252,"4.0-4.1":0.00368986503252,"4.2-4.3":0.0885567607804,"5.0-5.1":0.0848668957479,"6.0-6.1":0.0627277055528,"7.0-7.1":0.254600687244,"8":0.0701074356178,"8.1-8.4":0.413264883642,"9.0-9.2":0.298879067634,"9.3":1.78958454077,"10.0-10.2":2.29509605023,"10.3":5.44255092296,"11.0-11.2":26.0725863198},"android":{"2.1":0,"2.2":0,"2.3":0,"3":0,"4":0,"4.1":0.0435728333333,"4.2-4.3":0.126528804487,"4.4":0.390479621795,"4.4.3-4.4.4":0.223729740385,"62":null},"op_mob":{"10":null,"11":null,"11.1":null,"11.5":null,"12":null,"12.1":null,"0":null},"ie":{"5.5":0,"6":0.024868,"7":0,"8":0.043519,"9":0.068387,"10":0.105689,"11":5.178761},"edge":{"12":0.012434,"13":0.049736,"14":0.391671,"15":1.175013,"16":1.255834,"17":0},"samsung":{"4":0.490967608696,"5":0.458236434783,"6.2":2.81488095652},"ie_mob":{"10":0.0121056,"11":0.1089504},"bb":{"7":0.0068094,"10":0.0272376},"and_uc":{"0":0.128622},"op_mini":{"0":0.1253525},"and_chr":{"0":19.109754},"baidu":{"0":null},"and_ff":{"0":0.457743},"and_qq":{"1.2":null}},"total":96.7985525}