{"id":"CI","name":"Cote d'Ivoire","month":"2017-12","access_date":"2018-01-03","data":{"chrome":{"4":0,"5":0,"6":0,"7":0,"8":0,"9":0,"10":0,"11":0.007692,"12":0.003846,"13":0.007692,"14":0,"15":0,"16":0.003846,"17":0,"18":0.003846,"19":0,"20":0,"21":0.003846,"22":0.003846,"23":0.003846,"24":0,"25":0,"26":0.007692,"27":0.003846,"28":0.003846,"29":0.007692,"30":0.007692,"31":0.011538,"32":0.003846,"33":0.011538,"34":0.003846,"35":0.003846,"36":0.003846,"37":0.003846,"38":0.003846,"39":0.003846,"40":0.007692,"41":0.003846,"42":0.003846,"43":0.103842,"44":0.003846,"45":0.011538,"46":0.015384,"47":0.011538,"48":0.003846,"49":1.01919,"50":0.01923,"51":0.011538,"52":0.003846,"53":0.007692,"54":0.007692,"55":0.030768,"56":0.049998,"57":0.142302,"58":0.073074,"59":0.05769,"60":0.092304,"61":0.161532,"62":3.338328,"63":4.303674,"64":0.026922,"65":0.023076,"66":0},"firefox":{"2":0,"3":0.003846,"3.5":0,"3.6":0.003846,"4":0,"5":0,"6":0,"7":0,"8":0,"9":0,"10":0.003846,"11":0,"12":0.003846,"13":0,"14":0.003846,"15":0,"16":0,"17":0,"18":0,"19":0,"20":0,"21":0,"22":0,"23":0,"24":0.003846,"25":0,"26":0,"27":0,"28":0,"29":0.003846,"30":0.003846,"31":0.003846,"32":0.196146,"33":0.003846,"34":0,"35":0.003846,"36":0.003846,"37":0.003846,"38":0.007692,"39":0.007692,"40":0.007692,"41":0.003846,"42":0.007692,"43":0.046152,"44":0.007692,"45":0.015384,"46":0.007692,"47":0.084612,"48":0.084612,"49":0.023076,"50":0.053844,"51":0.015384,"52":0.157686,"53":0.015384,"54":0.026922,"55":0.03846,"56":0.103842,"57":1.938384,"58":0.030768,"59":0,"60":0},"opera":{"9":0,"9.5-9.6":0,"10.0-10.1":0.003846,"10.5":0,"10.6":0,"11":0.003846,"11.1":0,"11.5":0,"11.6":0,"12":0,"12.1":0.030768,"15":0.015384,"16":0.015384,"17":0,"18":0,"19":0.003846,"20":0.030768,"21":0.003846,"22":0.003846,"23":0.011538,"24":0,"25":0,"26":0,"27":0,"28":0.007692,"29":0.003846,"30":0.015384,"31":0.011538,"32":0.011538,"33":0,"34":0.003846,"35":0.007692,"36":0.011538,"37":0.015384,"38":0,"39":0,"40":0.007692,"41":0.003846,"42":0,"43":0.01923,"44":0.015384,"45":0,"46":0.003846,"47":0.003846,"48":0.007692,"49":0.446136,"50":0},"safari":{"3.1":0,"3.2":0,"4":0,"5":0.003846,"5.1":0.015384,"6":0.003846,"6.1":0,"7":0.003846,"7.1":0.003846,"8":0.015384,"9":0.01923,"9.1":0.061536,"10":0.046152,"10.1":0.069228,"11":0.149994,"0":null},"ios_saf":{"3.2":0.000396584692346,"4.0-4.1":0.000396584692346,"4.2-4.3":0.00951803261631,"5.0-5.1":0.00912144792396,"6.0-6.1":0.00674193976988,"7.0-7.1":0.0273643437719,"8":0.00753510915458,"8.1-8.4":0.0444174855428,"9.0-9.2":0.03212336008,"9.3":0.192343575788,"10.0-10.2":0.246675678639,"10.3":0.584962421211,"11.0-11.2":2.80226743612},"android":{"2.1":0,"2.2":0,"2.3":0,"3":0,"4":0,"4.1":0.229188777778,"4.2-4.3":0.665528950855,"4.4":2.05388404701,"4.4.3-4.4.4":1.17679622436,"62":null},"op_mob":{"10":null,"11":null,"11.1":null,"11.5":null,"12":null,"12.1":null,"0":null},"ie":{"5.5":0,"6":0.00387308450704,"7":0,"8":0.0658424366197,"9":0.0154923380282,"10":0.00774616901408,"11":0.457023971831},"edge":{"12":0.042306,"13":0.03846,"14":0.07692,"15":0.123072,"16":0.080766,"17":0},"samsung":{"4":0.758993333333,"5":0.3077,"6.2":0.441036666667},"ie_mob":{"10":0.0578769047619,"11":0.428289095238},"bb":{"7":0.0344624,"10":0.1378496},"and_uc":{"0":5.2309},"op_mini":{"0":12.4972196392},"and_chr":{"0":46.380314},"baidu":{"0":null},"and_ff":{"0":0.855406},"and_qq":{"1.2":null}},"total":89.8264176392}