{"id":"CK","name":"Cook Islands","month":"2017-12","access_date":"2018-01-03","data":{"chrome":{"4":0,"5":0,"6":0,"7":0,"8":0,"9":0,"10":0,"11":0,"12":0,"13":0,"14":0,"15":0,"16":0,"17":0,"18":0,"19":0,"20":0,"21":0,"22":0,"23":0,"24":0,"25":0,"26":0,"27":0,"28":0.01086,"29":0,"30":0,"31":0,"32":0,"33":0,"34":0,"35":0,"36":0,"37":0,"38":0.00543,"39":0,"40":0,"41":0,"42":0,"43":0,"44":0,"45":0,"46":0.00543,"47":0.00543,"48":0.01629,"49":0.45069,"50":0,"51":0,"52":0,"53":0,"54":0.00543,"55":0.04887,"56":0.04887,"57":0.29322,"58":0.03801,"59":0.01629,"60":0.0543,"61":0.36924,"62":6.46713,"63":6.49971,"64":0.02715,"65":0,"66":0},"firefox":{"2":0,"3":0,"3.5":0,"3.6":0,"4":0,"5":0.01629,"6":0,"7":0,"8":0,"9":0,"10":0,"11":0,"12":0,"13":0,"14":0,"15":0,"16":0,"17":0,"18":0,"19":0,"20":0,"21":0,"22":0.00543,"23":0,"24":0,"25":0,"26":0,"27":0,"28":0,"29":0.02172,"30":0,"31":0,"32":0,"33":0,"34":0,"35":0.00543,"36":0,"37":0,"38":0.00543,"39":0,"40":0,"41":0,"42":0,"43":0.07602,"44":0,"45":0.01086,"46":0,"47":0,"48":0.01086,"49":0.11403,"50":0.01086,"51":0,"52":0.02172,"53":0,"54":0.00543,"55":0.06516,"56":0.06516,"57":2.37834,"58":0.06516,"59":0,"60":0},"opera":{"9":0,"9.5-9.6":0,"10.0-10.1":0,"10.5":0,"10.6":0,"11":0,"11.1":0,"11.5":0,"11.6":0,"12":0,"12.1":0,"15":0,"16":0,"17":0,"18":0,"19":0,"20":0,"21":0,"22":0,"23":0,"24":0,"25":0,"26":0,"27":0,"28":0,"29":0,"30":0,"31":0,"32":0,"33":0,"34":0,"35":0,"36":0,"37":0.02172,"38":0,"39":0,"40":0,"41":0,"42":0,"43":0,"44":0,"45":0,"46":0,"47":0,"48":0.01629,"49":0.01629,"50":0},"safari":{"3.1":0,"3.2":0,"4":0.05973,"5":0,"5.1":0.01086,"6":0,"6.1":0,"7":0,"7.1":0,"8":0.02715,"9":0.00543,"9.1":0.09774,"10":0.05973,"10.1":0.30408,"11":0.22263,"0":null},"ios_saf":{"3.2":0.00285346673337,"4.0-4.1":0.00285346673337,"4.2-4.3":0.0684832016008,"5.0-5.1":0.0656297348674,"6.0-6.1":0.0485089344672,"7.0-7.1":0.196889204602,"8":0.054215867934,"8.1-8.4":0.319588274137,"9.0-9.2":0.231130805403,"9.3":1.38393136568,"10.0-10.2":1.77485630815,"10.3":4.20886343172,"11.0-11.2":20.162595938},"android":{"2.1":0,"2.2":0,"2.3":0,"3":0,"4":0,"4.1":0.0457466666667,"4.2-4.3":0.132841282051,"4.4":0.409960512821,"4.4.3-4.4.4":0.234891538462,"62":null},"op_mob":{"10":null,"11":null,"11.1":null,"11.5":null,"12":null,"12.1":null,"0":null},"ie":{"5.5":0,"6":0,"7":0,"8":5.02275,"9":0.00543,"10":0.01086,"11":4.09422},"edge":{"12":0.01086,"13":0.04344,"14":0.17376,"15":0.24978,"16":0.26607,"17":0},"samsung":{"4":1.67061438865,"5":0.924616768559,"6.2":2.21697884279},"ie_mob":{"10":0.0313371428571,"11":0.261142857143},"bb":{"7":0.001828,"10":0.007312},"and_uc":{"0":0.34275},"op_mini":{"0":0.12979742268},"and_chr":{"0":33.72846},"baidu":{"0":null},"and_ff":{"0":0.38845},"and_qq":{"1.2":null}},"total":97.0061974227}