{"id":"CL","name":"Chile","month":"2017-12","access_date":"2018-01-03","data":{"chrome":{"4":0,"5":0,"6":0,"7":0,"8":0,"9":0,"10":0,"11":0.005652,"12":0,"13":0,"14":0,"15":0,"16":0,"17":0,"18":0.005652,"19":0,"20":0,"21":0,"22":0.02826,"23":0,"24":0,"25":0,"26":0.022608,"27":0,"28":0,"29":0.011304,"30":0,"31":0.005652,"32":0,"33":0,"34":0.022608,"35":0.005652,"36":0.005652,"37":0.005652,"38":0.067824,"39":0.011304,"40":0.005652,"41":0.005652,"42":0,"43":0.016956,"44":0.005652,"45":0.005652,"46":0.016956,"47":0.022608,"48":0.011304,"49":0.62172,"50":0.011304,"51":0.045216,"52":0.016956,"53":0.022608,"54":0.022608,"55":0.045216,"56":0.062172,"57":0.05652,"58":0.124344,"59":0.08478,"60":0.118692,"61":0.2826,"62":9.478404,"63":12.355272,"64":0.022608,"65":0.005652,"66":0},"firefox":{"2":0,"3":0,"3.5":0,"3.6":0.005652,"4":0,"5":0,"6":0,"7":0,"8":0,"9":0,"10":0,"11":0,"12":0,"13":0,"14":0,"15":0,"16":0,"17":0,"18":0,"19":0,"20":0,"21":0,"22":0,"23":0,"24":0,"25":0,"26":0,"27":0,"28":0,"29":0,"30":0,"31":0,"32":0,"33":0.011304,"34":0.005652,"35":0,"36":0,"37":0,"38":0.005652,"39":0.005652,"40":0,"41":0,"42":0.005652,"43":0.005652,"44":0,"45":0.016956,"46":0.005652,"47":0.016956,"48":0.073476,"49":0.005652,"50":0.011304,"51":0.005652,"52":0.096084,"53":0.011304,"54":0.016956,"55":0.022608,"56":0.062172,"57":2.051676,"58":0.02826,"59":0,"60":0},"opera":{"9":0,"9.5-9.6":0,"10.0-10.1":0,"10.5":0,"10.6":0,"11":0,"11.1":0,"11.5":0,"11.6":0,"12":0,"12.1":0.005652,"15":0,"16":0,"17":0,"18":0,"19":0,"20":0,"21":0,"22":0,"23":0,"24":0,"25":0,"26":0,"27":0,"28":0,"29":0,"30":0,"31":0,"32":0,"33":0,"34":0,"35":0,"36":0.005652,"37":0,"38":0,"39":0,"40":0,"41":0,"42":0,"43":0.016956,"44":0,"45":0.005652,"46":0.005652,"47":0,"48":0.005652,"49":0.604764,"50":0.005652},"safari":{"3.1":0,"3.2":0,"4":0,"5":0.005652,"5.1":0.011304,"6":0,"6.1":0.005652,"7":0.011304,"7.1":0,"8":0.033912,"9":0.033912,"9.1":0.19782,"10":0.11304,"10.1":0.322164,"11":0.972144,"0":null},"ios_saf":{"3.2":0.00114053946973,"4.0-4.1":0.00114053946973,"4.2-4.3":0.0273729472736,"5.0-5.1":0.0262324078039,"6.0-6.1":0.0193891709855,"7.0-7.1":0.0786972234117,"8":0.021670249925,"8.1-8.4":0.12774042061,"9.0-9.2":0.0923836970485,"9.3":0.553161642821,"10.0-10.2":0.709415550175,"10.3":1.68229571786,"11.0-11.2":8.05905189315},"android":{"2.1":0,"2.2":0,"2.3":0,"3":0,"4":0,"4.1":0.0696866666667,"4.2-4.3":0.202359358974,"4.4":0.62449974359,"4.4.3-4.4.4":0.357814230769,"62":null},"op_mob":{"10":null,"11":null,"11.1":null,"11.5":null,"12":null,"12.1":null,"0":null},"ie":{"5.5":0,"6":0.00568040201005,"7":0.0113608040201,"8":0.130649246231,"9":0.102247236181,"10":0.0454432160804,"11":0.835019095477},"edge":{"12":0.016956,"13":0.02826,"14":0.107388,"15":0.231732,"16":0.16956,"17":0},"samsung":{"4":0.581769038168,"5":0.135053526718,"6.2":0.644101435115},"ie_mob":{"10":0.013044,"11":0.078264},"bb":{"7":0.0017392,"10":0.0069568},"and_uc":{"0":0.06522},"op_mini":{"0":0.28814838488},"and_chr":{"0":53.1299},"baidu":{"0":null},"and_ff":{"0":0.15218},"and_qq":{"1.2":null}},"total":97.9321083849}