{"id":"CM","name":"Cameroon","month":"2017-12","access_date":"2018-01-03","data":{"chrome":{"4":0,"5":0,"6":0,"7":0,"8":0,"9":0,"10":0,"11":0.01223,"12":0,"13":0.002446,"14":0,"15":0,"16":0.002446,"17":0,"18":0,"19":0.002446,"20":0,"21":0,"22":0,"23":0,"24":0,"25":0.002446,"26":0.002446,"27":0,"28":0.007338,"29":0.007338,"30":0,"31":0.002446,"32":0,"33":0.002446,"34":0,"35":0.004892,"36":0.009784,"37":0,"38":0,"39":0,"40":0.007338,"41":0,"42":0.007338,"43":0.039136,"44":0.002446,"45":0,"46":0.007338,"47":0.002446,"48":0.004892,"49":0.090502,"50":0.017122,"51":0.004892,"52":0.002446,"53":0.007338,"54":0.002446,"55":0.022014,"56":0.01223,"57":0.039136,"58":0.03669,"59":0.01223,"60":0.02446,"61":0.051366,"62":0.873222,"63":1.029766,"64":0.007338,"65":0.002446,"66":0},"firefox":{"2":0,"3":0.019568,"3.5":0,"3.6":0.004892,"4":0.002446,"5":0,"6":0,"7":0,"8":0,"9":0,"10":0.002446,"11":0,"12":0.002446,"13":0,"14":0.002446,"15":0.002446,"16":0.004892,"17":0.002446,"18":0,"19":0.002446,"20":0.004892,"21":0.002446,"22":0.002446,"23":0.002446,"24":0.004892,"25":0.002446,"26":0.007338,"27":0.002446,"28":0.002446,"29":0.004892,"30":0.009784,"31":0.009784,"32":0.019568,"33":0.004892,"34":0.007338,"35":0.009784,"36":0.007338,"37":0.007338,"38":0.009784,"39":0.007338,"40":0.009784,"41":0.019568,"42":0.01223,"43":0.053812,"44":0.014676,"45":0.017122,"46":0.007338,"47":0.088056,"48":0.066042,"49":0.044028,"50":0.019568,"51":0.009784,"52":0.198126,"53":0.017122,"54":0.02446,"55":0.041582,"56":0.114962,"57":1.450478,"58":0.078272,"59":0.004892,"60":0},"opera":{"9":0,"9.5-9.6":0,"10.0-10.1":0,"10.5":0,"10.6":0,"11":0,"11.1":0,"11.5":0,"11.6":0,"12":0,"12.1":0.02446,"15":0,"16":0.002446,"17":0,"18":0,"19":0.007338,"20":0.014676,"21":0.002446,"22":0.002446,"23":0.007338,"24":0,"25":0,"26":0,"27":0,"28":0.004892,"29":0.009784,"30":0.014676,"31":0.004892,"32":0.004892,"33":0,"34":0,"35":0.004892,"36":0.01223,"37":0.002446,"38":0,"39":0,"40":0,"41":0.002446,"42":0.002446,"43":0.026906,"44":0.007338,"45":0.002446,"46":0,"47":0.002446,"48":0.009784,"49":0.286182,"50":0},"safari":{"3.1":0,"3.2":0,"4":0,"5":0,"5.1":0,"6":0,"6.1":0,"7":0.002446,"7.1":0,"8":0.004892,"9":0.002446,"9.1":0.007338,"10":0.004892,"10.1":0.017122,"11":0.02446,"0":null},"ios_saf":{"3.2":0.000183177988994,"4.0-4.1":0.000183177988994,"4.2-4.3":0.00439627173587,"5.0-5.1":0.00421309374687,"6.0-6.1":0.00311402581291,"7.0-7.1":0.0126392812406,"8":0.0034803817909,"8.1-8.4":0.0205159347674,"9.0-9.2":0.0148374171086,"9.3":0.0888413246623,"10.0-10.2":0.113936709155,"10.3":0.270187533767,"11.0-11.2":1.29433567024},"android":{"2.1":0,"2.2":0,"2.3":0,"3":0,"4":0,"4.1":0.341339111111,"4.2-4.3":0.991196264957,"4.4":3.05892357265,"4.4.3-4.4.4":1.75264505128,"62":null},"op_mob":{"10":null,"11":null,"11.1":null,"11.5":null,"12":null,"12.1":null,"0":null},"ie":{"5.5":0,"6":0.004892,"7":0.002446,"8":0.046474,"9":0.004892,"10":0.009784,"11":0.124746},"edge":{"12":0.019568,"13":0.031798,"14":0.03669,"15":0.070934,"16":0.031798,"17":0},"samsung":{"4":0.599772932039,"5":0.175795514563,"6.2":0.289545553398},"ie_mob":{"10":0.244790432432,"11":0.578595567568},"bb":{"7":0.030216,"10":0.120864},"and_uc":{"0":20.62242},"op_mini":{"0":11.9289341443},"and_chr":{"0":40.492488},"baidu":{"0":null},"and_ff":{"0":0.626982},"and_qq":{"1.2":null}},"total":89.4261341443}