{"id":"CN","name":"China","month":"2017-12","access_date":"2018-01-03","data":{"chrome":{"4":0,"5":0,"6":0,"7":0,"8":0,"9":0,"10":0,"11":0.07144,"12":0,"13":0,"14":0,"15":0,"16":0,"17":0.04136,"18":0.00752,"19":0,"20":0.00376,"21":0.03384,"22":0,"23":0,"24":0.00376,"25":0.00376,"26":0.00376,"27":0.00376,"28":0.00376,"29":0.01504,"30":0.0188,"31":0.08648,"32":0.00376,"33":0.01128,"34":0.01504,"35":0.00376,"36":0.00752,"37":0.00376,"38":0.00752,"39":0.0188,"40":0.19928,"41":0.01504,"42":0.03008,"43":0.00752,"44":0.01128,"45":0.28952,"46":0.01128,"47":0.51512,"48":0.08648,"49":0.22936,"50":0.21432,"51":0.0188,"52":0.01504,"53":0.03384,"54":0.06768,"55":3.88408,"56":0.23688,"57":0.32336,"58":0.07896,"59":0.12408,"60":0.13536,"61":0.20304,"62":0.7708,"63":0.66928,"64":0.0376,"65":0.00752,"66":0},"firefox":{"2":0,"3":0.00376,"3.5":0,"3.6":0.00376,"4":0.00376,"5":0,"6":0,"7":0,"8":0.09024,"9":0,"10":0.00376,"11":0,"12":0,"13":0,"14":0,"15":0,"16":0,"17":0,"18":0,"19":0,"20":0,"21":0.00752,"22":0,"23":0,"24":0,"25":0.00376,"26":0,"27":0,"28":0,"29":0.0376,"30":0,"31":0.00376,"32":0,"33":0.00752,"34":0,"35":0,"36":0.00376,"37":0.00752,"38":0.00376,"39":0,"40":0.00376,"41":0,"42":0,"43":0.02632,"44":0,"45":0.01128,"46":0,"47":0.00752,"48":0.00752,"49":0.00752,"50":0.00376,"51":0.00376,"52":0.04512,"53":0.01128,"54":0.00752,"55":0.01128,"56":0.04512,"57":0.36472,"58":0.00752,"59":0,"60":0},"opera":{"9":0,"9.5-9.6":0,"10.0-10.1":0,"10.5":0,"10.6":0,"11":0,"11.1":0,"11.5":0,"11.6":0,"12":0,"12.1":0.00376,"15":0,"16":0,"17":0,"18":0,"19":0,"20":0,"21":0,"22":0,"23":0,"24":0,"25":0,"26":0,"27":0,"28":0.01128,"29":0,"30":0,"31":0,"32":0,"33":0,"34":0,"35":0,"36":0,"37":0,"38":0,"39":0,"40":0,"41":0,"42":0,"43":0,"44":0,"45":0,"46":0,"47":0,"48":0.00376,"49":0.04136,"50":0},"safari":{"3.1":0,"3.2":0,"4":0.00376,"5":0.00376,"5.1":0.00376,"6":0.00376,"6.1":0,"7":0.00376,"7.1":0,"8":0.00752,"9":0.00752,"9.1":0.02632,"10":0.02632,"10.1":0.05264,"11":0.19176,"0":null},"ios_saf":{"3.2":0.00109233816908,"4.0-4.1":0.00109233816908,"4.2-4.3":0.026216116058,"5.0-5.1":0.0251237778889,"6.0-6.1":0.0185697488744,"7.0-7.1":0.0753713336668,"8":0.0207544252126,"8.1-8.4":0.122341874937,"9.0-9.2":0.0884793916958,"9.3":0.529784012006,"10.0-10.2":0.679434341171,"10.3":1.6111987994,"11.0-11.2":7.71846150275},"android":{"2.1":0,"2.2":0,"2.3":0,"3":0,"4":0,"4.1":0.326462222222,"4.2-4.3":0.947996068376,"4.4":2.92560376068,"4.4.3-4.4.4":1.67625794872,"62":null},"op_mob":{"10":null,"11":null,"11.1":null,"11.5":null,"12":null,"12.1":null,"0":null},"ie":{"5.5":0,"6":0.0293525885559,"7":0.0117410354223,"8":0.587051771117,"9":0.346360544959,"10":0.181986049046,"11":0.997988010899},"edge":{"12":0.00752,"13":0.0188,"14":0.094,"15":0.10152,"16":0.1128,"17":0},"samsung":{"4":0.257111111111,"5":0.102844444444,"6.2":0.195404444444},"ie_mob":{"10":0.033696,"11":0.022464},"bb":{"7":0.003744,"10":0.014976},"and_uc":{"0":19.59984},"op_mini":{"0":0.0708915463918},"and_chr":{"0":31.59064},"baidu":{"0":null},"and_ff":{"0":0.14976},"and_qq":{"1.2":null}},"total":81.0443315464}