{"id":"CO","name":"Colombia","month":"2017-12","access_date":"2018-01-03","data":{"chrome":{"4":0,"5":0,"6":0,"7":0,"8":0,"9":0,"10":0,"11":0.006813,"12":0,"13":0,"14":0,"15":0,"16":0,"17":0,"18":0.006813,"19":0,"20":0,"21":0,"22":0.074943,"23":0,"24":0,"25":0,"26":0.034065,"27":0,"28":0,"29":0.040878,"30":0,"31":0.006813,"32":0,"33":0.006813,"34":0.027252,"35":0.006813,"36":0.006813,"37":0.006813,"38":0.081756,"39":0.006813,"40":0.006813,"41":0.006813,"42":0,"43":0.020439,"44":0.020439,"45":0.013626,"46":0.027252,"47":0.020439,"48":0.020439,"49":0.619983,"50":0.020439,"51":0.081756,"52":0.027252,"53":0.027252,"54":0.040878,"55":0.081756,"56":0.143073,"57":0.095382,"58":0.313398,"59":0.224829,"60":0.286146,"61":0.490536,"62":16.480647,"63":19.430676,"64":0.027252,"65":0.006813,"66":0},"firefox":{"2":0,"3":0.020439,"3.5":0,"3.6":0.006813,"4":0,"5":0,"6":0,"7":0,"8":0,"9":0,"10":0,"11":0,"12":0,"13":0,"14":0,"15":0,"16":0,"17":0,"18":0,"19":0,"20":0,"21":0,"22":0,"23":0,"24":0,"25":0,"26":0,"27":0,"28":0.006813,"29":0,"30":0,"31":0.006813,"32":0,"33":0,"34":0.006813,"35":0,"36":0,"37":0.006813,"38":0.006813,"39":0.006813,"40":0,"41":0,"42":0.006813,"43":0.013626,"44":0,"45":0.027252,"46":0,"47":0.034065,"48":0.06813,"49":0.006813,"50":0.034065,"51":0.013626,"52":0.081756,"53":0.020439,"54":0.040878,"55":0.034065,"56":0.081756,"57":1.955331,"58":0.034065,"59":0,"60":0},"opera":{"9":0,"9.5-9.6":0,"10.0-10.1":0,"10.5":0,"10.6":0,"11":0,"11.1":0,"11.5":0,"11.6":0,"12":0,"12.1":0.006813,"15":0,"16":0,"17":0,"18":0,"19":0,"20":0,"21":0,"22":0,"23":0,"24":0,"25":0,"26":0,"27":0,"28":0,"29":0,"30":0,"31":0,"32":0,"33":0,"34":0,"35":0,"36":0.006813,"37":0,"38":0,"39":0,"40":0,"41":0,"42":0,"43":0.006813,"44":0,"45":0,"46":0.006813,"47":0.006813,"48":0.013626,"49":0.490536,"50":0},"safari":{"3.1":0,"3.2":0,"4":0,"5":0,"5.1":0.006813,"6":0,"6.1":0.006813,"7":0.006813,"7.1":0,"8":0.047691,"9":0.040878,"9.1":0.211203,"10":0.143073,"10.1":0.395154,"11":1.103706,"0":null},"ios_saf":{"3.2":0.000528009104552,"4.0-4.1":0.000528009104552,"4.2-4.3":0.0126722185093,"5.0-5.1":0.0121442094047,"6.0-6.1":0.00897615477739,"7.0-7.1":0.0364326282141,"8":0.0100321729865,"8.1-8.4":0.0591370197099,"9.0-9.2":0.0427687374687,"9.3":0.256084415708,"10.0-10.2":0.328421663032,"10.3":0.778813429215,"11.0-11.2":3.73091233277},"android":{"2.1":0,"2.2":0,"2.3":0,"3":0,"4":0,"4.1":0.110869111111,"4.2-4.3":0.32194684188,"4.4":0.993557803419,"4.4.3-4.4.4":0.56927024359,"62":null},"op_mob":{"10":null,"11":null,"11.1":null,"11.5":null,"12":null,"12.1":null,"0":null},"ie":{"5.5":0,"6":0,"7":0,"8":0.103248556701,"9":0.034416185567,"10":0.068832371134,"11":0.461176886598},"edge":{"12":0.020439,"13":0.027252,"14":0.122634,"15":0.245268,"16":0.190764,"17":0},"samsung":{"4":0.564981116071,"5":0.0924514553571,"6.2":0.493074428571},"ie_mob":{"10":0.0443144761905,"11":0.18833652381},"bb":{"7":0.0070114,"10":0.0280456},"and_uc":{"0":1.443711},"op_mini":{"0":0.226293427835},"and_chr":{"0":41.79923},"baidu":{"0":null},"and_ff":{"0":0.06374},"and_qq":{"1.2":null}},"total":97.3672224278}