{"id":"CR","name":"Costa Rica","month":"2017-12","access_date":"2018-01-03","data":{"chrome":{"4":0,"5":0,"6":0,"7":0,"8":0,"9":0,"10":0,"11":0.011744,"12":0,"13":0,"14":0,"15":0,"16":0,"17":0,"18":0.005872,"19":0,"20":0,"21":0,"22":0.005872,"23":0,"24":0,"25":0,"26":0,"27":0,"28":0.005872,"29":0.005872,"30":0,"31":0,"32":0.005872,"33":0,"34":0.005872,"35":0,"36":0.005872,"37":0.011744,"38":0.011744,"39":0.023488,"40":0.011744,"41":0,"42":0,"43":0.011744,"44":0.005872,"45":0,"46":0.005872,"47":0.017616,"48":0.011744,"49":0.428656,"50":0.023488,"51":0.011744,"52":0.005872,"53":0.017616,"54":0.011744,"55":0.02936,"56":0.052848,"57":0.052848,"58":0.158544,"59":0.093952,"60":0.123312,"61":1.385792,"62":10.475648,"63":11.18616,"64":0.017616,"65":0.005872,"66":0},"firefox":{"2":0,"3":0,"3.5":0,"3.6":0,"4":0,"5":0,"6":0,"7":0,"8":0,"9":0,"10":0,"11":0,"12":0,"13":0,"14":0,"15":0,"16":0,"17":0,"18":0,"19":0,"20":0,"21":0,"22":0,"23":0,"24":0,"25":0,"26":0,"27":0,"28":0,"29":0,"30":0,"31":0,"32":0,"33":0,"34":0.005872,"35":0,"36":0.005872,"37":0.005872,"38":0.017616,"39":0,"40":0.005872,"41":0.005872,"42":0,"43":0.005872,"44":0,"45":0.041104,"46":0.005872,"47":0.02936,"48":0.08808,"49":0.017616,"50":0.005872,"51":0.023488,"52":0.170288,"53":0.017616,"54":0.023488,"55":0.017616,"56":0.099824,"57":2.753968,"58":0.02936,"59":0,"60":0},"opera":{"9":0,"9.5-9.6":0,"10.0-10.1":0,"10.5":0,"10.6":0,"11":0,"11.1":0,"11.5":0,"11.6":0,"12":0,"12.1":0.011744,"15":0,"16":0,"17":0.023488,"18":0,"19":0,"20":0,"21":0,"22":0.005872,"23":0,"24":0,"25":0,"26":0,"27":0.011744,"28":0,"29":0.017616,"30":0.005872,"31":0.011744,"32":0.005872,"33":0.011744,"34":0,"35":0,"36":0.011744,"37":0.005872,"38":0,"39":0.011744,"40":0.005872,"41":0,"42":0,"43":0.052848,"44":0,"45":0,"46":0,"47":0,"48":0.005872,"49":0.311216,"50":0.011744},"safari":{"3.1":0,"3.2":0,"4":0,"5":0.005872,"5.1":0.011744,"6":0,"6.1":0.02936,"7":0.005872,"7.1":0,"8":0.052848,"9":0.064592,"9.1":0.364064,"10":0.187904,"10.1":0.5872,"11":1.9084,"0":null},"ios_saf":{"3.2":0.00114615547774,"4.0-4.1":0.00114615547774,"4.2-4.3":0.0275077314657,"5.0-5.1":0.026361575988,"6.0-6.1":0.0194846431216,"7.0-7.1":0.079084727964,"8":0.021776954077,"8.1-8.4":0.128369413507,"9.0-9.2":0.0928385936968,"9.3":0.555885406703,"10.0-10.2":0.712908707154,"10.3":1.69057932966,"11.0-11.2":8.0987346057},"android":{"2.1":0,"2.2":0,"2.3":0,"3":0,"4":0,"4.1":0.181176888889,"4.2-4.3":0.526109811966,"4.4":1.62362365812,"4.4.3-4.4.4":0.930273641026,"62":null},"op_mob":{"10":null,"11":null,"11.1":null,"11.5":null,"12":null,"12.1":null,"0":null},"ie":{"5.5":0,"6":0,"7":0,"8":0.041104,"9":0.011744,"10":0.035232,"11":1.051088},"edge":{"12":0.017616,"13":0.041104,"14":0.158544,"15":0.305344,"16":0.275984,"17":0},"samsung":{"4":1.25387695575,"5":0.383416920354,"6.2":1.87563412389},"ie_mob":{"10":0.02408,"11":0.1204},"bb":{"7":0.0016512,"10":0.0066048},"and_uc":{"0":0.383904},"op_mini":{"0":1.4460057732},"and_chr":{"0":42.566816},"baidu":{"0":null},"and_ff":{"0":0.177504},"and_qq":{"1.2":null}},"total":96.2570137732}