{"id":"CU","name":"Cuba","month":"2017-12","access_date":"2018-01-03","data":{"chrome":{"4":0,"5":0,"6":0,"7":0,"8":0,"9":0,"10":0,"11":0.007831,"12":0,"13":0,"14":0,"15":0,"16":0,"17":0,"18":0,"19":0,"20":0,"21":0,"22":0.007831,"23":0,"24":0,"25":0.015662,"26":0,"27":0.015662,"28":0.007831,"29":0.039155,"30":0.015662,"31":0.039155,"32":0.007831,"33":0.031324,"34":0.023493,"35":0.015662,"36":0.023493,"37":0.015662,"38":0.093972,"39":0.015662,"40":0.023493,"41":0.007831,"42":0.039155,"43":0.023493,"44":0.046986,"45":0.015662,"46":0.086141,"47":0.031324,"48":0.023493,"49":0.336733,"50":0.148789,"51":0.031324,"52":0.062648,"53":0.062648,"54":0.086141,"55":0.054817,"56":0.109634,"57":0.140958,"58":0.274085,"59":0.31324,"60":0.31324,"61":0.227099,"62":2.521582,"63":2.733019,"64":0.007831,"65":0.007831,"66":0},"firefox":{"2":0.007831,"3":0.015662,"3.5":0.015662,"3.6":0.070479,"4":0.023493,"5":0.015662,"6":0.015662,"7":0.062648,"8":0.039155,"9":0.015662,"10":0.015662,"11":0.015662,"12":0.039155,"13":0.015662,"14":0.015662,"15":0.203606,"16":0.015662,"17":0.093972,"18":0.023493,"19":0.031324,"20":0.039155,"21":0.046986,"22":0.062648,"23":0.180113,"24":0.070479,"25":0.109634,"26":0.274085,"27":0.070479,"28":0.046986,"29":0.101803,"30":0.101803,"31":0.125296,"32":0.140958,"33":0.274085,"34":1.041523,"35":0.352395,"36":0.180113,"37":0.822255,"38":0.485522,"39":0.289747,"40":2.075215,"41":0.493353,"42":0.321071,"43":0.986706,"44":0.869241,"45":6.233476,"46":0.845748,"47":2.145694,"48":0.93972,"49":1.198143,"50":1.730651,"51":0.728283,"52":2.545075,"53":0.93972,"54":1.613186,"55":0.869241,"56":2.333638,"57":15.748141,"58":0.563832,"59":0.031324,"60":0},"opera":{"9":0,"9.5-9.6":0,"10.0-10.1":0,"10.5":0,"10.6":0,"11":0,"11.1":0,"11.5":0,"11.6":0.023493,"12":0,"12.1":0.031324,"15":0.007831,"16":0,"17":0.015662,"18":0,"19":0,"20":0,"21":0,"22":0,"23":0,"24":0.007831,"25":0,"26":0,"27":0.007831,"28":0,"29":0.015662,"30":0,"31":0.007831,"32":0.007831,"33":0.015662,"34":0.007831,"35":0,"36":0.015662,"37":0.015662,"38":0,"39":0,"40":0.007831,"41":0,"42":0.023493,"43":0.015662,"44":0.007831,"45":0.023493,"46":0.054817,"47":0.015662,"48":0.046986,"49":0.524677,"50":0.007831},"safari":{"3.1":0,"3.2":0,"4":0,"5":0,"5.1":0,"6":0,"6.1":0,"7":0,"7.1":0,"8":0,"9":0.015662,"9.1":0.023493,"10":0.046986,"10.1":0.148789,"11":0.117465,"0":null},"ios_saf":{"3.2":0.000436352276138,"4.0-4.1":0.000436352276138,"4.2-4.3":0.0104724546273,"5.0-5.1":0.0100361023512,"6.0-6.1":0.00741798869435,"7.0-7.1":0.0301083070535,"8":0.00829069324662,"8.1-8.4":0.0488714549275,"9.0-9.2":0.0353445343672,"9.3":0.211630853927,"10.0-10.2":0.271411115758,"10.3":0.643619607304,"11.0-11.2":3.08326518319},"android":{"2.1":0,"2.2":0,"2.3":0,"3":0,"4":0,"4.1":0.141653833333,"4.2-4.3":0.411340939103,"4.4":1.26943627564,"4.4.3-4.4.4":0.727337951923,"62":null},"op_mob":{"10":null,"11":null,"11.1":null,"11.5":null,"12":null,"12.1":null,"0":null},"ie":{"5.5":0,"6":0,"7":0.007831,"8":0.477691,"9":0.023493,"10":0.07831,"11":1.01803},"edge":{"12":0.070479,"13":0.125296,"14":0.117465,"15":0.125296,"16":0.054817,"17":0},"samsung":{"4":0.654036923077,"5":0.163509230769,"6.2":0.245263846154},"ie_mob":{"10":0.025064,"11":0.087724},"bb":{"7":0.004338,"10":0.017352},"and_uc":{"0":0.609489},"op_mini":{"0":0.269004448454},"and_chr":{"0":26.794882},"baidu":{"0":null},"and_ff":{"0":1.091007},"and_qq":{"1.2":null}},"total":97.1166634485}