{"id":"CZ","name":"Czech Republic","month":"2017-12","access_date":"2018-01-03","data":{"chrome":{"4":0,"5":0,"6":0,"7":0,"8":0,"9":0,"10":0,"11":0.008136,"12":0,"13":0,"14":0,"15":0,"16":0,"17":0,"18":0.016272,"19":0,"20":0,"21":0,"22":0.024408,"23":0,"24":0,"25":0,"26":0.008136,"27":0,"28":0,"29":0.073224,"30":0,"31":0.008136,"32":0,"33":0.008136,"34":0.268488,"35":0.008136,"36":0.008136,"37":0.008136,"38":0.016272,"39":0.016272,"40":0.008136,"41":0.008136,"42":0,"43":0.227808,"44":0.008136,"45":0.008136,"46":0.008136,"47":0.260352,"48":0.016272,"49":1.26108,"50":0.016272,"51":0.276624,"52":0.016272,"53":0.309168,"54":0.12204,"55":0.097632,"56":0.073224,"57":0.097632,"58":0.252216,"59":0.317304,"60":0.146448,"61":1.95264,"62":14.799384,"63":15.043464,"64":0.032544,"65":0.016272,"66":0},"firefox":{"2":0,"3":0.008136,"3.5":0,"3.6":0.008136,"4":0,"5":0,"6":0,"7":0,"8":0,"9":0,"10":0,"11":0,"12":0.008136,"13":0,"14":0,"15":0,"16":0.008136,"17":0,"18":0,"19":0,"20":0,"21":0.008136,"22":0,"23":0,"24":0.032544,"25":0,"26":0,"27":0,"28":0.008136,"29":0,"30":0.008136,"31":0.008136,"32":0.008136,"33":0,"34":0.008136,"35":0.008136,"36":0,"37":0.008136,"38":0.016272,"39":0.016272,"40":0.008136,"41":0.008136,"42":0.008136,"43":0.016272,"44":0.024408,"45":0.097632,"46":0.008136,"47":0.04068,"48":0.105768,"49":0.016272,"50":0.097632,"51":0.065088,"52":1.130904,"53":0.048816,"54":0.065088,"55":0.431208,"56":1.407528,"57":9.23436,"58":0.480024,"59":0.008136,"60":0},"opera":{"9":0,"9.5-9.6":0,"10.0-10.1":0,"10.5":0,"10.6":0,"11":0,"11.1":0,"11.5":0,"11.6":0,"12":0,"12.1":0.097632,"15":0.008136,"16":0,"17":0,"18":0,"19":0,"20":0,"21":0,"22":0,"23":0,"24":0,"25":0,"26":0,"27":0,"28":0,"29":0,"30":0,"31":0.008136,"32":0.032544,"33":0,"34":0,"35":0,"36":0.073224,"37":0.016272,"38":0.008136,"39":0.008136,"40":0,"41":0,"42":0.008136,"43":0.04068,"44":0.016272,"45":0.008136,"46":0.008136,"47":0.008136,"48":0.276624,"49":3.74256,"50":0.016272},"safari":{"3.1":0,"3.2":0,"4":0.008136,"5":0.008136,"5.1":0.008136,"6":0,"6.1":0.008136,"7":0.008136,"7.1":0,"8":0.016272,"9":0.260352,"9.1":0.12204,"10":0.065088,"10.1":0.252216,"11":1.610928,"0":null},"ios_saf":{"3.2":0.000842474837419,"4.0-4.1":0.000842474837419,"4.2-4.3":0.020219396098,"5.0-5.1":0.0193769212606,"6.0-6.1":0.0143220722361,"7.0-7.1":0.0581307637819,"8":0.016007021911,"8.1-8.4":0.0943571817909,"9.0-9.2":0.0682404618309,"9.3":0.408600296148,"10.0-10.2":0.524019348874,"10.3":1.24265038519,"11.0-11.2":5.9529272012},"android":{"2.1":0,"2.2":0,"2.3":0,"3":0,"4":0,"4.1":0.07282,"4.2-4.3":0.211458076923,"4.4":0.652579230769,"4.4.3-4.4.4":0.373902692308,"62":null},"op_mob":{"10":null,"11":null,"11.1":null,"11.5":null,"12":null,"12.1":null,"0":null},"ie":{"5.5":0,"6":0.0164469677419,"7":0.00822348387097,"8":0.197363612903,"9":0.0575643870968,"10":0.0740113548387,"11":4.23509419355},"edge":{"12":0.309168,"13":0.048816,"14":0.520704,"15":1.049544,"16":1.122768,"17":0},"samsung":{"4":0.269185913043,"5":0.0724731304348,"6.2":0.610844956522},"ie_mob":{"10":0.0219537777778,"11":0.175630222222},"bb":{"7":0.007456,"10":0.029824},"and_uc":{"0":0.199448},"op_mini":{"0":0.448237553265},"and_chr":{"0":21.326376},"baidu":{"0":null},"and_ff":{"0":0.15844},"and_qq":{"1.2":null}},"total":96.7479095533}