{"id":"DE","name":"Germany","month":"2017-12","access_date":"2018-01-03","data":{"chrome":{"4":0,"5":0,"6":0,"7":0,"8":0,"9":0,"10":0,"11":0.005966,"12":0,"13":0,"14":0,"15":0,"16":0,"17":0,"18":0.011932,"19":0,"20":0,"21":0.005966,"22":0.011932,"23":0,"24":0.005966,"25":0,"26":0.005966,"27":0,"28":0.005966,"29":0.053694,"30":0,"31":0.005966,"32":0.005966,"33":0.005966,"34":0.023864,"35":0.005966,"36":0.005966,"37":0.011932,"38":0.017898,"39":0.017898,"40":0.011932,"41":0.065626,"42":0.244606,"43":0.023864,"44":0.005966,"45":0.005966,"46":0.011932,"47":0.023864,"48":0.011932,"49":0.310232,"50":0.011932,"51":0.053694,"52":0.02983,"53":0.035796,"54":0.035796,"55":0.077558,"56":0.05966,"57":0.05966,"58":0.125286,"59":0.113354,"60":0.107388,"61":0.26847,"62":4.820528,"63":6.216572,"64":0.023864,"65":0.005966,"66":0},"firefox":{"2":0.005966,"3":0.005966,"3.5":0,"3.6":0.011932,"4":0,"5":0,"6":0,"7":0,"8":0,"9":0,"10":0.005966,"11":0,"12":0.005966,"13":0,"14":0,"15":0,"16":0.005966,"17":0,"18":0,"19":0,"20":0.005966,"21":0.005966,"22":0.011932,"23":0,"24":0.011932,"25":0,"26":0.005966,"27":0,"28":0.005966,"29":0.005966,"30":0.005966,"31":0.011932,"32":0.011932,"33":0.011932,"34":0.011932,"35":0.011932,"36":0.017898,"37":0.005966,"38":0.26847,"39":0.017898,"40":0.02983,"41":0.02983,"42":0.047728,"43":0.047728,"44":0.011932,"45":0.095456,"46":0.011932,"47":0.05966,"48":0.14915,"49":0.02983,"50":0.065626,"51":0.047728,"52":0.74575,"53":0.053694,"54":0.077558,"55":0.113354,"56":0.351994,"57":7.588752,"58":0.08949,"59":0.005966,"60":0},"opera":{"9":0,"9.5-9.6":0,"10.0-10.1":0,"10.5":0,"10.6":0,"11":0,"11.1":0,"11.5":0,"11.6":0,"12":0,"12.1":0.05966,"15":0,"16":0,"17":0,"18":0,"19":0,"20":0,"21":0,"22":0,"23":0,"24":0,"25":0,"26":0,"27":0,"28":0,"29":0,"30":0.005966,"31":0.011932,"32":0.023864,"33":0,"34":0,"35":0,"36":0.02983,"37":0.005966,"38":0,"39":0,"40":0.005966,"41":0,"42":0.005966,"43":0.02983,"44":0.005966,"45":0.005966,"46":0.011932,"47":0.005966,"48":0.023864,"49":1.127574,"50":0.005966},"safari":{"3.1":0,"3.2":0,"4":0.005966,"5":0.011932,"5.1":0.035796,"6":0,"6.1":0.017898,"7":0.011932,"7.1":0,"8":0.035796,"9":0.041762,"9.1":0.190912,"10":0.131252,"10.1":0.375858,"11":1.67048,"0":null},"ios_saf":{"3.2":0.00225303331666,"4.0-4.1":0.00225303331666,"4.2-4.3":0.0540727995998,"5.0-5.1":0.0518197662831,"6.0-6.1":0.0383015663832,"7.0-7.1":0.155459298849,"8":0.0428076330165,"8.1-8.4":0.252339731466,"9.0-9.2":0.182495698649,"9.3":1.09272115858,"10.0-10.2":1.40138672296,"10.3":3.32322414207,"11.0-11.2":15.9199334155},"android":{"2.1":0,"2.2":0,"2.3":0,"3":0,"4":0,"4.1":0.0934277777778,"4.2-4.3":0.271299893162,"4.4":0.837256623932,"4.4.3-4.4.4":0.479715705128,"62":null},"op_mob":{"10":null,"11":null,"11.1":null,"11.5":null,"12":null,"12.1":null,"0":null},"ie":{"5.5":0,"6":0.00598664359862,"7":0.00598664359862,"8":0.077826366782,"9":0.0658530795848,"10":0.0838130103806,"11":3.22081425606},"edge":{"12":0.035796,"13":0.041762,"14":0.340062,"15":0.98439,"16":1.091778,"17":0},"samsung":{"4":0.918360426357,"5":0.453778093023,"6.2":4.20284948062},"ie_mob":{"10":0.0345771428571,"11":0.207462857143},"bb":{"7":0.0048408,"10":0.0193632},"and_uc":{"0":0.334822},"op_mini":{"0":0.290253924399},"and_chr":{"0":30.993314},"baidu":{"0":null},"and_ff":{"0":0.592998},"and_qq":{"1.2":null}},"total":95.1976399244}