{"id":"DJ","name":"Djibouti","month":"2017-12","access_date":"2018-01-03","data":{"chrome":{"4":0,"5":0,"6":0,"7":0,"8":0,"9":0,"10":0,"11":0.004742,"12":0.004742,"13":0,"14":0,"15":0,"16":0,"17":0,"18":0.004742,"19":0,"20":0,"21":0,"22":0,"23":0,"24":0,"25":0.009484,"26":0,"27":0.004742,"28":0.004742,"29":0.004742,"30":0.018968,"31":0.014226,"32":0.004742,"33":0.004742,"34":0,"35":0.004742,"36":0,"37":0.004742,"38":0.004742,"39":0.009484,"40":0.004742,"41":0.004742,"42":0.009484,"43":0.14226,"44":0,"45":0.004742,"46":0.014226,"47":0.004742,"48":0.009484,"49":0.360392,"50":0.066388,"51":0.02371,"52":0.009484,"53":0.009484,"54":0.004742,"55":0.128034,"56":0.02371,"57":0.35565,"58":0.033194,"59":0.018968,"60":0.09484,"61":0.161228,"62":5.676174,"63":8.526116,"64":0.052162,"65":0.033194,"66":0},"firefox":{"2":0,"3":0.004742,"3.5":0,"3.6":0.004742,"4":0.004742,"5":0,"6":0,"7":0,"8":0,"9":0,"10":0,"11":0.009484,"12":0,"13":0,"14":0,"15":0,"16":0.004742,"17":0,"18":0,"19":0,"20":0,"21":0.004742,"22":0,"23":0.004742,"24":0,"25":0.004742,"26":0,"27":0,"28":0,"29":0.004742,"30":0.009484,"31":0,"32":0,"33":0.004742,"34":0,"35":0.056904,"36":0,"37":0,"38":0.004742,"39":0.004742,"40":0.004742,"41":0.004742,"42":0.004742,"43":0.037936,"44":0.009484,"45":0.009484,"46":0.004742,"47":0.028452,"48":0.052162,"49":0.02371,"50":0.004742,"51":0.009484,"52":0.180196,"53":0,"54":0.014226,"55":0.004742,"56":0.090098,"57":1.764024,"58":0.104324,"59":0,"60":0},"opera":{"9":0,"9.5-9.6":0,"10.0-10.1":0,"10.5":0,"10.6":0,"11":0,"11.1":0,"11.5":0,"11.6":0,"12":0,"12.1":0.009484,"15":0,"16":0,"17":0,"18":0,"19":0,"20":0,"21":0,"22":0.009484,"23":0,"24":0,"25":0,"26":0,"27":0,"28":0.009484,"29":0,"30":0.004742,"31":0.004742,"32":0.004742,"33":0,"34":0,"35":0,"36":0,"37":0.014226,"38":0,"39":0,"40":0,"41":0,"42":0,"43":0.018968,"44":0.014226,"45":0,"46":0,"47":0,"48":0.033194,"49":0.369876,"50":0},"safari":{"3.1":0,"3.2":0.004742,"4":0,"5":0,"5.1":0.009484,"6":0.004742,"6.1":0.028452,"7":0,"7.1":0,"8":0.009484,"9":0,"9.1":0.033194,"10":0.175454,"10.1":0.080614,"11":0.649654,"0":null},"ios_saf":{"3.2":0.000644285542771,"4.0-4.1":0.000644285542771,"4.2-4.3":0.0154628530265,"5.0-5.1":0.0148185674837,"6.0-6.1":0.0109528542271,"7.0-7.1":0.0444557024512,"8":0.0122414253127,"8.1-8.4":0.0721599807904,"9.0-9.2":0.0521871289645,"9.3":0.312478488244,"10.0-10.2":0.400745607604,"10.3":0.950321175588,"11.0-11.2":4.55252164522},"android":{"2.1":0,"2.2":0,"2.3":0,"3":0,"4":0,"4.1":0.300776888889,"4.2-4.3":0.873409811966,"4.4":2.69542365812,"4.4.3-4.4.4":1.54437364103,"62":null},"op_mob":{"10":null,"11":null,"11.1":null,"11.5":null,"12":null,"12.1":null,"0":null},"ie":{"5.5":0,"6":0,"7":0,"8":0.052162,"9":0.028452,"10":0.033194,"11":0.915206},"edge":{"12":0.042678,"13":0.028452,"14":0.104324,"15":0.327198,"16":0.45049,"17":0},"samsung":{"4":1.68912931719,"5":0.576775864407,"6.2":1.9878168184},"ie_mob":{"10":0.0538319047619,"11":0.172262095238},"bb":{"7":0.0010516,"10":0.0042064},"and_uc":{"0":8.949116},"op_mini":{"0":3.44970875258},"and_chr":{"0":40.856058},"baidu":{"0":null},"and_ff":{"0":0.089386},"and_qq":{"1.2":null}},"total":91.5103867526}