{"id":"DK","name":"Denmark","month":"2017-12","access_date":"2018-01-03","data":{"chrome":{"4":0,"5":0,"6":0,"7":0,"8":0,"9":0,"10":0,"11":0,"12":0,"13":0,"14":0,"15":0,"16":0,"17":0,"18":0,"19":0,"20":0,"21":0,"22":0.007945,"23":0,"24":0,"25":0,"26":0,"27":0,"28":0,"29":0.007945,"30":0,"31":0,"32":0,"33":0.007945,"34":0.293965,"35":0,"36":0,"37":0,"38":0.023835,"39":0.01589,"40":0,"41":0,"42":0,"43":0.262185,"44":0.007945,"45":0,"46":0.007945,"47":0.28602,"48":0.007945,"49":0.76272,"50":0.007945,"51":0.3178,"52":0.01589,"53":0.30191,"54":0.74683,"55":0.57204,"56":0.055615,"57":0.06356,"58":0.087395,"59":0.325745,"60":0.12712,"61":2.28816,"62":14.245385,"63":12.338585,"64":0.023835,"65":0.007945,"66":0},"firefox":{"2":0,"3":0,"3.5":0,"3.6":0,"4":0,"5":0,"6":0,"7":0,"8":0,"9":0,"10":0,"11":0,"12":0,"13":0,"14":0,"15":0,"16":0,"17":0,"18":0,"19":0,"20":0,"21":0,"22":0,"23":0.007945,"24":0,"25":0,"26":0,"27":0,"28":0,"29":0,"30":0,"31":0,"32":0,"33":0,"34":0,"35":0,"36":0.007945,"37":0,"38":0,"39":0,"40":0,"41":0.007945,"42":0,"43":0.007945,"44":0,"45":0.01589,"46":0.071505,"47":0.007945,"48":1.469825,"49":0.023835,"50":0.103285,"51":0.023835,"52":0.71505,"53":0.01589,"54":0.01589,"55":0.44492,"56":1.453935,"57":4.997405,"58":0.50848,"59":0,"60":0},"opera":{"9":0,"9.5-9.6":0,"10.0-10.1":0,"10.5":0,"10.6":0,"11":0,"11.1":0,"11.5":0,"11.6":0,"12":0,"12.1":0,"15":0,"16":0,"17":0,"18":0,"19":0,"20":0,"21":0,"22":0,"23":0,"24":0,"25":0,"26":0,"27":0,"28":0,"29":0,"30":0,"31":0,"32":0,"33":0,"34":0,"35":0,"36":0,"37":0,"38":0,"39":0,"40":0,"41":0,"42":0,"43":0.01589,"44":0.007945,"45":0,"46":0,"47":0,"48":0.25424,"49":2.153095,"50":0},"safari":{"3.1":0,"3.2":0,"4":0,"5":0,"5.1":0.01589,"6":0,"6.1":0.01589,"7":0.007945,"7.1":0.023835,"8":0.039725,"9":0.325745,"9.1":0.34958,"10":0.246295,"10.1":0.850115,"11":3.424295,"0":null},"ios_saf":{"3.2":0.00216697298649,"4.0-4.1":0.00216697298649,"4.2-4.3":0.0520073516758,"5.0-5.1":0.0498403786893,"6.0-6.1":0.0368385407704,"7.0-7.1":0.149521136068,"8":0.0411724867434,"8.1-8.4":0.242700974487,"9.0-9.2":0.175524811906,"9.3":1.05098189845,"10.0-10.2":1.3478571976,"10.3":3.19628515508,"11.0-11.2":15.3118311226},"android":{"2.1":0,"2.2":0,"2.3":0,"3":0,"4":0,"4.1":0.0299325,"4.2-4.3":0.086919375,"4.4":0.26824125,"4.4.3-4.4.4":0.153691875,"62":null},"op_mob":{"10":null,"11":null,"11.1":null,"11.5":null,"12":null,"12.1":null,"0":null},"ie":{"5.5":0,"6":0,"7":0.00798771505376,"8":0.0718894354839,"9":0.0399385752688,"10":0.80675922043,"11":3.53057005376},"edge":{"12":0.325745,"13":0.039725,"14":0.49259,"15":1.104355,"16":1.19175,"17":0},"samsung":{"4":0.190696019417,"5":0.10594223301,"6.2":0.794566747573},"ie_mob":{"10":0.0353086363636,"11":0.0941563636364},"bb":{"7":0.000411,"10":0.001644},"and_uc":{"0":0.413055},"op_mini":{"0":0.140078969072},"and_chr":{"0":14.936435},"baidu":{"0":null},"and_ff":{"0":0.14385},"and_qq":{"1.2":null}},"total":97.5131339691}