{"id":"DM","name":"Dominica","month":"2017-12","access_date":"2018-01-03","data":{"chrome":{"4":0,"5":0,"6":0,"7":0,"8":0,"9":0,"10":0,"11":0,"12":0,"13":0,"14":0,"15":0,"16":0,"17":0,"18":0,"19":0,"20":0,"21":0,"22":0.005695,"23":0,"24":0,"25":0,"26":0,"27":0,"28":0,"29":0,"30":0,"31":0,"32":0,"33":0.01139,"34":0,"35":0,"36":0.017085,"37":0.005695,"38":0,"39":0.005695,"40":0,"41":0,"42":0,"43":0,"44":0,"45":0,"46":0.005695,"47":0,"48":0,"49":0.461295,"50":0.01139,"51":0.005695,"52":0.01139,"53":0.02278,"54":0,"55":0.01139,"56":0.05695,"57":0.187935,"58":0.074035,"59":0.108205,"60":0.25058,"61":0.062645,"62":9.265765,"63":9.835265,"64":0.02278,"65":0.051255,"66":0},"firefox":{"2":0,"3":0,"3.5":0,"3.6":0.005695,"4":0,"5":0,"6":0,"7":0,"8":0,"9":0,"10":0,"11":0.04556,"12":0,"13":0,"14":0,"15":0,"16":0,"17":0,"18":0,"19":0,"20":0,"21":0,"22":0,"23":0,"24":0,"25":0,"26":0,"27":0,"28":0,"29":0,"30":0,"31":0,"32":0,"33":0,"34":0,"35":0.005695,"36":0,"37":0,"38":0,"39":0,"40":0,"41":0,"42":0.028475,"43":0,"44":0,"45":0.005695,"46":0,"47":0,"48":0.01139,"49":0.005695,"50":0.017085,"51":0.01139,"52":0.005695,"53":0,"54":0.039865,"55":0.01139,"56":0.074035,"57":1.71989,"58":0.01139,"59":0,"60":0},"opera":{"9":0,"9.5-9.6":0,"10.0-10.1":0,"10.5":0,"10.6":0,"11":0,"11.1":0,"11.5":0,"11.6":0,"12":0,"12.1":0.005695,"15":0,"16":0,"17":0,"18":0,"19":0,"20":0,"21":0,"22":0,"23":0,"24":0,"25":0,"26":0,"27":0,"28":0,"29":0,"30":0,"31":0,"32":0,"33":0.01139,"34":0,"35":0,"36":0,"37":0,"38":0,"39":0.005695,"40":0,"41":0,"42":0,"43":0.176545,"44":0.017085,"45":0,"46":0,"47":0,"48":0.005695,"49":0.29614,"50":0},"safari":{"3.1":0,"3.2":0,"4":0,"5":0.005695,"5.1":0,"6":0,"6.1":0,"7":0.01139,"7.1":0,"8":0,"9":0.005695,"9.1":0.130985,"10":0.02278,"10.1":0.130985,"11":1.418055,"0":null},"ios_saf":{"3.2":0.00264893446723,"4.0-4.1":0.00264893446723,"4.2-4.3":0.0635744272136,"5.0-5.1":0.0609254927464,"6.0-6.1":0.045031885943,"7.0-7.1":0.182776478239,"8":0.0503297548774,"8.1-8.4":0.29668066033,"9.0-9.2":0.214563691846,"9.3":1.28473321661,"10.0-10.2":1.64763723862,"10.3":3.90717833917,"11.0-11.2":18.7173709455},"android":{"2.1":0,"2.2":0,"2.3":0,"3":0,"4":0,"4.1":0.161150833333,"4.2-4.3":0.467957227564,"4.4":1.44415939103,"4.4.3-4.4.4":0.827447548077,"62":null},"op_mob":{"10":null,"11":null,"11.1":null,"11.5":null,"12":null,"12.1":null,"0":null},"ie":{"5.5":0,"6":0,"7":0,"8":0.017085,"9":0.02278,"10":0.028475,"11":1.69711},"edge":{"12":0.36448,"13":0.130985,"14":0.39865,"15":1.019405,"16":1.247205,"17":0},"samsung":{"4":0.432504618321,"5":0.0632933587786,"6.2":0.886107022901},"ie_mob":{"10":0.0107625,"11":0.2260125},"bb":{"7":0.021525,"10":0.0861},"and_uc":{"0":0.92127},"op_mini":{"0":0.432023762887},"and_chr":{"0":36.020275},"baidu":{"0":null},"and_ff":{"0":0.06027},"and_qq":{"1.2":null}},"total":98.1965187629}