{"id":"EE","name":"Estonia","month":"2017-12","access_date":"2018-01-03","data":{"chrome":{"4":0,"5":0,"6":0,"7":0,"8":0,"9":0,"10":0,"11":0.007587,"12":0.007587,"13":0,"14":0,"15":0,"16":0,"17":0.007587,"18":0.015174,"19":0,"20":0,"21":0,"22":0.007587,"23":0,"24":0.007587,"25":0.007587,"26":0.007587,"27":0,"28":0.007587,"29":0,"30":0,"31":0.007587,"32":0,"33":0,"34":0.022761,"35":0,"36":0.015174,"37":0.007587,"38":0.015174,"39":0.007587,"40":0.007587,"41":0.007587,"42":0.007587,"43":0.045522,"44":0.037935,"45":0.007587,"46":0.015174,"47":0.022761,"48":0.015174,"49":0.546264,"50":0.007587,"51":0.030348,"52":0.015174,"53":0.022761,"54":0.022761,"55":0.07587,"56":0.083457,"57":0.091044,"58":0.887679,"59":0.136566,"60":0.197262,"61":0.591786,"62":14.369778,"63":18.239148,"64":0.068283,"65":0.037935,"66":0},"firefox":{"2":0,"3":0.007587,"3.5":0,"3.6":0.030348,"4":0,"5":0,"6":0.007587,"7":0,"8":0.022761,"9":0,"10":0.007587,"11":0,"12":0,"13":0,"14":0,"15":0,"16":0.007587,"17":0.015174,"18":0,"19":0,"20":0.007587,"21":0.007587,"22":0,"23":0,"24":0,"25":0,"26":0,"27":0,"28":0.007587,"29":0.015174,"30":0,"31":0.007587,"32":0,"33":0,"34":0.007587,"35":0.007587,"36":0,"37":0,"38":0.045522,"39":0,"40":0.007587,"41":0.007587,"42":0.007587,"43":0.030348,"44":0.007587,"45":0.037935,"46":0.007587,"47":0.053109,"48":0.470394,"49":0.015174,"50":0.053109,"51":0.022761,"52":0.60696,"53":0.083457,"54":0.068283,"55":0.083457,"56":0.280719,"57":6.190992,"58":0.068283,"59":0.015174,"60":0},"opera":{"9":0,"9.5-9.6":0,"10.0-10.1":0,"10.5":0,"10.6":0,"11":0,"11.1":0,"11.5":0,"11.6":0,"12":0.007587,"12.1":0.060696,"15":0,"16":0,"17":0,"18":0,"19":0.007587,"20":0,"21":0,"22":0,"23":0,"24":0.022761,"25":0,"26":0,"27":0,"28":0,"29":0,"30":0.007587,"31":0.007587,"32":0.015174,"33":0,"34":0,"35":0,"36":0.060696,"37":0,"38":0,"39":0,"40":0,"41":0,"42":0,"43":0.022761,"44":0.015174,"45":0.007587,"46":0,"47":0.015174,"48":0.037935,"49":1.494639,"50":0.007587},"safari":{"3.1":0,"3.2":0,"4":0.007587,"5":0,"5.1":0.022761,"6":0,"6.1":0.007587,"7":0.007587,"7.1":0,"8":0.022761,"9":0.045522,"9.1":0.189675,"10":0.128979,"10.1":0.553851,"11":2.625102,"0":null},"ios_saf":{"3.2":0.00137298249125,"4.0-4.1":0.00137298249125,"4.2-4.3":0.0329515797899,"5.0-5.1":0.0315785972986,"6.0-6.1":0.0233407023512,"7.0-7.1":0.0947357918959,"8":0.0260866673337,"8.1-8.4":0.15377403902,"9.0-9.2":0.111211581791,"9.3":0.665896508254,"10.0-10.2":0.853995109555,"10.3":2.02514917459,"11.0-11.2":9.70149428314},"android":{"2.1":0,"2.2":0,"2.3":0,"3":0,"4":0,"4.1":0.0443452222222,"4.2-4.3":0.128771702991,"4.4":0.39740141453,"4.4.3-4.4.4":0.227695660256,"62":null},"op_mob":{"10":null,"11":null,"11.1":null,"11.5":null,"12":null,"12.1":null,"0":null},"ie":{"5.5":0,"6":0.01520034375,"7":0.007600171875,"8":0.182404125,"9":0.098802234375,"10":0.053201203125,"11":4.00529057812},"edge":{"12":0.015174,"13":0.022761,"14":0.242784,"15":0.978723,"16":0.660069,"17":0},"samsung":{"4":0.390736241206,"5":0.27762838191,"6.2":1.37785937688},"ie_mob":{"10":0.0114069090909,"11":0.114069090909},"bb":{"7":0.0004826,"10":0.0019304},"and_uc":{"0":0.033782},"op_mini":{"0":0.221593833333},"and_chr":{"0":23.960844},"baidu":{"0":null},"and_ff":{"0":0.200279},"and_qq":{"1.2":null}},"total":96.8610354896}