{"id":"EG","name":"Egypt","month":"2017-12","access_date":"2018-01-03","data":{"chrome":{"4":0,"5":0,"6":0,"7":0,"8":0,"9":0,"10":0.005795,"11":0.017385,"12":0.005795,"13":0,"14":0,"15":0,"16":0.017385,"17":0.028975,"18":0.005795,"19":0.01159,"20":0.005795,"21":0.005795,"22":0.02318,"23":0.02318,"24":0.040565,"25":0.017385,"26":0.05795,"27":0.028975,"28":0.028975,"29":0.121695,"30":0.040565,"31":0.063745,"32":0.028975,"33":0.179645,"34":0.040565,"35":0.04636,"36":0.040565,"37":0.017385,"38":0.03477,"39":0.028975,"40":0.05795,"41":0.017385,"42":0.01159,"43":1.906555,"44":0.03477,"45":0.028975,"46":0.075335,"47":0.05795,"48":0.052155,"49":1.11264,"50":0.017385,"51":0.06954,"52":0.02318,"53":0.028975,"54":0.063745,"55":0.20862,"56":0.249185,"57":0.260775,"58":0.249185,"59":0.20862,"60":0.35929,"61":0.38247,"62":6.704815,"63":10.45418,"64":0.04636,"65":0.02318,"66":0},"firefox":{"2":0.01159,"3":0.005795,"3.5":0.005795,"3.6":0.01159,"4":0.005795,"5":0,"6":0.005795,"7":0,"8":0.005795,"9":0,"10":0.005795,"11":0.005795,"12":0.01159,"13":0.01159,"14":0.005795,"15":0.01159,"16":0.005795,"17":0.005795,"18":0.01159,"19":0.005795,"20":0.005795,"21":0.01159,"22":0.005795,"23":0.01159,"24":0.005795,"25":0.017385,"26":0.01159,"27":0.005795,"28":0.01159,"29":0.01159,"30":0.028975,"31":0.005795,"32":0.017385,"33":0.01159,"34":0.01159,"35":0.017385,"36":0.01159,"37":0.01159,"38":0.017385,"39":0.01159,"40":0.028975,"41":0.017385,"42":0.017385,"43":0.08113,"44":0.017385,"45":0.028975,"46":0.01159,"47":0.168055,"48":0.133285,"49":0.03477,"50":0.03477,"51":0.04636,"52":0.875045,"53":0.03477,"54":0.040565,"55":0.052155,"56":0.17385,"57":3.90583,"58":0.19703,"59":0,"60":0},"opera":{"9":0,"9.5-9.6":0,"10.0-10.1":0.005795,"10.5":0,"10.6":0,"11":0,"11.1":0,"11.5":0,"11.6":0,"12":0.005795,"12.1":0.01159,"15":0,"16":0,"17":0,"18":0.005795,"19":0.005795,"20":0,"21":0,"22":0.005795,"23":0,"24":0,"25":0,"26":0,"27":0,"28":0,"29":0,"30":0.01159,"31":0.005795,"32":0.005795,"33":0,"34":0,"35":0,"36":0.052155,"37":0.05795,"38":0,"39":0,"40":0,"41":0,"42":0.005795,"43":0.05795,"44":0.005795,"45":0.005795,"46":0.005795,"47":0.005795,"48":0.017385,"49":0.990945,"50":0.005795},"safari":{"3.1":0,"3.2":0,"4":0,"5":0.01159,"5.1":0.005795,"6":0,"6.1":0,"7":0.005795,"7.1":0,"8":0.028975,"9":0.017385,"9.1":0.08113,"10":0.052155,"10.1":0.31293,"11":0.272365,"0":null},"ios_saf":{"3.2":0.000576586793397,"4.0-4.1":0.000576586793397,"4.2-4.3":0.0138380830415,"5.0-5.1":0.0132614962481,"6.0-6.1":0.00980197548774,"7.0-7.1":0.0397844887444,"8":0.0109551490745,"8.1-8.4":0.0645777208604,"9.0-9.2":0.0467035302651,"9.3":0.279644594797,"10.0-10.2":0.358636985493,"10.3":0.85046552026,"11.0-11.2":4.07416228214},"android":{"2.1":0,"2.2":0,"2.3":0,"3":0,"4":0,"4.1":0.374204444444,"4.2-4.3":1.08663213675,"4.4":3.35344752137,"4.4.3-4.4.4":1.92139589744,"62":null},"op_mob":{"10":null,"11":null,"11.1":null,"11.5":null,"12":null,"12.1":null,"0":null},"ie":{"5.5":0,"6":0.00596544117647,"7":0,"8":0.196859558824,"9":0.0536889705882,"10":0.0656198529412,"11":0.489166176471},"edge":{"12":0.028975,"13":0.03477,"14":0.08113,"15":0.168055,"16":0.110105,"17":0},"samsung":{"4":1.13811644737,"5":0.227623289474,"6.2":0.993265263158},"ie_mob":{"10":0.0318694736842,"11":0.169970526316},"bb":{"7":0.003364,"10":0.013456},"and_uc":{"0":1.53903},"op_mini":{"0":1.01117967354},"and_chr":{"0":44.887215},"baidu":{"0":null},"and_ff":{"0":0.43732},"and_qq":{"1.2":null}},"total":96.1969896735}