{"id":"ER","name":"Eritrea","month":"2017-12","access_date":"2018-01-03","data":{"chrome":{"4":0,"5":0,"6":0,"7":0,"8":0,"9":0,"10":0,"11":0.004471,"12":0,"13":0,"14":0,"15":0,"16":0,"17":0,"18":0,"19":0,"20":0,"21":0,"22":0,"23":0,"24":0.076007,"25":0,"26":0.071536,"27":0,"28":0,"29":0,"30":0,"31":0,"32":0,"33":0,"34":0,"35":0,"36":0,"37":0,"38":0,"39":0,"40":0.071536,"41":0,"42":0,"43":0,"44":0,"45":0,"46":0,"47":0,"48":0,"49":3.384547,"50":0.04471,"51":0.017884,"52":0,"53":0,"54":0,"55":0.116246,"56":0.008942,"57":0.053652,"58":0,"59":0.071536,"60":0.040239,"61":0.008942,"62":0.576759,"63":0.272731,"64":0,"65":0,"66":0},"firefox":{"2":0.004471,"3":0.004471,"3.5":0,"3.6":0.067065,"4":0.791367,"5":0.035768,"6":0.013413,"7":0.022355,"8":0,"9":0.022355,"10":0,"11":0.026826,"12":0.076007,"13":0.022355,"14":0.040239,"15":0.348738,"16":0.004471,"17":0.013413,"18":0.026826,"19":0.147543,"20":0,"21":0.232492,"22":0,"23":0.026826,"24":0.008942,"25":0.062594,"26":0,"27":0,"28":0.035768,"29":0.013413,"30":0.04471,"31":0.335325,"32":0.116246,"33":0.205666,"34":0.076007,"35":0.277202,"36":0.053652,"37":0.026826,"38":0.125188,"39":0.031297,"40":0.366622,"41":1.07304,"42":0.228021,"43":0.992562,"44":0.071536,"45":0.071536,"46":0.241434,"47":1.87782,"48":0.111775,"49":0.281673,"50":0.420274,"51":0.22355,"52":0.518636,"53":1.462017,"54":0.469455,"55":0.317441,"56":0.375564,"57":1.882291,"58":0.138601,"59":0,"60":0},"opera":{"9":0,"9.5-9.6":0,"10.0-10.1":0,"10.5":0,"10.6":0,"11":0,"11.1":0,"11.5":0,"11.6":0.022355,"12":0,"12.1":0.035768,"15":0,"16":0,"17":0,"18":0,"19":0,"20":0,"21":0,"22":0,"23":0,"24":0,"25":0.076007,"26":0,"27":0,"28":0,"29":0,"30":0.004471,"31":0,"32":0,"33":0,"34":0,"35":0,"36":0.004471,"37":0,"38":0,"39":0,"40":0,"41":0,"42":0.049181,"43":0,"44":0,"45":0,"46":0.004471,"47":0.004471,"48":0,"49":0.017884,"50":0},"safari":{"3.1":0,"3.2":0,"4":0,"5":0,"5.1":0,"6":0,"6.1":0,"7":0,"7.1":0,"8":0,"9":0,"9.1":0,"10":0.004471,"10.1":0.022355,"11":0,"0":null},"ios_saf":{"3.2":3.45462731366e-5,"4.0-4.1":3.45462731366e-5,"4.2-4.3":0.000829110555278,"5.0-5.1":0.000794564282141,"6.0-6.1":0.000587286643322,"7.0-7.1":0.00238369284642,"8":0.000656379189595,"8.1-8.4":0.0038691825913,"9.0-9.2":0.00279824812406,"9.3":0.0167549424712,"10.0-10.2":0.0214877818909,"10.3":0.0509557528764,"11.0-11.2":0.244103965983},"android":{"2.1":0,"2.2":0,"2.3":0,"3":0,"4":0,"4.1":0.286778388889,"4.2-4.3":0.832760321581,"4.4":2.56997556197,"4.4.3-4.4.4":1.47249672756,"62":null},"op_mob":{"10":null,"11":null,"11.1":null,"11.5":null,"12":null,"12.1":null,"0":null},"ie":{"5.5":0,"6":0.004471,"7":0,"8":0.040239,"9":0.004471,"10":0.013413,"11":0.174369},"edge":{"12":0,"13":0.017884,"14":0,"15":0,"16":0,"17":0},"samsung":{"4":0.699593468354,"5":0.041152556962,"6.2":0.0720169746835},"ie_mob":{"10":0,"11":0.022116},"bb":{"7":0,"10":0},"and_uc":{"0":16.227615},"op_mini":{"0":1.0469},"and_chr":{"0":47.873829},"baidu":{"0":null},"and_ff":{"0":0.265392},"and_qq":{"1.2":null}},"total":91.540091}