{"id":"ES","name":"Spain","month":"2017-12","access_date":"2018-01-03","data":{"chrome":{"4":0,"5":0,"6":0,"7":0,"8":0,"9":0,"10":0,"11":0.015477,"12":0,"13":0,"14":0,"15":0,"16":0,"17":0,"18":0.025795,"19":0,"20":0,"21":0,"22":0.005159,"23":0,"24":0,"25":0,"26":0.005159,"27":0,"28":0,"29":0.030954,"30":0,"31":0.005159,"32":0,"33":0.005159,"34":0.010318,"35":0.005159,"36":0.005159,"37":0.005159,"38":0.020636,"39":0.015477,"40":0.010318,"41":0.005159,"42":0.005159,"43":0.010318,"44":0.010318,"45":0.010318,"46":0.020636,"47":0.010318,"48":0.015477,"49":0.748055,"50":0.015477,"51":0.030954,"52":0.015477,"53":0.010318,"54":0.020636,"55":0.046431,"56":0.067067,"57":0.041272,"58":0.092862,"59":0.067067,"60":0.092862,"61":0.216678,"62":6.392001,"63":8.378216,"64":0.015477,"65":0.005159,"66":0},"firefox":{"2":0,"3":0,"3.5":0,"3.6":0.005159,"4":0,"5":0,"6":0,"7":0,"8":0,"9":0,"10":0,"11":0,"12":0,"13":0,"14":0,"15":0,"16":0.005159,"17":0,"18":0,"19":0,"20":0.010318,"21":0,"22":0,"23":0,"24":0.005159,"25":0,"26":0,"27":0,"28":0,"29":0.005159,"30":0,"31":0.005159,"32":0.005159,"33":0.005159,"34":0.005159,"35":0.005159,"36":0,"37":0.005159,"38":0.015477,"39":0.010318,"40":0.005159,"41":0.005159,"42":0.010318,"43":0.015477,"44":0.005159,"45":0.030954,"46":0.005159,"47":0.025795,"48":0.087703,"49":0.020636,"50":0.020636,"51":0.025795,"52":0.278586,"53":0.025795,"54":0.030954,"55":0.061908,"56":0.098021,"57":2.827132,"58":0.030954,"59":0,"60":0},"opera":{"9":0,"9.5-9.6":0,"10.0-10.1":0,"10.5":0,"10.6":0,"11":0,"11.1":0,"11.5":0,"11.6":0,"12":0,"12.1":0.005159,"15":0,"16":0,"17":0,"18":0,"19":0,"20":0,"21":0,"22":0,"23":0,"24":0,"25":0,"26":0,"27":0,"28":0,"29":0,"30":0,"31":0,"32":0.005159,"33":0,"34":0,"35":0,"36":0.020636,"37":0,"38":0,"39":0,"40":0,"41":0,"42":0,"43":0.010318,"44":0,"45":0,"46":0.005159,"47":0,"48":0.005159,"49":0.340494,"50":0.005159},"safari":{"3.1":0,"3.2":0,"4":0,"5":0.005159,"5.1":0.020636,"6":0,"6.1":0.010318,"7":0.005159,"7.1":0,"8":0.030954,"9":0.025795,"9.1":0.149611,"10":0.087703,"10.1":0.273427,"11":0.959574,"0":null},"ios_saf":{"3.2":0.00154207203602,"4.0-4.1":0.00154207203602,"4.2-4.3":0.0370097288644,"5.0-5.1":0.0354676568284,"6.0-6.1":0.0262152246123,"7.0-7.1":0.106402970485,"8":0.0292993686843,"8.1-8.4":0.172712068034,"9.0-9.2":0.124907834917,"9.3":0.747904937469,"10.0-10.2":0.959168806403,"10.3":2.27455625313,"11.0-11.2":10.8962810065},"android":{"2.1":0,"2.2":0,"2.3":0,"3":0,"4":0,"4.1":0.0703082222222,"4.2-4.3":0.204164260684,"4.4":0.630069837607,"4.4.3-4.4.4":0.361005679487,"62":null},"op_mob":{"10":null,"11":null,"11.1":null,"11.5":null,"12":null,"12.1":null,"0":null},"ie":{"5.5":0,"6":0,"7":0.00521076254181,"8":0.104215250836,"9":0.0468968628763,"10":0.0364753377926,"11":1.36521978595},"edge":{"12":0.010318,"13":0.020636,"14":0.159929,"15":0.474628,"16":0.46431,"17":0},"samsung":{"4":0.563035194444,"5":0.201842805556,"6.2":1.529756},"ie_mob":{"10":0.0221302857143,"11":0.132781714286},"bb":{"7":0.0019364,"10":0.0077456},"and_uc":{"0":0.091979},"op_mini":{"0":0.105412359107},"and_chr":{"0":53.80308},"baidu":{"0":null},"and_ff":{"0":0.232368},"and_qq":{"1.2":null}},"total":98.2318463591}