{"id":"FI","name":"Finland","month":"2017-12","access_date":"2018-01-03","data":{"chrome":{"4":0,"5":0,"6":0,"7":0,"8":0,"9":0,"10":0,"11":0.018417,"12":0,"13":0,"14":0,"15":0,"16":0,"17":0,"18":0.006139,"19":0,"20":0,"21":0,"22":0.012278,"23":0,"24":0,"25":0.006139,"26":0,"27":0,"28":0,"29":0.018417,"30":0,"31":0.006139,"32":0,"33":0,"34":0.006139,"35":0,"36":0,"37":0,"38":0.030695,"39":0.006139,"40":0.012278,"41":0.006139,"42":0.006139,"43":0.012278,"44":0,"45":0.006139,"46":0.006139,"47":0.006139,"48":0.012278,"49":0.270116,"50":0.012278,"51":0.036834,"52":0.098224,"53":0.024556,"54":0.049112,"55":0.085946,"56":0.055251,"57":0.055251,"58":0.110502,"59":0.110502,"60":0.147336,"61":0.288533,"62":7.814947,"63":10.086377,"64":0.030695,"65":0.006139,"66":0},"firefox":{"2":0,"3":0,"3.5":0,"3.6":0.006139,"4":0,"5":0,"6":0,"7":0,"8":0,"9":0,"10":0,"11":0,"12":0,"13":0,"14":0.006139,"15":0,"16":0,"17":0,"18":0,"19":0.006139,"20":0,"21":0,"22":0,"23":0,"24":0.006139,"25":0,"26":0,"27":0,"28":0.006139,"29":0,"30":0.006139,"31":0.006139,"32":0,"33":0,"34":0.006139,"35":0,"36":0.006139,"37":0,"38":0.018417,"39":0.006139,"40":0.006139,"41":0.006139,"42":0.006139,"43":0.012278,"44":0.006139,"45":0.067529,"46":0.006139,"47":0.018417,"48":0.079807,"49":0.012278,"50":0.024556,"51":0.018417,"52":0.669151,"53":0.042973,"54":0.055251,"55":0.073668,"56":0.313089,"57":6.194251,"58":0.079807,"59":0.006139,"60":0},"opera":{"9":0,"9.5-9.6":0,"10.0-10.1":0,"10.5":0,"10.6":0,"11":0,"11.1":0,"11.5":0,"11.6":0,"12":0,"12.1":0.024556,"15":0,"16":0,"17":0,"18":0,"19":0,"20":0,"21":0,"22":0,"23":0,"24":0,"25":0,"26":0,"27":0,"28":0,"29":0,"30":0.006139,"31":0.006139,"32":0.006139,"33":0,"34":0,"35":0,"36":0.012278,"37":0.006139,"38":0.006139,"39":0,"40":0,"41":0,"42":0,"43":0.042973,"44":0.006139,"45":0.006139,"46":0,"47":0.006139,"48":0.012278,"49":0.669151,"50":0.006139},"safari":{"3.1":0,"3.2":0,"4":0,"5":0.018417,"5.1":0.024556,"6":0,"6.1":0.012278,"7":0,"7.1":0,"8":0.036834,"9":0.030695,"9.1":0.202587,"10":0.128919,"10.1":0.405174,"11":1.669808,"0":null},"ios_saf":{"3.2":0.00206611365683,"4.0-4.1":0.00206611365683,"4.2-4.3":0.0495867277639,"5.0-5.1":0.0475206141071,"6.0-6.1":0.0351239321661,"7.0-7.1":0.142561842321,"8":0.0392561594797,"8.1-8.4":0.231404729565,"9.0-9.2":0.167355206203,"9.3":1.00206512356,"10.0-10.2":1.28512269455,"10.3":3.04751764382,"11.0-11.2":14.5991590991},"android":{"2.1":0,"2.2":0,"2.3":0,"3":0,"4":0,"4.1":0.0452466666667,"4.2-4.3":0.131389358974,"4.4":0.40547974359,"4.4.3-4.4.4":0.232324230769,"62":null},"op_mob":{"10":null,"11":null,"11.1":null,"11.5":null,"12":null,"12.1":null,"0":null},"ie":{"5.5":0,"6":0.0061673556582,"7":0,"8":0.061673556582,"9":0.0370041339492,"10":0.0555062009238,"11":2.51011375289},"edge":{"12":0.006139,"13":0.049112,"14":0.251699,"15":0.804209,"16":0.761236,"17":0},"samsung":{"4":0.809514776358,"5":0.636818290735,"6.2":1.93204193291},"ie_mob":{"10":0.0698777704918,"11":0.640546229508},"bb":{"7":0.0007722,"10":0.0030888},"and_uc":{"0":0.100386},"op_mini":{"0":0.244908139175},"and_chr":{"0":35.111801},"baidu":{"0":null},"and_ff":{"0":0.486486},"and_qq":{"1.2":null}},"total":96.6288451392}