{"id":"GA","name":"Gabon","month":"2017-12","access_date":"2018-01-03","data":{"chrome":{"4":0,"5":0,"6":0,"7":0,"8":0,"9":0,"10":0,"11":0.002491,"12":0,"13":0.002491,"14":0,"15":0,"16":0.004982,"17":0,"18":0,"19":0,"20":0,"21":0,"22":0.002491,"23":0.002491,"24":0,"25":0.004982,"26":0.009964,"27":0,"28":0,"29":0,"30":0,"31":0.009964,"32":0.002491,"33":0.007473,"34":0.004982,"35":0.002491,"36":0,"37":0.002491,"38":0.002491,"39":0.002491,"40":0.007473,"41":0,"42":0,"43":0.014946,"44":0.002491,"45":0.004982,"46":0.007473,"47":0,"48":0,"49":0.146969,"50":0.009964,"51":0.002491,"52":0.002491,"53":0.004982,"54":0,"55":0.059784,"56":0.007473,"57":0.044838,"58":0.079712,"59":0.014946,"60":0.029892,"61":0.042347,"62":1.101022,"63":1.357595,"64":0.002491,"65":0,"66":0},"firefox":{"2":0,"3":0.012455,"3.5":0,"3.6":0,"4":0,"5":0,"6":0,"7":0,"8":0,"9":0,"10":0,"11":0,"12":0,"13":0.002491,"14":0,"15":0,"16":0,"17":0.004982,"18":0,"19":0,"20":0,"21":0.002491,"22":0,"23":0,"24":0,"25":0.002491,"26":0.002491,"27":0,"28":0.002491,"29":0.002491,"30":0.009964,"31":0.004982,"32":0,"33":0.002491,"34":0.002491,"35":0.004982,"36":0,"37":0.002491,"38":0,"39":0.002491,"40":0.002491,"41":0.007473,"42":0.004982,"43":0.037365,"44":0.002491,"45":0.007473,"46":0.002491,"47":0.04982,"48":0.141987,"49":0.004982,"50":0.007473,"51":0.002491,"52":0.077221,"53":0.002491,"54":0.009964,"55":0.017437,"56":0.062275,"57":1.14586,"58":0.047329,"59":0.017437,"60":0},"opera":{"9":0,"9.5-9.6":0,"10.0-10.1":0,"10.5":0,"10.6":0,"11":0,"11.1":0,"11.5":0,"11.6":0,"12":0,"12.1":0.084694,"15":0,"16":0,"17":0,"18":0.017437,"19":0.022419,"20":0.012455,"21":0.012455,"22":0.032383,"23":0.012455,"24":0,"25":0,"26":0,"27":0,"28":0.009964,"29":0.007473,"30":0.009964,"31":0.004982,"32":0.047329,"33":0,"34":0,"35":0,"36":0.002491,"37":0.002491,"38":0,"39":0,"40":0,"41":0,"42":0,"43":0.039856,"44":0.007473,"45":0,"46":0.002491,"47":0.002491,"48":0.007473,"49":0.219208,"50":0},"safari":{"3.1":0,"3.2":0,"4":0,"5":0,"5.1":0.002491,"6":0,"6.1":0,"7":0,"7.1":0.002491,"8":0.009964,"9":0.004982,"9.1":0.02491,"10":0.012455,"10.1":0.034874,"11":0.256573,"0":null},"ios_saf":{"3.2":0.000255141970985,"4.0-4.1":0.000255141970985,"4.2-4.3":0.00612340730365,"5.0-5.1":0.00586826533267,"6.0-6.1":0.00433741350675,"7.0-7.1":0.017604795998,"8":0.00484769744872,"8.1-8.4":0.0285759007504,"9.0-9.2":0.0206664996498,"9.3":0.123743855928,"10.0-10.2":0.158698305953,"10.3":0.376334407204,"11.0-11.2":1.80283316698},"android":{"2.1":0,"2.2":0,"2.3":0,"3":0,"4":0,"4.1":0.396411888889,"4.2-4.3":1.15111913889,"4.4":3.55246038889,"4.4.3-4.4.4":2.03542258333,"62":null},"op_mob":{"10":null,"11":null,"11.1":null,"11.5":null,"12":null,"12.1":null,"0":null},"ie":{"5.5":0.00251076984127,"6":0,"7":0,"8":0.0401723174603,"9":0.00753230952381,"10":0.0150646190476,"11":0.251076984127},"edge":{"12":0.014946,"13":0.082203,"14":0.054802,"15":0.057293,"16":0.02491,"17":0},"samsung":{"4":2.69004661682,"5":0.508927738318,"6.2":1.24635364486},"ie_mob":{"10":0.471019090909,"11":2.11958590909},"bb":{"7":0.2613132,"10":1.0452528},"and_uc":{"0":3.281433},"op_mini":{"0":18.2346775515},"and_chr":{"0":44.445746},"baidu":{"0":null},"and_ff":{"0":0.097617},"and_qq":{"1.2":null}},"total":90.2677015515}