{"id":"GD","name":"Grenada","month":"2017-12","access_date":"2018-01-03","data":{"chrome":{"4":0,"5":0,"6":0,"7":0,"8":0,"9":0,"10":0,"11":0.005926,"12":0,"13":0,"14":0,"15":0,"16":0,"17":0,"18":0.005926,"19":0,"20":0,"21":0.017778,"22":0.02963,"23":0,"24":0,"25":0,"26":0,"27":0,"28":0.005926,"29":0,"30":0,"31":0.017778,"32":0.005926,"33":0.005926,"34":0.023704,"35":0.065186,"36":0.005926,"37":0.005926,"38":0.011852,"39":0.053334,"40":0.011852,"41":0.005926,"42":0.011852,"43":0.005926,"44":0.011852,"45":0.005926,"46":0,"47":0,"48":0,"49":0.65186,"50":0.005926,"51":0.023704,"52":0.011852,"53":0.005926,"54":0.017778,"55":0.14815,"56":0.035556,"57":0.136298,"58":0.628156,"59":0.598526,"60":0.53334,"61":0.65186,"62":7.099348,"63":8.806036,"64":0.02963,"65":0.017778,"66":0},"firefox":{"2":0,"3":0,"3.5":0,"3.6":0.005926,"4":0,"5":0,"6":0,"7":0,"8":0,"9":0,"10":0,"11":0,"12":0,"13":0,"14":0,"15":0,"16":0,"17":0,"18":0,"19":0,"20":0,"21":0.082964,"22":0,"23":0,"24":0,"25":0,"26":0,"27":0,"28":0,"29":0,"30":0,"31":0,"32":0,"33":0,"34":0,"35":0.005926,"36":0,"37":0,"38":0,"39":0,"40":0,"41":0.011852,"42":0,"43":0.005926,"44":0,"45":0.005926,"46":0.005926,"47":0.011852,"48":0.035556,"49":0.011852,"50":0.189632,"51":0.023704,"52":0.05926,"53":0,"54":0.011852,"55":0.011852,"56":0.023704,"57":1.98521,"58":0.017778,"59":0,"60":0},"opera":{"9":0,"9.5-9.6":0,"10.0-10.1":0,"10.5":0,"10.6":0,"11":0,"11.1":0,"11.5":0,"11.6":0,"12":0.011852,"12.1":0.005926,"15":0,"16":0,"17":0.011852,"18":0,"19":0,"20":0,"21":0,"22":0,"23":0,"24":0,"25":0,"26":0,"27":0.154076,"28":0,"29":0.053334,"30":0,"31":0.005926,"32":0,"33":0,"34":0,"35":0,"36":0,"37":0.005926,"38":0,"39":0,"40":0,"41":0,"42":0,"43":0.035556,"44":0.005926,"45":0.005926,"46":0.017778,"47":0,"48":0.005926,"49":0.420746,"50":0.023704},"safari":{"3.1":0,"3.2":0,"4":0,"5":0,"5.1":0.02963,"6":0,"6.1":0.005926,"7":0.005926,"7.1":0,"8":0.011852,"9":0.331856,"9.1":0.74075,"10":0.420746,"10.1":0.930382,"11":1.108162,"0":null},"ios_saf":{"3.2":0.00112329824912,"4.0-4.1":0.00112329824912,"4.2-4.3":0.026959157979,"5.0-5.1":0.0258358597299,"6.0-6.1":0.0190960702351,"7.0-7.1":0.0775075791896,"8":0.0213426667334,"8.1-8.4":0.125809403902,"9.0-9.2":0.0909871581791,"9.3":0.544799650825,"10.0-10.2":0.698691510955,"10.3":1.65686491746,"11.0-11.2":7.93722542831},"android":{"2.1":0,"2.2":0,"2.3":0,"3":0,"4":0,"4.1":0.245658555556,"4.2-4.3":0.713354651709,"4.4":2.20147859402,"4.4.3-4.4.4":1.26136219872,"62":null},"op_mob":{"10":null,"11":null,"11.1":null,"11.5":null,"12":null,"12.1":null,"0":null},"ie":{"5.5":0,"6":0,"7":0,"8":0.02963,"9":0.017778,"10":0.047408,"11":1.979284},"edge":{"12":0.017778,"13":0.08889,"14":0.195558,"15":1.582242,"16":0.85927,"17":0},"samsung":{"4":0.729996473684,"5":0.0995449736842,"6.2":1.69226455263},"ie_mob":{"10":0.04736025,"11":0.33152175},"bb":{"7":0.0138516,"10":0.0554064},"and_uc":{"0":0.277032},"op_mini":{"0":0.790685},"and_chr":{"0":46.303032},"baidu":{"0":null},"and_ff":{"0":0.18333},"and_qq":{"1.2":null}},"total":97.563267}