{"id":"GE","name":"Georgia","month":"2017-12","access_date":"2018-01-03","data":{"chrome":{"4":0,"5":0,"6":0,"7":0,"8":0,"9":0.007961,"10":0,"11":0.007961,"12":0,"13":0.047766,"14":0,"15":0,"16":0,"17":0.015922,"18":0.007961,"19":0,"20":0.007961,"21":0,"22":0.023883,"23":0.015922,"24":0.015922,"25":0.007961,"26":0.007961,"27":0.007961,"28":0.007961,"29":0.127376,"30":0.007961,"31":0.015922,"32":0.007961,"33":0.015922,"34":0.007961,"35":0.007961,"36":0.015922,"37":0.007961,"38":0.007961,"39":0.015922,"40":0.007961,"41":0.015922,"42":0.007961,"43":0.031844,"44":0.007961,"45":0.007961,"46":0.015922,"47":0.047766,"48":0.007961,"49":1.011047,"50":0.015922,"51":0.031844,"52":0.031844,"53":0.023883,"54":0.031844,"55":0.071649,"56":0.095532,"57":0.206986,"58":0.199025,"59":0.119415,"60":0.191064,"61":0.429894,"62":12.554497,"63":18.94718,"64":0.087571,"65":0.047766,"66":0},"firefox":{"2":0,"3":0,"3.5":0,"3.6":0.015922,"4":0.007961,"5":0,"6":0,"7":0,"8":0,"9":0,"10":0,"11":0,"12":0,"13":0,"14":0,"15":0,"16":0.007961,"17":0.007961,"18":0,"19":0.007961,"20":0.007961,"21":0.007961,"22":0,"23":0.023883,"24":0.007961,"25":0.007961,"26":0,"27":0,"28":0.007961,"29":0.007961,"30":0,"31":0.007961,"32":0,"33":0,"34":0,"35":0,"36":0,"37":0.007961,"38":0,"39":0,"40":0,"41":0,"42":0,"43":0.015922,"44":0,"45":0.039805,"46":0,"47":0.015922,"48":0.023883,"49":0.007961,"50":0.007961,"51":0.007961,"52":0.143298,"53":0.031844,"54":0.015922,"55":0.023883,"56":0.07961,"57":1.233955,"58":0.039805,"59":0,"60":0},"opera":{"9":0,"9.5-9.6":0,"10.0-10.1":0,"10.5":0,"10.6":0,"11":0,"11.1":0,"11.5":0,"11.6":0,"12":0.007961,"12.1":0.087571,"15":0.007961,"16":0.007961,"17":0,"18":0.007961,"19":0.007961,"20":0.031844,"21":0,"22":0.007961,"23":0,"24":0,"25":0,"26":0,"27":0.007961,"28":0.015922,"29":0,"30":0.007961,"31":0.015922,"32":0.007961,"33":0.015922,"34":0.007961,"35":0.015922,"36":0.199025,"37":0.015922,"38":0.007961,"39":0.007961,"40":0.007961,"41":0.007961,"42":0.031844,"43":0.055727,"44":0.015922,"45":0.039805,"46":0.055727,"47":0.023883,"48":0.127376,"49":4.330784,"50":0.023883},"safari":{"3.1":0,"3.2":0,"4":0,"5":0.007961,"5.1":0.007961,"6":0,"6.1":0,"7":0.007961,"7.1":0,"8":0.007961,"9":0.007961,"9.1":0.039805,"10":0.039805,"10.1":0.063688,"11":0.302518,"0":null},"ios_saf":{"3.2":0.000755525762881,"4.0-4.1":0.000755525762881,"4.2-4.3":0.0181326183092,"5.0-5.1":0.0173770925463,"6.0-6.1":0.012843937969,"7.0-7.1":0.0521312776388,"8":0.0143549894947,"8.1-8.4":0.0846188854427,"9.0-9.2":0.0611975867934,"9.3":0.366429994997,"10.0-10.2":0.469937024512,"10.3":1.11440050025,"11.0-11.2":5.33854504052},"android":{"2.1":0,"2.2":0,"2.3":0,"3":0,"4":0,"4.1":0.0758273333333,"4.2-4.3":0.220190910256,"4.4":0.679529564103,"4.4.3-4.4.4":0.389344192308,"62":null},"op_mob":{"10":null,"11":null,"11.1":null,"11.5":null,"12":null,"12.1":null,"0":null},"ie":{"5.5":0,"6":0.0159452324903,"7":0.0159452324903,"8":0.207288022374,"9":0.0717535462062,"10":0.127561859922,"11":15.9532051065},"edge":{"12":0.031844,"13":0.827944,"14":1.735498,"15":0.206986,"16":0.183103,"17":0},"samsung":{"4":0.503861508621,"5":0.10282887931,"6.2":0.586124612069},"ie_mob":{"10":0.036702,"11":0.12234},"bb":{"7":0.0057092,"10":0.0228368},"and_uc":{"0":0.232446},"op_mini":{"0":0.766366207904},"and_chr":{"0":23.86553},"baidu":{"0":null},"and_ff":{"0":0.048936},"and_qq":{"1.2":null}},"total":96.7804272079}