{"id":"GF","name":"French Guiana","month":"2017-12","access_date":"2018-01-03","data":{"chrome":{"4":0,"5":0,"6":0,"7":0,"8":0,"9":0,"10":0,"11":0,"12":0.005631,"13":0,"14":0,"15":0,"16":0,"17":0,"18":0,"19":0,"20":0,"21":0,"22":0,"23":0,"24":0,"25":0,"26":0.011262,"27":0,"28":0,"29":0,"30":0,"31":0,"32":0,"33":0.005631,"34":0.005631,"35":0,"36":0.011262,"37":0.005631,"38":0,"39":0.005631,"40":0.005631,"41":0,"42":0,"43":0.011262,"44":0,"45":0.05631,"46":0,"47":0.022524,"48":0,"49":0.253395,"50":0.022524,"51":0.005631,"52":0.005631,"53":0,"54":0.011262,"55":0.061941,"56":0.185823,"57":0.129513,"58":0.045048,"59":0.028155,"60":0.236502,"61":0.382908,"62":6.481281,"63":8.412714,"64":0.033786,"65":0,"66":0},"firefox":{"2":0,"3":0,"3.5":0,"3.6":0.005631,"4":0,"5":0,"6":0,"7":0,"8":0,"9":0,"10":0,"11":0,"12":0,"13":0,"14":0,"15":0,"16":0,"17":0,"18":0,"19":0,"20":0,"21":0,"22":0,"23":0,"24":0,"25":0,"26":0,"27":0,"28":0,"29":0,"30":0,"31":0,"32":0.005631,"33":0,"34":0,"35":0,"36":0,"37":0,"38":0.011262,"39":0.005631,"40":0.005631,"41":0.011262,"42":0,"43":0.016893,"44":0.005631,"45":0.022524,"46":0,"47":0.050679,"48":0.045048,"49":0.005631,"50":0.011262,"51":0.028155,"52":0.11262,"53":0.022524,"54":0.016893,"55":0.033786,"56":0.118251,"57":4.814505,"58":0.050679,"59":0,"60":0},"opera":{"9":0,"9.5-9.6":0,"10.0-10.1":0,"10.5":0,"10.6":0,"11":0,"11.1":0,"11.5":0,"11.6":0,"12":0,"12.1":0,"15":0,"16":0,"17":0,"18":0,"19":0,"20":0,"21":0,"22":0,"23":0,"24":0,"25":0,"26":0,"27":0,"28":0,"29":0,"30":0.005631,"31":0.005631,"32":0,"33":0,"34":0,"35":0,"36":0.005631,"37":0,"38":0,"39":0,"40":0,"41":0,"42":0,"43":0.011262,"44":0,"45":0,"46":0,"47":0,"48":0.011262,"49":0.326598,"50":0},"safari":{"3.1":0,"3.2":0,"4":0,"5":0.005631,"5.1":0.011262,"6":0,"6.1":0.033786,"7":0,"7.1":0,"8":0.005631,"9":0,"9.1":0.512421,"10":0.123882,"10.1":0.523683,"11":1.734348,"0":null},"ios_saf":{"3.2":0.0014427913957,"4.0-4.1":0.0014427913957,"4.2-4.3":0.0346269934967,"5.0-5.1":0.0331842021011,"6.0-6.1":0.0245274537269,"7.0-7.1":0.0995526063032,"8":0.0274130365183,"8.1-8.4":0.161592636318,"9.0-9.2":0.116866103052,"9.3":0.699753826913,"10.0-10.2":0.897416248124,"10.3":2.12811730865,"11.0-11.2":10.194764002},"android":{"2.1":0,"2.2":0,"2.3":0,"3":0,"4":0,"4.1":0.0701402222222,"4.2-4.3":0.20367641453,"4.4":0.628564299145,"4.4.3-4.4.4":0.360143064103,"62":null},"op_mob":{"10":null,"11":null,"11.1":null,"11.5":null,"12":null,"12.1":null,"0":null},"ie":{"5.5":0,"6":0,"7":0,"8":0.0375240255319,"9":0.018762012766,"10":0.0125080085106,"11":1.40089695319},"edge":{"12":0.101358,"13":0.073203,"14":0.540576,"15":0.906591,"16":0.84465,"17":0},"samsung":{"4":0.651466444444,"5":0.202915777778,"6.2":2.99033777778},"ie_mob":{"10":0,"11":0.04369},"bb":{"7":0.0017476,"10":0.0069904},"and_uc":{"0":0.117963},"op_mini":{"0":0.401219833333},"and_chr":{"0":47.260582},"baidu":{"0":null},"and_ff":{"0":0.275247},"and_qq":{"1.2":null}},"total":96.7307608333}