{"id":"GG","name":"Guernsey","month":"2017-12","access_date":"2018-01-03","data":{"chrome":{"4":0,"5":0,"6":0,"7":0,"8":0,"9":0,"10":0,"11":0,"12":0,"13":0,"14":0,"15":0,"16":0,"17":0,"18":0,"19":0,"20":0,"21":0,"22":0.052192,"23":0,"24":0,"25":0,"26":0,"27":0,"28":0,"29":0,"30":0,"31":0,"32":0,"33":0,"34":0,"35":0,"36":0,"37":0,"38":0.019572,"39":0,"40":0,"41":0,"42":0,"43":0.006524,"44":0.013048,"45":0,"46":0.006524,"47":0.006524,"48":0.013048,"49":0.737212,"50":0,"51":0.182672,"52":0,"53":0,"54":0,"55":0.013048,"56":0.013048,"57":0.026096,"58":0.03262,"59":0.052192,"60":0.137004,"61":0.150052,"62":6.935012,"63":8.520344,"64":0.03262,"65":0.006524,"66":0},"firefox":{"2":0,"3":0,"3.5":0,"3.6":0,"4":0,"5":0,"6":0,"7":0,"8":0,"9":0,"10":0,"11":0,"12":0,"13":0,"14":0,"15":0,"16":0,"17":0,"18":0,"19":0,"20":0,"21":0.006524,"22":0,"23":0,"24":0,"25":0,"26":0,"27":0.026096,"28":0,"29":0,"30":0.026096,"31":0,"32":0.019572,"33":0,"34":0.006524,"35":0,"36":0,"37":0,"38":0,"39":0,"40":0,"41":0,"42":0,"43":0,"44":0.006524,"45":0.208768,"46":0.019572,"47":0.013048,"48":0.234864,"49":0.006524,"50":0.026096,"51":0,"52":0.123956,"53":0.045668,"54":0.006524,"55":0.013048,"56":0.045668,"57":2.302972,"58":0.1631,"59":0,"60":0},"opera":{"9":0,"9.5-9.6":0,"10.0-10.1":0,"10.5":0,"10.6":0,"11":0,"11.1":0,"11.5":0,"11.6":0,"12":0,"12.1":0,"15":0,"16":0,"17":0,"18":0,"19":0,"20":0,"21":0,"22":0,"23":0,"24":0,"25":0,"26":0,"27":0,"28":0,"29":0.006524,"30":0,"31":0,"32":0,"33":0,"34":0,"35":0,"36":0,"37":0,"38":0,"39":0,"40":0,"41":0,"42":0,"43":0,"44":0,"45":0,"46":0,"47":0,"48":0,"49":0.169624,"50":0},"safari":{"3.1":0,"3.2":0,"4":0,"5":0.026096,"5.1":0.03262,"6":0,"6.1":0.137004,"7":0,"7.1":0,"8":0.06524,"9":0.052192,"9.1":0.345772,"10":0.19572,"10.1":0.789404,"11":3.836112,"0":null},"ios_saf":{"3.2":0.00449979469735,"4.0-4.1":0.00449979469735,"4.2-4.3":0.107995072736,"5.0-5.1":0.103495278039,"6.0-6.1":0.0764965098549,"7.0-7.1":0.310485834117,"8":0.0854960992496,"8.1-8.4":0.503977006103,"9.0-9.2":0.364483370485,"9.3":2.18240042821,"10.0-10.2":2.79887230175,"10.3":6.63719717859,"11.0-11.2":31.7955493315},"android":{"2.1":0,"2.2":0,"2.3":0,"3":0,"4":0,"4.1":0.0704928888889,"4.2-4.3":0.204700504274,"4.4":0.631724735043,"4.4.3-4.4.4":0.361953871795,"62":null},"op_mob":{"10":null,"11":null,"11.1":null,"11.5":null,"12":null,"12.1":null,"0":null},"ie":{"5.5":0,"6":0,"7":0,"8":0.019572,"9":0.045668,"10":0.026096,"11":4.814712},"edge":{"12":0.03262,"13":0.045668,"14":0.339248,"15":1.102556,"16":1.082984,"17":0},"samsung":{"4":0.52944694,"5":0.20661344,"6.2":1.84660762},"ie_mob":{"10":0.013588,"11":0.13588},"bb":{"7":0.0048664,"10":0.0194656},"and_uc":{"0":0.010428},"op_mini":{"0":0.00658170446735},"and_chr":{"0":15.210936},"baidu":{"0":null},"and_ff":{"0":0.493592},"and_qq":{"1.2":null}},"total":98.1447777045}