{"id":"GP","name":"Guadeloupe","month":"2017-12","access_date":"2018-01-03","data":{"chrome":{"4":0,"5":0,"6":0,"7":0,"8":0,"9":0,"10":0,"11":0.005653,"12":0,"13":0,"14":0,"15":0,"16":0,"17":0,"18":0,"19":0,"20":0,"21":0.005653,"22":0.079142,"23":0,"24":0,"25":0,"26":0,"27":0,"28":0,"29":0,"30":0,"31":0,"32":0.005653,"33":0,"34":0.011306,"35":0.005653,"36":0,"37":0,"38":0,"39":0,"40":0.005653,"41":0,"42":0,"43":0,"44":0,"45":0,"46":0.022612,"47":0.005653,"48":0.005653,"49":0.418322,"50":0.011306,"51":0.016959,"52":0.045224,"53":0.005653,"54":0.022612,"55":0.016959,"56":0.005653,"57":0.039571,"58":0.163937,"59":0.022612,"60":0.050877,"61":0.186549,"62":6.630969,"63":8.914781,"64":0.011306,"65":0.005653,"66":0},"firefox":{"2":0,"3":0,"3.5":0,"3.6":0,"4":0,"5":0,"6":0,"7":0,"8":0,"9":0,"10":0,"11":0,"12":0,"13":0,"14":0,"15":0,"16":0,"17":0,"18":0,"19":0,"20":0,"21":0,"22":0,"23":0,"24":0,"25":0.011306,"26":0,"27":0,"28":0,"29":0,"30":0.005653,"31":0,"32":0.005653,"33":0.005653,"34":0,"35":0.005653,"36":0.005653,"37":0,"38":0.022612,"39":0.022612,"40":0,"41":0,"42":0,"43":0.011306,"44":0,"45":0.016959,"46":0.005653,"47":0.016959,"48":0.310915,"49":0.022612,"50":0.016959,"51":0.005653,"52":0.146978,"53":0.028265,"54":0.011306,"55":0.033918,"56":0.073489,"57":3.697062,"58":0.011306,"59":0,"60":0},"opera":{"9":0,"9.5-9.6":0,"10.0-10.1":0,"10.5":0,"10.6":0,"11":0,"11.1":0,"11.5":0,"11.6":0,"12":0,"12.1":0,"15":0,"16":0,"17":0,"18":0,"19":0,"20":0,"21":0,"22":0,"23":0,"24":0,"25":0,"26":0,"27":0,"28":0,"29":0,"30":0,"31":0,"32":0,"33":0,"34":0,"35":0,"36":0.005653,"37":0,"38":0,"39":0,"40":0,"41":0,"42":0,"43":0,"44":0,"45":0,"46":0.067836,"47":0,"48":0.005653,"49":0.429628,"50":0.005653},"safari":{"3.1":0,"3.2":0,"4":0,"5":0,"5.1":0.050877,"6":0,"6.1":0.011306,"7":0.079142,"7.1":0,"8":0.067836,"9":0.045224,"9.1":0.276997,"10":0.231773,"10.1":0.604871,"11":2.447749,"0":null},"ios_saf":{"3.2":0.00177185282641,"4.0-4.1":0.00177185282641,"4.2-4.3":0.0425244678339,"5.0-5.1":0.0407526150075,"6.0-6.1":0.030121498049,"7.0-7.1":0.122257845023,"8":0.0336652037019,"8.1-8.4":0.198447516558,"9.0-9.2":0.143520078939,"9.3":0.85934862081,"10.0-10.2":1.10209245803,"10.3":2.61348291896,"11.0-11.2":12.5199120714},"android":{"2.1":0,"2.2":0,"2.3":0,"3":0,"4":0,"4.1":0.0838650555556,"4.2-4.3":0.243531219017,"4.4":0.75155992094,"4.4.3-4.4.4":0.430614804487,"62":null},"op_mob":{"10":null,"11":null,"11.1":null,"11.5":null,"12":null,"12.1":null,"0":null},"ie":{"5.5":0,"6":0,"7":0.005653,"8":0.022612,"9":0.033918,"10":0.062183,"11":1.384985},"edge":{"12":0.045224,"13":0.067836,"14":0.367445,"15":1.192783,"16":0.729237,"17":0},"samsung":{"4":0.967727607053,"5":0.602141622166,"6.2":2.69888477078},"ie_mob":{"10":0.011178,"11":0.067068},"bb":{"7":0.0008694,"10":0.0034776},"and_uc":{"0":0.047817},"op_mini":{"0":0.267504819588},"and_chr":{"0":43.470916},"baidu":{"0":null},"and_ff":{"0":0.182574},"and_qq":{"1.2":null}},"total":96.9971818196}