{"id":"GR","name":"Greece","month":"2017-12","access_date":"2018-01-03","data":{"chrome":{"4":0,"5":0,"6":0,"7":0,"8":0,"9":0,"10":0,"11":0.044334,"12":0,"13":0,"14":0,"15":0,"16":0.088668,"17":0,"18":0,"19":0,"20":0,"21":0,"22":0.118224,"23":0.007389,"24":0,"25":0,"26":0.036945,"27":0,"28":0,"29":0.029556,"30":0.022167,"31":0.007389,"32":0,"33":0.007389,"34":0.133002,"35":0.014778,"36":0.007389,"37":0.007389,"38":0.07389,"39":0.022167,"40":0.014778,"41":0,"42":0.036945,"43":0.051723,"44":0.036945,"45":0.014778,"46":0.051723,"47":0.059112,"48":0.059112,"49":2.903877,"50":0.07389,"51":0.022167,"52":0.014778,"53":0.051723,"54":0.051723,"55":0.066501,"56":0.07389,"57":0.051723,"58":0.118224,"59":0.066501,"60":0.07389,"61":0.22167,"62":12.494799,"63":16.972533,"64":0.036945,"65":0.007389,"66":0},"firefox":{"2":0,"3":0,"3.5":0,"3.6":0.036945,"4":0.088668,"5":0.088668,"6":0.088668,"7":0,"8":0,"9":0,"10":0.007389,"11":0,"12":0.022167,"13":0,"14":0,"15":0,"16":0.007389,"17":0,"18":0.036945,"19":0,"20":0,"21":0,"22":0,"23":0,"24":0,"25":0,"26":0,"27":0,"28":0,"29":0,"30":0,"31":0,"32":0,"33":0.007389,"34":0.007389,"35":0.007389,"36":0.007389,"37":0.007389,"38":0.007389,"39":0.007389,"40":0.007389,"41":0.007389,"42":0.007389,"43":0.029556,"44":0.007389,"45":0.022167,"46":0.007389,"47":0.044334,"48":0.125613,"49":0.044334,"50":0.029556,"51":0.014778,"52":1.40391,"53":0.029556,"54":0.081279,"55":0.029556,"56":0.177336,"57":7.802784,"58":0.051723,"59":0,"60":0},"opera":{"9":0,"9.5-9.6":0,"10.0-10.1":0,"10.5":0,"10.6":0,"11":0,"11.1":0,"11.5":0,"11.6":0,"12":0.133002,"12.1":0.029556,"15":0,"16":0,"17":0,"18":0,"19":0,"20":0,"21":0,"22":0,"23":0,"24":0,"25":0,"26":0.022167,"27":0,"28":0,"29":0,"30":0,"31":0.206892,"32":0.014778,"33":0,"34":0,"35":0.007389,"36":0.088668,"37":0.007389,"38":0,"39":0,"40":0.014778,"41":0,"42":0,"43":0.014778,"44":0.007389,"45":0.036945,"46":0.007389,"47":0.007389,"48":0.014778,"49":0.768456,"50":0.007389},"safari":{"3.1":0,"3.2":0,"4":0,"5":0.044334,"5.1":0.103446,"6":0,"6.1":0.007389,"7":0.007389,"7.1":0,"8":0.022167,"9":0.014778,"9.1":0.088668,"10":0.029556,"10.1":0.110835,"11":0.472896,"0":null},"ios_saf":{"3.2":0.00067936018009,"4.0-4.1":0.00067936018009,"4.2-4.3":0.0163046443222,"5.0-5.1":0.0156252841421,"6.0-6.1":0.0115491230615,"7.0-7.1":0.0468758524262,"8":0.0129078434217,"8.1-8.4":0.0760883401701,"9.0-9.2":0.0550281745873,"9.3":0.329489687344,"10.0-10.2":0.422562032016,"10.3":1.00205626563,"11.0-11.2":4.80035903252},"android":{"2.1":0,"2.2":0,"2.3":0,"3":0,"4":0,"4.1":0.136736611111,"4.2-4.3":0.397062082265,"4.4":1.22537039957,"4.4.3-4.4.4":0.702089907051,"62":null},"op_mob":{"10":null,"11":null,"11.1":null,"11.5":null,"12":null,"12.1":null,"0":null},"ie":{"5.5":0,"6":0.029556,"7":0.110835,"8":0.273393,"9":0.184725,"10":0.199503,"11":1.84725},"edge":{"12":0.044334,"13":0.022167,"14":0.192114,"15":0.532008,"16":0.561564,"17":0},"samsung":{"4":0.686903364929,"5":0.12681292891,"6.2":1.41607770616},"ie_mob":{"10":0.03352524,"11":0.24585176},"bb":{"7":0.0015666,"10":0.0062664},"and_uc":{"0":0.122717},"op_mini":{"0":0.135955936426},"and_chr":{"0":33.208903},"baidu":{"0":null},"and_ff":{"0":0.117495},"and_qq":{"1.2":null}},"total":96.2415819364}