{"id":"GT","name":"Guatemala","month":"2017-12","access_date":"2018-01-03","data":{"chrome":{"4":0,"5":0,"6":0,"7":0,"8":0,"9":0,"10":0,"11":0.013884,"12":0,"13":0,"14":0,"15":0,"16":0,"17":0,"18":0,"19":0,"20":0,"21":0,"22":0.013884,"23":0,"24":0,"25":0,"26":0.004628,"27":0,"28":0,"29":0,"30":0,"31":0.004628,"32":0,"33":0,"34":0.009256,"35":0,"36":0,"37":0.004628,"38":0.032396,"39":0.004628,"40":0.004628,"41":0,"42":0,"43":0.009256,"44":0.004628,"45":0.004628,"46":0.004628,"47":0.004628,"48":0.004628,"49":0.513708,"50":0.02314,"51":0.009256,"52":0.004628,"53":0.013884,"54":0.009256,"55":0.02314,"56":0.064792,"57":0.037024,"58":0.055536,"59":0.078676,"60":0.06942,"61":0.180492,"62":6.590272,"63":7.525128,"64":0.013884,"65":0.004628,"66":0},"firefox":{"2":0,"3":0.004628,"3.5":0,"3.6":0.004628,"4":0,"5":0,"6":0,"7":0,"8":0,"9":0,"10":0,"11":0,"12":0,"13":0,"14":0,"15":0,"16":0,"17":0,"18":0,"19":0,"20":0,"21":0,"22":0,"23":0,"24":0,"25":0,"26":0.004628,"27":0,"28":0,"29":0,"30":0,"31":0,"32":0,"33":0.004628,"34":0,"35":0,"36":0,"37":0,"38":0,"39":0,"40":0,"41":0,"42":0.009256,"43":0.009256,"44":0,"45":0.02314,"46":0.004628,"47":0.009256,"48":0.04628,"49":0.004628,"50":0.004628,"51":0.009256,"52":0.09256,"53":0.009256,"54":0.009256,"55":0.013884,"56":0.04628,"57":1.610544,"58":0.018512,"59":0,"60":0},"opera":{"9":0,"9.5-9.6":0,"10.0-10.1":0,"10.5":0,"10.6":0,"11":0,"11.1":0,"11.5":0,"11.6":0,"12":0,"12.1":0.018512,"15":0.004628,"16":0,"17":0.004628,"18":0,"19":0.004628,"20":0,"21":0,"22":0,"23":0,"24":0,"25":0,"26":0,"27":0,"28":0,"29":0.004628,"30":0.004628,"31":0.004628,"32":0.004628,"33":0,"34":0,"35":0,"36":0.004628,"37":0.004628,"38":0,"39":0,"40":0,"41":0,"42":0,"43":0.018512,"44":0.009256,"45":0.004628,"46":0,"47":0,"48":0.004628,"49":0.291564,"50":0},"safari":{"3.1":0,"3.2":0,"4":0,"5":0.004628,"5.1":0.004628,"6":0,"6.1":0,"7":0,"7.1":0,"8":0.032396,"9":0.050908,"9.1":0.143468,"10":0.101816,"10.1":0.236028,"11":0.800644,"0":null},"ios_saf":{"3.2":0.000629407903952,"4.0-4.1":0.000629407903952,"4.2-4.3":0.0151057896948,"5.0-5.1":0.0144763817909,"6.0-6.1":0.0106999343672,"7.0-7.1":0.0434291453727,"8":0.0119587501751,"8.1-8.4":0.0704936852426,"9.0-9.2":0.0509820402201,"9.3":0.305262833417,"10.0-10.2":0.391491716258,"10.3":0.928376658329,"11.0-11.2":4.44739624932},"android":{"2.1":0,"2.2":0,"2.3":0,"3":0,"4":0,"4.1":0.167337777778,"4.2-4.3":0.485923162393,"4.4":1.49960393162,"4.4.3-4.4.4":0.859215128205,"62":null},"op_mob":{"10":null,"11":null,"11.1":null,"11.5":null,"12":null,"12.1":null,"0":null},"ie":{"5.5":0,"6":0,"7":0,"8":0.018512,"9":0.013884,"10":0.018512,"11":0.684944},"edge":{"12":0.013884,"13":0.027768,"14":0.087932,"15":0.166608,"16":0.106444,"17":0},"samsung":{"4":2.32150836364,"5":0.409076363636,"6.2":1.09427927273},"ie_mob":{"10":0.036024,"11":0.168112},"bb":{"7":0.010744,"10":0.042976},"and_uc":{"0":1.326884},"op_mini":{"0":3.84999794502},"and_chr":{"0":56.2518},"baidu":{"0":null},"and_ff":{"0":0.128928},"and_qq":{"1.2":null}},"total":95.126049945}