{"id":"GU","name":"Guam","month":"2017-12","access_date":"2018-01-03","data":{"chrome":{"4":0,"5":0,"6":0,"7":0,"8":0,"9":0,"10":0,"11":0,"12":0,"13":0,"14":0,"15":0,"16":0,"17":0,"18":0,"19":0,"20":0,"21":0,"22":0.004795,"23":0,"24":0,"25":0,"26":0.004795,"27":0,"28":0,"29":0,"30":0,"31":0,"32":0,"33":0,"34":0,"35":0,"36":0,"37":0.004795,"38":0.014385,"39":0.004795,"40":0,"41":0,"42":0,"43":0.014385,"44":0,"45":0.004795,"46":0,"47":0,"48":0,"49":0.31647,"50":0,"51":0.004795,"52":0.004795,"53":0,"54":0.052745,"55":0.08631,"56":0.00959,"57":0.023975,"58":0.023975,"59":0.014385,"60":0.062335,"61":0.22057,"62":5.48548,"63":6.391735,"64":0.043155,"65":0.004795,"66":0},"firefox":{"2":0,"3":0,"3.5":0,"3.6":0,"4":0,"5":0,"6":0,"7":0,"8":0,"9":0,"10":0,"11":0,"12":0,"13":0,"14":0,"15":0,"16":0,"17":0,"18":0,"19":0,"20":0,"21":0,"22":0,"23":0,"24":0,"25":0,"26":0,"27":0,"28":0,"29":0,"30":0,"31":0,"32":0,"33":0,"34":0,"35":0,"36":0.004795,"37":0,"38":0,"39":0,"40":0,"41":0,"42":0,"43":0.004795,"44":0,"45":0,"46":0,"47":0.004795,"48":0.05754,"49":0,"50":0.014385,"51":0,"52":0.100695,"53":0.004795,"54":0.004795,"55":0.004795,"56":0.043155,"57":1.41932,"58":0.004795,"59":0,"60":0},"opera":{"9":0,"9.5-9.6":0,"10.0-10.1":0,"10.5":0,"10.6":0,"11":0,"11.1":0,"11.5":0,"11.6":0,"12":0,"12.1":0.004795,"15":0,"16":0,"17":0.00959,"18":0,"19":0,"20":0,"21":0,"22":0,"23":0,"24":0,"25":0,"26":0,"27":0,"28":0.004795,"29":0.004795,"30":0,"31":0.004795,"32":0.004795,"33":0,"34":0,"35":0,"36":0,"37":0.00959,"38":0,"39":0,"40":0,"41":0,"42":0,"43":0.00959,"44":0.00959,"45":0,"46":0,"47":0,"48":0,"49":0.07672,"50":0.004795},"safari":{"3.1":0,"3.2":0,"4":0,"5":0.014385,"5.1":0.004795,"6":0,"6.1":0.014385,"7":0.01918,"7.1":0,"8":0.043155,"9":0.01918,"9.1":0.15344,"10":0.11508,"10.1":0.42196,"11":1.13162,"0":null},"ios_saf":{"3.2":0.00422656228114,"4.0-4.1":0.00422656228114,"4.2-4.3":0.101437494747,"5.0-5.1":0.0972109324662,"6.0-6.1":0.0718515587794,"7.0-7.1":0.291632797399,"8":0.0803046833417,"8.1-8.4":0.473374975488,"9.0-9.2":0.342351544772,"9.3":2.04988270635,"10.0-10.2":2.62892173887,"10.3":6.23417936468,"11.0-11.2":29.8648890785},"android":{"2.1":0,"2.2":0,"2.3":0,"3":0,"4":0,"4.1":0.0593077777778,"4.2-4.3":0.172220662393,"4.4":0.531488931624,"4.4.3-4.4.4":0.304522628205,"62":null},"op_mob":{"10":null,"11":null,"11.1":null,"11.5":null,"12":null,"12.1":null,"0":null},"ie":{"5.5":0,"6":0,"7":0.00483473756906,"8":0.0145042127072,"9":0.0386779005525,"10":0.0676863259669,"11":1.6244718232},"edge":{"12":0.00959,"13":0.04795,"14":0.15344,"15":0.62335,"16":0.66171,"17":0},"samsung":{"4":1.30249197397,"5":0.313993600868,"6.2":3.74466442516},"ie_mob":{"10":0,"11":0.02082},"bb":{"7":0.001041,"10":0.004164},"and_uc":{"0":0.15615},"op_mini":{"0":0.231604613402},"and_chr":{"0":26.428395},"baidu":{"0":null},"and_ff":{"0":0.19779},"and_qq":{"1.2":null}},"total":95.5069046134}