{"id":"HK","name":"Hong Kong","month":"2017-12","access_date":"2018-01-03","data":{"chrome":{"4":0,"5":0,"6":0,"7":0,"8":0,"9":0,"10":0,"11":0.006537,"12":0,"13":0,"14":0,"15":0,"16":0,"17":0,"18":0.013074,"19":0.006537,"20":0,"21":0.006537,"22":0.006537,"23":0,"24":0,"25":0,"26":0,"27":0,"28":0,"29":0.006537,"30":0,"31":0.019611,"32":0,"33":0.006537,"34":0.013074,"35":0.006537,"36":0.006537,"37":0.006537,"38":0.019611,"39":0.006537,"40":0.013074,"41":0.006537,"42":0.013074,"43":0.019611,"44":0.032685,"45":0.052296,"46":0.019611,"47":0.052296,"48":0.019611,"49":0.810588,"50":0.026148,"51":0.045759,"52":0.026148,"53":0.039222,"54":0.052296,"55":0.614478,"56":0.176499,"57":0.143814,"58":0.222258,"59":0.202647,"60":0.307239,"61":0.634089,"62":11.217492,"63":12.570651,"64":0.045759,"65":0.026148,"66":0},"firefox":{"2":0,"3":0,"3.5":0,"3.6":0,"4":0,"5":0,"6":0,"7":0,"8":0,"9":0,"10":0,"11":0,"12":0,"13":0,"14":0,"15":0,"16":0.006537,"17":0,"18":0,"19":0,"20":0,"21":0,"22":0,"23":0,"24":0,"25":0,"26":0,"27":0,"28":0,"29":0,"30":0.006537,"31":0.006537,"32":0,"33":0.019611,"34":0.006537,"35":0.006537,"36":0,"37":0.006537,"38":0.006537,"39":0.006537,"40":0.006537,"41":0.006537,"42":0.006537,"43":0.013074,"44":0,"45":0.026148,"46":0.006537,"47":0.032685,"48":0.124203,"49":0.013074,"50":0.019611,"51":0.019611,"52":0.26148,"53":0.026148,"54":0.039222,"55":0.045759,"56":0.13074,"57":2.503671,"58":0.039222,"59":0,"60":0},"opera":{"9":0,"9.5-9.6":0,"10.0-10.1":0,"10.5":0,"10.6":0,"11":0,"11.1":0,"11.5":0,"11.6":0,"12":0,"12.1":0.006537,"15":0,"16":0,"17":0,"18":0,"19":0,"20":0,"21":0,"22":0,"23":0,"24":0,"25":0,"26":0,"27":0,"28":0,"29":0,"30":0,"31":0,"32":0,"33":0,"34":0,"35":0,"36":0.006537,"37":0.006537,"38":0,"39":0,"40":0,"41":0,"42":0,"43":0.013074,"44":0.006537,"45":0,"46":0,"47":0,"48":0.006537,"49":0.222258,"50":0},"safari":{"3.1":0,"3.2":0,"4":0,"5":0.006537,"5.1":0.058833,"6":0.006537,"6.1":0.019611,"7":0.019611,"7.1":0.006537,"8":0.091518,"9":0.058833,"9.1":0.313776,"10":0.215721,"10.1":0.679848,"11":1.784601,"0":null},"ios_saf":{"3.2":0.00252726403202,"4.0-4.1":0.00252726403202,"4.2-4.3":0.0606543367684,"5.0-5.1":0.0581270727364,"6.0-6.1":0.0429634885443,"7.0-7.1":0.174381218209,"8":0.0480180166083,"8.1-8.4":0.283053571586,"9.0-9.2":0.204708386593,"9.3":1.22572305553,"10.0-10.2":1.57195822791,"10.3":3.72771444722,"11.0-11.2":17.8576476502},"android":{"2.1":0,"2.2":0,"2.3":0,"3":0,"4":0,"4.1":0.0691308333333,"4.2-4.3":0.200745304487,"4.4":0.619518621795,"4.4.3-4.4.4":0.354960240385,"62":null},"op_mob":{"10":null,"11":null,"11.1":null,"11.5":null,"12":null,"12.1":null,"0":null},"ie":{"5.5":0,"6":0.00669190521327,"7":0.00669190521327,"8":0.153913819905,"9":0.147221914692,"10":0.100378578199,"11":3.82107787678},"edge":{"12":0.026148,"13":0.026148,"14":0.176499,"15":0.496812,"16":0.581793,"17":0},"samsung":{"4":0.618275221498,"5":0.251501785016,"6.2":2.34734999349},"ie_mob":{"10":0,"11":0.027704},"bb":{"7":0.0013852,"10":0.0055408},"and_uc":{"0":0.872676},"op_mini":{"0":0.173762867698},"and_chr":{"0":25.385262},"baidu":{"0":null},"and_ff":{"0":0.218169},"and_qq":{"1.2":null}},"total":96.3928148677}