{"id":"HR","name":"Croatia","month":"2017-12","access_date":"2018-01-03","data":{"chrome":{"4":0,"5":0,"6":0,"7":0,"8":0,"9":0,"10":0,"11":0.005813,"12":0,"13":0,"14":0.005813,"15":0,"16":0,"17":0,"18":0.005813,"19":0,"20":0,"21":0.005813,"22":0.011626,"23":0,"24":0,"25":0,"26":0.005813,"27":0,"28":0,"29":0.005813,"30":0,"31":0.005813,"32":0,"33":0.005813,"34":0.017439,"35":0.005813,"36":0.011626,"37":0.011626,"38":0.017439,"39":0.017439,"40":0.005813,"41":0,"42":0.005813,"43":0.104634,"44":0.005813,"45":0.011626,"46":0.017439,"47":0.017439,"48":0.017439,"49":0.738251,"50":0.017439,"51":0.023252,"52":0.011626,"53":0.011626,"54":0.023252,"55":0.046504,"56":0.063943,"57":0.052317,"58":0.087195,"59":0.052317,"60":0.098821,"61":0.203455,"62":8.760191,"63":10.132059,"64":0.029065,"65":0.011626,"66":0},"firefox":{"2":0,"3":0.005813,"3.5":0,"3.6":0.005813,"4":0,"5":0,"6":0,"7":0,"8":0,"9":0,"10":0,"11":0,"12":0.005813,"13":0,"14":0,"15":0,"16":0.005813,"17":0,"18":0,"19":0,"20":0,"21":0,"22":0,"23":0,"24":0,"25":0.005813,"26":0,"27":0,"28":0,"29":0,"30":0,"31":0,"32":0.005813,"33":0.005813,"34":0.005813,"35":0.005813,"36":0,"37":0.005813,"38":0.005813,"39":0.011626,"40":0.005813,"41":0.023252,"42":0.005813,"43":0.023252,"44":0.005813,"45":0.017439,"46":0.005813,"47":0.040691,"48":0.05813,"49":0.017439,"50":0.046504,"51":0.023252,"52":0.552235,"53":0.046504,"54":0.05813,"55":0.046504,"56":0.168577,"57":5.394464,"58":0.087195,"59":0.005813,"60":0},"opera":{"9":0,"9.5-9.6":0,"10.0-10.1":0,"10.5":0,"10.6":0,"11":0,"11.1":0,"11.5":0,"11.6":0,"12":0,"12.1":0.023252,"15":0,"16":0,"17":0,"18":0,"19":0,"20":0,"21":0,"22":0,"23":0,"24":0,"25":0,"26":0,"27":0,"28":0,"29":0.005813,"30":0.011626,"31":0.011626,"32":0.023252,"33":0,"34":0,"35":0,"36":0.040691,"37":0,"38":0,"39":0,"40":0.005813,"41":0,"42":0,"43":0.040691,"44":0.005813,"45":0.005813,"46":0,"47":0,"48":0.023252,"49":0.970771,"50":0.005813},"safari":{"3.1":0,"3.2":0,"4":0,"5":0.005813,"5.1":0.011626,"6":0,"6.1":0.005813,"7":0.017439,"7.1":0,"8":0.023252,"9":0.017439,"9.1":0.05813,"10":0.040691,"10.1":0.110447,"11":0.441788,"0":null},"ios_saf":{"3.2":0.00102413456728,"4.0-4.1":0.00102413456728,"4.2-4.3":0.0245792296148,"5.0-5.1":0.0235550950475,"6.0-6.1":0.0174102876438,"7.0-7.1":0.0706652851426,"8":0.0194585567784,"8.1-8.4":0.114703071536,"9.0-9.2":0.08295489995,"9.3":0.496705265133,"10.0-10.2":0.63701170085,"10.3":1.51059848674,"11.0-11.2":7.23653485243},"android":{"2.1":0,"2.2":0,"2.3":0,"3":0,"4":0,"4.1":0.0984666111111,"4.2-4.3":0.285931889957,"4.4":0.88241232265,"4.4.3-4.4.4":0.505588176282,"62":null},"op_mob":{"10":null,"11":null,"11.1":null,"11.5":null,"12":null,"12.1":null,"0":null},"ie":{"5.5":0,"6":0.0058634017341,"7":0,"8":0.0820876242775,"9":0.0351804104046,"10":0.0351804104046,"11":1.87042515318},"edge":{"12":0.011626,"13":0.052317,"14":0.156951,"15":0.540609,"16":0.366219,"17":0},"samsung":{"4":0.63017947079,"5":0.320255140893,"6.2":2.05583138832},"ie_mob":{"10":0.0738361346154,"11":0.474660865385},"bb":{"7":0.0033496,"10":0.0133984},"and_uc":{"0":0.104675},"op_mini":{"0":0.325046450172},"and_chr":{"0":48.240278},"baidu":{"0":null},"and_ff":{"0":0.184228},"and_qq":{"1.2":null}},"total":96.8941544502}