{"id":"HT","name":"Haiti","month":"2017-12","access_date":"2018-01-03","data":{"chrome":{"4":0,"5":0,"6":0,"7":0,"8":0,"9":0,"10":0,"11":0.00531,"12":0,"13":0,"14":0,"15":0,"16":0,"17":0.00177,"18":0,"19":0,"20":0,"21":0,"22":0,"23":0,"24":0,"25":0,"26":0,"27":0,"28":0,"29":0,"30":0,"31":0,"32":0,"33":0.00177,"34":0.00177,"35":0.00177,"36":0.00177,"37":0,"38":0.00177,"39":0,"40":0.00354,"41":0.00177,"42":0.00177,"43":0.00531,"44":0,"45":0,"46":0.00354,"47":0.00177,"48":0.00177,"49":0.03186,"50":0.00177,"51":0.00177,"52":0.00177,"53":0.00177,"54":0.01062,"55":0.00531,"56":0.00708,"57":0.04956,"58":0.04248,"59":0.00708,"60":0.01593,"61":0.03894,"62":0.73278,"63":0.77526,"64":0.00354,"65":0.00177,"66":0},"firefox":{"2":0,"3":0.03717,"3.5":0,"3.6":0.00177,"4":0,"5":0,"6":0,"7":0,"8":0,"9":0,"10":0,"11":0.00177,"12":0,"13":0,"14":0,"15":0,"16":0,"17":0,"18":0,"19":0,"20":0,"21":0,"22":0,"23":0,"24":0,"25":0,"26":0,"27":0,"28":0,"29":0,"30":0,"31":0,"32":0,"33":0,"34":0.00531,"35":0,"36":0,"37":0.00177,"38":0,"39":0,"40":0,"41":0,"42":0,"43":0.00354,"44":0,"45":0.00177,"46":0.00177,"47":0.00708,"48":0.00531,"49":0.00177,"50":0.00177,"51":0.00177,"52":0.01416,"53":0.00354,"54":0.00177,"55":0.00177,"56":0.01062,"57":0.3009,"58":0.00354,"59":0,"60":0},"opera":{"9":0,"9.5-9.6":0,"10.0-10.1":0,"10.5":0,"10.6":0,"11":0,"11.1":0,"11.5":0,"11.6":0,"12":0,"12.1":0.01416,"15":0,"16":0,"17":0.01239,"18":0,"19":0,"20":0.00354,"21":0.00354,"22":0.00177,"23":0,"24":0,"25":0,"26":0,"27":0.00177,"28":0.01062,"29":0.0177,"30":0.00354,"31":0.00177,"32":0.00354,"33":0.00354,"34":0,"35":0.00177,"36":0.00177,"37":0.00708,"38":0,"39":0,"40":0,"41":0,"42":0,"43":0.04425,"44":0.00177,"45":0,"46":0.00177,"47":0.01239,"48":0.00354,"49":0.13983,"50":0},"safari":{"3.1":0,"3.2":0,"4":0,"5":0.00354,"5.1":0.00177,"6":0,"6.1":0.00354,"7":0,"7.1":0,"8":0.00354,"9":0.00177,"9.1":0.02124,"10":0.01062,"10.1":0.05133,"11":0.1062,"0":null},"ios_saf":{"3.2":0.000593437718859,"4.0-4.1":0.000593437718859,"4.2-4.3":0.0142425052526,"5.0-5.1":0.0136490675338,"6.0-6.1":0.0100884412206,"7.0-7.1":0.0409472026013,"8":0.0112753166583,"8.1-8.4":0.0664650245123,"9.0-9.2":0.0480684552276,"9.3":0.287817293647,"10.0-10.2":0.369118261131,"10.3":0.875320635318,"11.0-11.2":4.19323092146},"android":{"2.1":0,"2.2":0,"2.3":0,"3":0,"4":0,"4.1":0.406902222222,"4.2-4.3":1.18158145299,"4.4":3.64646991453,"4.4.3-4.4.4":2.08928641026,"62":null},"op_mob":{"10":null,"11":null,"11.1":null,"11.5":null,"12":null,"12.1":null,"0":null},"ie":{"5.5":0,"6":0,"7":0,"8":0.01593,"9":0.00354,"10":0.00885,"11":0.14337},"edge":{"12":0.01593,"13":0.0177,"14":0.03009,"15":0.05487,"16":0.03894,"17":0},"samsung":{"4":1.19810722543,"5":0.312549710983,"6.2":0.291713063584},"ie_mob":{"10":0.163705434783,"11":0.338324565217},"bb":{"7":0.01646,"10":0.06584},"and_uc":{"0":4.65818},"op_mini":{"0":11.6095321306},"and_chr":{"0":60.73052},"baidu":{"0":null},"and_ff":{"0":0.13168},"and_qq":{"1.2":null}},"total":95.7706421306}