{"id":"IE","name":"Ireland","month":"2017-12","access_date":"2018-01-03","data":{"chrome":{"4":0,"5":0,"6":0,"7":0,"8":0,"9":0,"10":0,"11":0.009434,"12":0,"13":0,"14":0,"15":0,"16":0,"17":0,"18":0.004717,"19":0,"20":0,"21":0,"22":0.009434,"23":0,"24":0,"25":0,"26":0.004717,"27":0.004717,"28":0,"29":0.014151,"30":0,"31":0,"32":0.004717,"33":0.004717,"34":0.009434,"35":0.009434,"36":0,"37":0.004717,"38":0.033019,"39":0.004717,"40":0.014151,"41":0.023585,"42":0,"43":0.009434,"44":0.018868,"45":0.004717,"46":0.009434,"47":0.009434,"48":0.004717,"49":0.292454,"50":0.014151,"51":0.028302,"52":0.014151,"53":0.009434,"54":0.018868,"55":0.127359,"56":0.216982,"57":0.04717,"58":0.066038,"59":0.056604,"60":0.09434,"61":0.221699,"62":5.528324,"63":5.872665,"64":0.018868,"65":0.004717,"66":0},"firefox":{"2":0,"3":0.004717,"3.5":0,"3.6":0.004717,"4":0,"5":0,"6":0,"7":0,"8":0,"9":0,"10":0,"11":0,"12":0,"13":0,"14":0,"15":0,"16":0,"17":0,"18":0,"19":0,"20":0,"21":0,"22":0.004717,"23":0,"24":0,"25":0,"26":0,"27":0,"28":0,"29":0,"30":0,"31":0.004717,"32":0,"33":0.004717,"34":0,"35":0,"36":0,"37":0,"38":0.004717,"39":0.004717,"40":0.004717,"41":0.004717,"42":0,"43":0.004717,"44":0.004717,"45":0.014151,"46":0.009434,"47":0.009434,"48":0.033019,"49":0.004717,"50":0.009434,"51":0.004717,"52":0.103774,"53":0.009434,"54":0.018868,"55":0.018868,"56":0.070755,"57":1.551893,"58":0.033019,"59":0,"60":0},"opera":{"9":0,"9.5-9.6":0,"10.0-10.1":0,"10.5":0,"10.6":0,"11":0,"11.1":0,"11.5":0,"11.6":0,"12":0,"12.1":0.004717,"15":0,"16":0,"17":0,"18":0,"19":0,"20":0,"21":0,"22":0,"23":0,"24":0.004717,"25":0,"26":0,"27":0,"28":0.004717,"29":0,"30":0,"31":0.009434,"32":0.004717,"33":0,"34":0,"35":0,"36":0.004717,"37":0,"38":0,"39":0,"40":0,"41":0,"42":0,"43":0.009434,"44":0,"45":0.004717,"46":0,"47":0,"48":0.009434,"49":0.221699,"50":0},"safari":{"3.1":0,"3.2":0,"4":0,"5":0.009434,"5.1":0.014151,"6":0,"6.1":0.009434,"7":0.004717,"7.1":0,"8":0.023585,"9":0.023585,"9.1":0.250001,"10":0.070755,"10.1":0.231133,"11":0.750003,"0":null},"ios_saf":{"3.2":0.0037937993997,"4.0-4.1":0.0037937993997,"4.2-4.3":0.0910511855928,"5.0-5.1":0.0872573861931,"6.0-6.1":0.0644945897949,"7.0-7.1":0.261772158579,"8":0.0720821885943,"8.1-8.4":0.424905532766,"9.0-9.2":0.307297751376,"9.3":1.83999270885,"10.0-10.2":2.35974322661,"10.3":5.59585411456,"11.0-11.2":26.8069865583},"android":{"2.1":0,"2.2":0,"2.3":0,"3":0,"4":0,"4.1":0.0544549444444,"4.2-4.3":0.158128780983,"4.4":0.48800007906,"4.4.3-4.4.4":0.279605195513,"62":null},"op_mob":{"10":null,"11":null,"11.1":null,"11.5":null,"12":null,"12.1":null,"0":null},"ie":{"5.5":0,"6":0.0906836272189,"7":0.00477282248521,"8":0.0381825798817,"9":0.152730319527,"10":0.0715923372781,"11":1.25525231361},"edge":{"12":0.009434,"13":0.037736,"14":0.193397,"15":0.485851,"16":0.462266,"17":0},"samsung":{"4":0.528454248175,"5":0.264227124088,"6.2":2.22391162774},"ie_mob":{"10":0.02245275,"11":0.15716925},"bb":{"7":0.0021132,"10":0.0084528},"and_uc":{"0":0.063396},"op_mini":{"0":0.160051298969},"and_chr":{"0":34.97939},"baidu":{"0":null},"and_ff":{"0":0.221886},"and_qq":{"1.2":null}},"total":96.785512299}