{"id":"IN","name":"India","month":"2017-12","access_date":"2018-01-03","data":{"chrome":{"4":0,"5":0,"6":0,"7":0,"8":0,"9":0,"10":0,"11":0.001988,"12":0,"13":0,"14":0,"15":0,"16":0,"17":0,"18":0.001988,"19":0.001988,"20":0.001988,"21":0.001988,"22":0.001988,"23":0.001988,"24":0.001988,"25":0.001988,"26":0.001988,"27":0.001988,"28":0.003976,"29":0.005964,"30":0.003976,"31":0.003976,"32":0.001988,"33":0.007952,"34":0.001988,"35":0,"36":0.001988,"37":0.001988,"38":0.001988,"39":0.001988,"40":0.001988,"41":0,"42":0,"43":0.003976,"44":0.001988,"45":0.001988,"46":0.003976,"47":0.001988,"48":0.001988,"49":0.08946,"50":0.003976,"51":0.007952,"52":0.001988,"53":0.001988,"54":0.003976,"55":0.005964,"56":0.005964,"57":0.00994,"58":0.027832,"59":0.011928,"60":0.017892,"61":0.035784,"62":0.962192,"63":1.409492,"64":0.013916,"65":0.005964,"66":0},"firefox":{"2":0,"3":0.001988,"3.5":0,"3.6":0,"4":0.001988,"5":0,"6":0,"7":0,"8":0,"9":0,"10":0,"11":0.001988,"12":0.001988,"13":0,"14":0,"15":0,"16":0,"17":0,"18":0,"19":0,"20":0,"21":0,"22":0,"23":0,"24":0,"25":0,"26":0,"27":0,"28":0,"29":0.001988,"30":0.001988,"31":0.001988,"32":0.001988,"33":0.001988,"34":0.001988,"35":0.001988,"36":0.001988,"37":0.001988,"38":0.003976,"39":0.001988,"40":0.001988,"41":0.001988,"42":0.001988,"43":0.007952,"44":0.003976,"45":0.003976,"46":0.001988,"47":0.011928,"48":0.282296,"49":0.003976,"50":0.003976,"51":0.003976,"52":0.037772,"53":0.003976,"54":0.005964,"55":0.005964,"56":0.01988,"57":0.300188,"58":0.053676,"59":0,"60":0},"opera":{"9":0,"9.5-9.6":0,"10.0-10.1":0,"10.5":0,"10.6":0,"11":0,"11.1":0,"11.5":0,"11.6":0,"12":0,"12.1":0.003976,"15":0,"16":0,"17":0,"18":0,"19":0,"20":0.001988,"21":0.001988,"22":0.001988,"23":0,"24":0,"25":0,"26":0,"27":0,"28":0.001988,"29":0.001988,"30":0.005964,"31":0.003976,"32":0.005964,"33":0,"34":0,"35":0,"36":0.001988,"37":0.073556,"38":0,"39":0,"40":0,"41":0,"42":0,"43":0.013916,"44":0.003976,"45":0,"46":0,"47":0,"48":0.001988,"49":0.05964,"50":0},"safari":{"3.1":0,"3.2":0,"4":0,"5":0,"5.1":0,"6":0,"6.1":0,"7":0,"7.1":0,"8":0.001988,"9":0,"9.1":0.003976,"10":0.003976,"10.1":0.007952,"11":0.027832,"0":null},"ios_saf":{"3.2":0.000275366483242,"4.0-4.1":0.000275366483242,"4.2-4.3":0.0066087955978,"5.0-5.1":0.00633342911456,"6.0-6.1":0.00468123021511,"7.0-7.1":0.0190002873437,"8":0.00523196318159,"8.1-8.4":0.0308410461231,"9.0-9.2":0.0223046851426,"9.3":0.133552744372,"10.0-10.2":0.171277952576,"10.3":0.406165562781,"11.0-11.2":1.94573957059},"android":{"2.1":0,"2.2":0,"2.3":0,"3":0,"4":0,"4.1":0.0651204444444,"4.2-4.3":0.189099752137,"4.4":0.583579367521,"4.4.3-4.4.4":0.334368435897,"62":null},"op_mob":{"10":null,"11":null,"11.1":null,"11.5":null,"12":null,"12.1":null,"0":null},"ie":{"5.5":0,"6":0,"7":0,"8":0.013916,"9":0.001988,"10":0.003976,"11":0.051688},"edge":{"12":0.003976,"13":0.005964,"14":0.015904,"15":0.023856,"16":0.013916,"17":0},"samsung":{"4":1.44874520548,"5":0.301821917808,"6.2":0.452732876712},"ie_mob":{"10":0.0330495,"11":0.2313465},"bb":{"7":0.008012,"10":0.032048},"and_uc":{"0":34.764068},"op_mini":{"0":8.0024324055},"and_chr":{"0":34.189848},"baidu":{"0":null},"and_ff":{"0":1.514268},"and_qq":{"1.2":null}},"total":88.7515964055}