{"id":"IS","name":"Iceland","month":"2017-12","access_date":"2018-01-03","data":{"chrome":{"4":0,"5":0,"6":0,"7":0,"8":0,"9":0,"10":0,"11":0,"12":0,"13":0,"14":0,"15":0,"16":0,"17":0,"18":0,"19":0,"20":0,"21":0.006949,"22":0,"23":0.006949,"24":0,"25":0,"26":0,"27":0,"28":0,"29":0.006949,"30":0,"31":0.006949,"32":0,"33":0,"34":0.020847,"35":0,"36":0,"37":0,"38":0.055592,"39":0.006949,"40":0.006949,"41":0,"42":0,"43":0,"44":0.013898,"45":0,"46":0.013898,"47":0.027796,"48":0,"49":0.48643,"50":0.013898,"51":0.020847,"52":0.013898,"53":0.020847,"54":0.020847,"55":0.048643,"56":0.034745,"57":0.062541,"58":0.076439,"59":0.06949,"60":0.132031,"61":0.618461,"62":13.62004,"63":14.391379,"64":0.034745,"65":0.013898,"66":0},"firefox":{"2":0,"3":0,"3.5":0,"3.6":0,"4":0,"5":0,"6":0,"7":0,"8":0,"9":0,"10":0,"11":0,"12":0,"13":0,"14":0,"15":0,"16":0,"17":0.006949,"18":0,"19":0,"20":0,"21":0,"22":0,"23":0,"24":0.006949,"25":0.006949,"26":0.006949,"27":0.006949,"28":0.006949,"29":0.006949,"30":0.006949,"31":0.006949,"32":0.006949,"33":0,"34":0,"35":0.125082,"36":0,"37":0,"38":0.055592,"39":0,"40":0,"41":0,"42":0.173725,"43":0.006949,"44":0,"45":0.125082,"46":0.013898,"47":0.013898,"48":0.062541,"49":0.020847,"50":0.111184,"51":0.020847,"52":0.576767,"53":0.034745,"54":0.062541,"55":0.034745,"56":0.090337,"57":4.002624,"58":0.020847,"59":0,"60":0},"opera":{"9":0,"9.5-9.6":0,"10.0-10.1":0,"10.5":0,"10.6":0,"11":0,"11.1":0,"11.5":0,"11.6":0,"12":0,"12.1":0.034745,"15":0,"16":0,"17":0,"18":0,"19":0,"20":0,"21":0,"22":0,"23":0,"24":0,"25":0,"26":0,"27":0,"28":0,"29":0,"30":0,"31":0,"32":0,"33":0,"34":0,"35":0,"36":0.006949,"37":0,"38":0.006949,"39":0.006949,"40":0,"41":0,"42":0.006949,"43":0.006949,"44":0.006949,"45":0,"46":0.013898,"47":0,"48":0.006949,"49":0.604563,"50":0.006949},"safari":{"3.1":0,"3.2":0,"4":0,"5":0.027796,"5.1":0.020847,"6":0,"6.1":0.041694,"7":0,"7.1":0,"8":0.034745,"9":0.06949,"9.1":0.375246,"10":0.229317,"10.1":0.743543,"11":2.668416,"0":null},"ios_saf":{"3.2":0.00270245462731,"4.0-4.1":0.00270245462731,"4.2-4.3":0.0648589110555,"5.0-5.1":0.0621564564282,"6.0-6.1":0.0459417286643,"7.0-7.1":0.186469369285,"8":0.051346637919,"8.1-8.4":0.302674918259,"9.0-9.2":0.218898824812,"9.3":1.31069049425,"10.0-10.2":1.68092677819,"10.3":3.98612057529,"11.0-11.2":19.0955443966},"android":{"2.1":0,"2.2":0,"2.3":0,"3":0,"4":0,"4.1":0.0187947777778,"4.2-4.3":0.0545771431624,"4.4":0.168430123932,"4.4.3-4.4.4":0.0965039551282,"62":null},"op_mob":{"10":null,"11":null,"11.1":null,"11.5":null,"12":null,"12.1":null,"0":null},"ie":{"5.5":0,"6":0,"7":0,"8":0.020847,"9":0.027796,"10":0.104235,"11":1.820638},"edge":{"12":0.013898,"13":0.027796,"14":0.257113,"15":1.11184,"16":0.938115,"17":0},"samsung":{"4":0.344036571429,"5":0.193520571429,"6.2":2.39750485714},"ie_mob":{"10":0,"11":0.048816},"bb":{"7":0.0018306,"10":0.0073224},"and_uc":{"0":0.067122},"op_mini":{"0":0.0548813041237},"and_chr":{"0":21.892708},"baidu":{"0":null},"and_ff":{"0":0.234927},"and_qq":{"1.2":null}},"total":97.3088243041}