{"id":"JP","name":"Japan","month":"2017-12","access_date":"2018-01-03","data":{"chrome":{"4":0,"5":0,"6":0,"7":0,"8":0,"9":0,"10":0,"11":0.00714,"12":0,"13":0,"14":0,"15":0,"16":0,"17":0.00714,"18":0.00714,"19":0,"20":0,"21":0.00714,"22":0,"23":0,"24":0,"25":0,"26":0,"27":0.00714,"28":0,"29":0.00714,"30":0,"31":0.00714,"32":0.00714,"33":0.00714,"34":0.00714,"35":0,"36":0.00714,"37":0.00714,"38":0,"39":0.00714,"40":0.00714,"41":0,"42":0.00714,"43":0.02856,"44":0.00714,"45":0.01428,"46":0.00714,"47":0.02142,"48":0.01428,"49":0.87108,"50":0.01428,"51":0.02142,"52":0.02856,"53":0.0357,"54":0.02142,"55":0.20706,"56":0.04998,"57":0.04998,"58":0.0714,"59":0.0714,"60":0.09996,"61":0.2856,"62":8.46804,"63":10.4601,"64":0.04998,"65":0.02856,"66":0},"firefox":{"2":0,"3":0,"3.5":0,"3.6":0.00714,"4":0,"5":0,"6":0,"7":0,"8":0,"9":0,"10":0.00714,"11":0,"12":0.00714,"13":0,"14":0,"15":0,"16":0.01428,"17":0,"18":0,"19":0,"20":0,"21":0,"22":0,"23":0,"24":0,"25":0,"26":0,"27":0.00714,"28":0.00714,"29":0,"30":0,"31":0.00714,"32":0,"33":0.00714,"34":0.00714,"35":0.02856,"36":0.01428,"37":0.00714,"38":0.0357,"39":0.00714,"40":0.00714,"41":0.00714,"42":0.00714,"43":0.02142,"44":0.00714,"45":0.0357,"46":0.00714,"47":0.04284,"48":0.22848,"49":0.01428,"50":0.02856,"51":0.02142,"52":0.39984,"53":0.02856,"54":0.06426,"55":0.08568,"56":0.6783,"57":5.31216,"58":0.05712,"59":0,"60":0},"opera":{"9":0,"9.5-9.6":0,"10.0-10.1":0,"10.5":0,"10.6":0,"11":0,"11.1":0,"11.5":0,"11.6":0,"12":0,"12.1":0.06426,"15":0,"16":0,"17":0,"18":0,"19":0,"20":0,"21":0,"22":0,"23":0,"24":0,"25":0,"26":0,"27":0,"28":0,"29":0,"30":0,"31":0,"32":0.00714,"33":0,"34":0,"35":0,"36":0.00714,"37":0.01428,"38":0,"39":0,"40":0,"41":0,"42":0,"43":0.01428,"44":0.00714,"45":0,"46":0,"47":0,"48":0.00714,"49":0.34986,"50":0.00714},"safari":{"3.1":0,"3.2":0,"4":0.01428,"5":0.06426,"5.1":0.1428,"6":0.02856,"6.1":0.09282,"7":0.02856,"7.1":0.00714,"8":0.09282,"9":0.06426,"9.1":0.4284,"10":0.1428,"10.1":0.52836,"11":1.56366,"0":null},"ios_saf":{"3.2":0.00332487243622,"4.0-4.1":0.00332487243622,"4.2-4.3":0.0797969384692,"5.0-5.1":0.076472066033,"6.0-6.1":0.0565228314157,"7.0-7.1":0.229416198099,"8":0.0631725762881,"8.1-8.4":0.372385712856,"9.0-9.2":0.269314667334,"9.3":1.61256313157,"10.0-10.2":2.06807065533,"10.3":4.90418684342,"11.0-11.2":23.4935486343},"android":{"2.1":0,"2.2":0,"2.3":0,"3":0,"4":0,"4.1":0.0868466666667,"4.2-4.3":0.252189358974,"4.4":0.77827974359,"4.4.3-4.4.4":0.445924230769,"62":null},"op_mob":{"10":null,"11":null,"11.1":null,"11.5":null,"12":null,"12.1":null,"0":null},"ie":{"5.5":0,"6":0.00717309385863,"7":0.0215192815759,"8":0.229539003476,"9":0.294096848204,"10":0.186500440324,"11":11.6419313326},"edge":{"12":0.00714,"13":0.02142,"14":0.2499,"15":0.98532,"16":1.41372,"17":0},"samsung":{"4":0.0749024137931,"5":0.0749024137931,"6.2":0.470815172414},"ie_mob":{"10":0,"11":0},"bb":{"7":0.000572,"10":0.002288},"and_uc":{"0":0.2717},"op_mini":{"0":0.100183539519},"and_chr":{"0":14.6857},"baidu":{"0":null},"and_ff":{"0":0.12584},"and_qq":{"1.2":null}},"total":97.5905835395}