{"id":"KE","name":"Kenya","month":"2017-12","access_date":"2018-01-03","data":{"chrome":{"4":0,"5":0,"6":0,"7":0,"8":0,"9":0,"10":0,"11":0.004782,"12":0,"13":0,"14":0,"15":0,"16":0,"17":0,"18":0.001594,"19":0,"20":0,"21":0,"22":0,"23":0,"24":0,"25":0,"26":0,"27":0,"28":0,"29":0,"30":0,"31":0.001594,"32":0,"33":0.001594,"34":0.001594,"35":0,"36":0,"37":0.001594,"38":0.003188,"39":0.001594,"40":0.003188,"41":0,"42":0,"43":0.006376,"44":0,"45":0.001594,"46":0.001594,"47":0.001594,"48":0,"49":0.036662,"50":0.004782,"51":0.001594,"52":0,"53":0.001594,"54":0.003188,"55":0.00797,"56":0.004782,"57":0.01594,"58":0.012752,"59":0.00797,"60":0.011158,"61":0.022316,"62":0.578622,"63":0.600938,"64":0.004782,"65":0.001594,"66":0},"firefox":{"2":0,"3":0,"3.5":0,"3.6":0,"4":0,"5":0,"6":0,"7":0,"8":0,"9":0,"10":0,"11":0,"12":0.001594,"13":0,"14":0,"15":0,"16":0,"17":0,"18":0,"19":0,"20":0,"21":0,"22":0,"23":0,"24":0,"25":0,"26":0,"27":0,"28":0,"29":0.001594,"30":0.001594,"31":0.001594,"32":0.004782,"33":0.001594,"34":0.001594,"35":0.001594,"36":0.001594,"37":0.001594,"38":0.003188,"39":0.001594,"40":0.001594,"41":0.001594,"42":0.001594,"43":0.00797,"44":0.004782,"45":0.004782,"46":0.003188,"47":0.01594,"48":0.00797,"49":0.004782,"50":0.004782,"51":0.001594,"52":0.054196,"53":0.006376,"54":0.00797,"55":0.011158,"56":0.033474,"57":0.4782,"58":0.054196,"59":0,"60":0},"opera":{"9":0,"9.5-9.6":0,"10.0-10.1":0,"10.5":0,"10.6":0,"11":0.001594,"11.1":0,"11.5":0,"11.6":0,"12":0.004782,"12.1":0.081294,"15":0.020722,"16":0.00797,"17":0.004782,"18":0.006376,"19":0.00797,"20":0.057384,"21":0.049414,"22":0.012752,"23":0.046226,"24":0.004782,"25":0.001594,"26":0.00797,"27":0.004782,"28":0.025504,"29":0.027098,"30":0.038256,"31":0.027098,"32":0.025504,"33":0.001594,"34":0.001594,"35":0.003188,"36":0.001594,"37":0.028692,"38":0,"39":0,"40":0,"41":0,"42":0.001594,"43":0.04782,"44":0.00797,"45":0.001594,"46":0,"47":0,"48":0.003188,"49":0.078106,"50":0},"safari":{"3.1":0,"3.2":0,"4":0,"5":0,"5.1":0,"6":0,"6.1":0,"7":0,"7.1":0,"8":0.001594,"9":0.001594,"9.1":0.004782,"10":0.003188,"10.1":0.009564,"11":0.033474,"0":null},"ios_saf":{"3.2":0.00010656008004,"4.0-4.1":0.00010656008004,"4.2-4.3":0.00255744192096,"5.0-5.1":0.00245088184092,"6.0-6.1":0.00181152136068,"7.0-7.1":0.00735264552276,"8":0.00202464152076,"8.1-8.4":0.0119347289645,"9.0-9.2":0.00863136648324,"9.3":0.0516816388194,"10.0-10.2":0.0662803697849,"10.3":0.157176118059,"11.0-11.2":0.752953525563},"android":{"2.1":0,"2.2":0,"2.3":0,"3":0,"4":0,"4.1":0.146916444444,"4.2-4.3":0.426622752137,"4.4":1.31659736752,"4.4.3-4.4.4":0.754359435897,"62":null},"op_mob":{"10":null,"11":null,"11.1":null,"11.5":null,"12":null,"12.1":null,"0":null},"ie":{"5.5":0,"6":0,"7":0,"8":0.0102471428571,"9":0.00170785714286,"10":0.00170785714286,"11":0.0341571428571},"edge":{"12":0.003188,"13":0.00797,"14":0.012752,"15":0.02391,"16":0.012752,"17":0},"samsung":{"4":1.09523889796,"5":0.133066408163,"6.2":0.276368693878},"ie_mob":{"10":0.353381647059,"11":0.773022352941},"bb":{"7":0.025218,"10":0.100872},"and_uc":{"0":7.296408},"op_mini":{"0":47.7336298763},"and_chr":{"0":22.603966},"baidu":{"0":null},"and_ff":{"0":0.353052},"and_qq":{"1.2":null}},"total":87.3357398763}