{"id":"KI","name":"Kiribati","month":"2017-12","access_date":"2018-01-03","data":{"chrome":{"4":0,"5":0,"6":0,"7":0,"8":0,"9":0,"10":0,"11":0,"12":0,"13":0,"14":0,"15":0,"16":0,"17":0,"18":0,"19":0,"20":0,"21":0,"22":0.005496,"23":0,"24":0,"25":0,"26":0,"27":0,"28":0,"29":0,"30":0,"31":0,"32":0,"33":0,"34":0,"35":0,"36":0,"37":0,"38":0.002748,"39":0,"40":0.019236,"41":0,"42":0.002748,"43":0.019236,"44":0,"45":0,"46":0.02748,"47":0.002748,"48":0,"49":0.008244,"50":0.008244,"51":0.0687,"52":0.005496,"53":0,"54":0,"55":0.021984,"56":0.010992,"57":0.445176,"58":0.04122,"59":0.002748,"60":0.005496,"61":0.057708,"62":1.170648,"63":1.2366,"64":0,"65":0,"66":0},"firefox":{"2":0,"3":0,"3.5":0,"3.6":0,"4":0,"5":0,"6":0,"7":0,"8":0,"9":0,"10":0,"11":0,"12":0,"13":0,"14":0,"15":0,"16":0,"17":0,"18":0,"19":0,"20":0,"21":0,"22":0,"23":0,"24":0,"25":0,"26":0,"27":0,"28":0,"29":0,"30":0,"31":0,"32":0,"33":0.016488,"34":0.010992,"35":0.005496,"36":0,"37":0.002748,"38":0,"39":0,"40":0,"41":0,"42":0.021984,"43":0.002748,"44":0.002748,"45":0.019236,"46":0.197856,"47":0.002748,"48":0.046716,"49":0.002748,"50":0.005496,"51":0,"52":0.197856,"53":0.021984,"54":0.010992,"55":0.043968,"56":0.043968,"57":1.591092,"58":0.53586,"59":0,"60":0},"opera":{"9":0,"9.5-9.6":0,"10.0-10.1":0,"10.5":0,"10.6":0,"11":0,"11.1":0,"11.5":0,"11.6":0,"12":0,"12.1":0,"15":0,"16":0,"17":0,"18":0,"19":0,"20":0,"21":0,"22":0.01374,"23":0,"24":0,"25":0,"26":0,"27":0,"28":0,"29":0.049464,"30":0,"31":0.002748,"32":0,"33":0,"34":0,"35":0,"36":0,"37":0.002748,"38":0,"39":0,"40":0,"41":0,"42":0.02748,"43":0,"44":0,"45":0,"46":0,"47":0,"48":0,"49":0.217092,"50":0},"safari":{"3.1":0,"3.2":0,"4":0,"5":0,"5.1":0,"6":0,"6.1":0,"7":0,"7.1":0,"8":0,"9":0,"9.1":0.005496,"10":0,"10.1":0,"11":0.019236,"0":null},"ios_saf":{"3.2":0.000305547173587,"4.0-4.1":0.000305547173587,"4.2-4.3":0.00733313216608,"5.0-5.1":0.0070275849925,"6.0-6.1":0.00519430195098,"7.0-7.1":0.0210827549775,"8":0.00580539629815,"8.1-8.4":0.0342212834417,"9.0-9.2":0.0247493210605,"9.3":0.14819037919,"10.0-10.2":0.190050341971,"10.3":0.450682081041,"11.0-11.2":2.15899632856},"android":{"2.1":0,"2.2":0,"2.3":0,"3":0,"4":0,"4.1":0.176382222222,"4.2-4.3":0.512186837607,"4.4":1.58065606838,"4.4.3-4.4.4":0.905654871795,"62":null},"op_mob":{"10":null,"11":null,"11.1":null,"11.5":null,"12":null,"12.1":null,"0":null},"ie":{"5.5":0,"6":0,"7":0,"8":0.019236,"9":0,"10":0.010992,"11":0.236328},"edge":{"12":0.12366,"13":0.079692,"14":0.05496,"15":0.126408,"16":0.019236,"17":0},"samsung":{"4":4.84639638131,"5":0.621882721495,"6.2":0.268052897196},"ie_mob":{"10":0.0330720402685,"11":3.25208395973},"bb":{"7":0.0014504,"10":0.0058016},"and_uc":{"0":1.19658},"op_mini":{"0":0.714035408935},"and_chr":{"0":72.694184},"baidu":{"0":null},"and_ff":{"0":0.275576},"and_qq":{"1.2":null}},"total":97.0931274089}