{"id":"KN","name":"Saint Kitts and Nevis","month":"2017-12","access_date":"2018-01-03","data":{"chrome":{"4":0,"5":0,"6":0,"7":0,"8":0,"9":0,"10":0,"11":0,"12":0,"13":0,"14":0,"15":0,"16":0,"17":0,"18":0,"19":0,"20":0,"21":0,"22":0.011704,"23":0.035112,"24":0,"25":0,"26":0.005852,"27":0,"28":0.017556,"29":0,"30":0,"31":0,"32":0.035112,"33":0,"34":0.040964,"35":0,"36":0,"37":0,"38":0.005852,"39":0.005852,"40":0,"41":0,"42":0,"43":0.005852,"44":0,"45":0.005852,"46":0,"47":0,"48":0,"49":0.26334,"50":0.035112,"51":0.017556,"52":0.005852,"53":0.005852,"54":0,"55":0.035112,"56":0.005852,"57":0.169708,"58":0.023408,"59":0.023408,"60":0.017556,"61":0.520828,"62":8.497104,"63":9.234456,"64":0.076076,"65":0.052668,"66":0},"firefox":{"2":0,"3":0,"3.5":0,"3.6":0,"4":0,"5":0,"6":0,"7":0,"8":0,"9":0,"10":0,"11":0,"12":0,"13":0,"14":0,"15":0,"16":0,"17":0,"18":0,"19":0,"20":0,"21":0,"22":0,"23":0.005852,"24":0.005852,"25":0,"26":0,"27":0,"28":0,"29":0.005852,"30":0,"31":0,"32":0,"33":0,"34":0,"35":0,"36":0,"37":0.005852,"38":0.05852,"39":0,"40":0,"41":0,"42":0,"43":0,"44":0,"45":0.046816,"46":0,"47":0.005852,"48":0.035112,"49":0.011704,"50":0,"51":0,"52":0.983136,"53":0,"54":0.005852,"55":0,"56":0.064372,"57":1.615152,"58":0.023408,"59":0,"60":0},"opera":{"9":0,"9.5-9.6":0,"10.0-10.1":0,"10.5":0,"10.6":0,"11":0,"11.1":0,"11.5":0,"11.6":0,"12":0,"12.1":0.005852,"15":0,"16":0,"17":0.005852,"18":0,"19":0,"20":0.005852,"21":0,"22":0,"23":0,"24":0,"25":0,"26":0,"27":0,"28":0,"29":0,"30":0,"31":0,"32":0.005852,"33":0,"34":0,"35":0,"36":0,"37":0,"38":0,"39":0,"40":0,"41":0,"42":0,"43":0.017556,"44":0,"45":0,"46":0,"47":0,"48":0.017556,"49":0.61446,"50":0},"safari":{"3.1":0,"3.2":0,"4":0,"5":0,"5.1":0.011704,"6":0,"6.1":0.005852,"7":0,"7.1":0,"8":0.011704,"9":0.05852,"9.1":0.122892,"10":0.105336,"10.1":0.269192,"11":1.761452,"0":null},"ios_saf":{"3.2":0.00159140210105,"4.0-4.1":0.00159140210105,"4.2-4.3":0.0381936504252,"5.0-5.1":0.0366022483242,"6.0-6.1":0.0270538357179,"7.0-7.1":0.109806744972,"8":0.03023663992,"8.1-8.4":0.178237035318,"9.0-9.2":0.128903570185,"9.3":0.77183001901,"10.0-10.2":0.989852106853,"10.3":2.34731809905,"11.0-11.2":11.244847246},"android":{"2.1":0,"2.2":0,"2.3":0,"3":0,"4":0,"4.1":0.210656222222,"4.2-4.3":0.611713260684,"4.4":1.88780383761,"4.4.3-4.4.4":1.08163867949,"62":null},"op_mob":{"10":null,"11":null,"11.1":null,"11.5":null,"12":null,"12.1":null,"0":null},"ie":{"5.5":0,"6":0,"7":0,"8":0.017556,"9":0.02926,"10":0.023408,"11":1.135288},"edge":{"12":0.210672,"13":0.070224,"14":0.421344,"15":0.918764,"16":1.28744,"17":0},"samsung":{"4":0.480864487805,"5":0.171737317073,"6.2":2.16389019512},"ie_mob":{"10":0,"11":0.058072},"bb":{"7":0.0431392,"10":0.1725568},"and_uc":{"0":0.66368},"op_mini":{"0":0.0981764604811},"and_chr":{"0":44.690364},"baidu":{"0":null},"and_ff":{"0":0.136884},"and_qq":{"1.2":null}},"total":97.5377564605}