{"id":"KP","name":"Korea, Democratic People's Republic of","month":"2017-12","access_date":"2018-01-03","data":{"chrome":{"4":0,"5":0,"6":0,"7":0,"8":0,"9":0,"10":0,"11":0,"12":0,"13":0,"14":0,"15":0,"16":0,"17":0,"18":0,"19":0,"20":0,"21":0,"22":0,"23":0,"24":0,"25":0,"26":0,"27":0,"28":0,"29":0,"30":0,"31":0,"32":0,"33":0.113022,"34":0.435942,"35":0,"36":0,"37":0.040365,"38":0.508599,"39":0,"40":0,"41":0,"42":0,"43":0.145314,"44":0.040365,"45":0.185679,"46":0.072657,"47":2.801331,"48":0.330993,"49":0.040365,"50":0,"51":11.851164,"52":0.217971,"53":0.040365,"54":2.90628,"55":2.17971,"56":0.217971,"57":1.202877,"58":0.548964,"59":0.040365,"60":0.113022,"61":8.944884,"62":1.089855,"63":5.126355,"64":0,"65":0,"66":0},"firefox":{"2":0,"3":0,"3.5":0,"3.6":0,"4":0,"5":0,"6":0,"7":0,"8":0,"9":0,"10":0,"11":0,"12":0,"13":0,"14":0,"15":0,"16":0,"17":0,"18":0,"19":0,"20":0,"21":0,"22":0,"23":0,"24":2.325024,"25":0,"26":0,"27":0,"28":0,"29":0,"30":0,"31":0,"32":0,"33":0,"34":0,"35":0,"36":0,"37":0,"38":0,"39":0,"40":0,"41":0.040365,"42":0,"43":0,"44":0.040365,"45":1.275534,"46":0,"47":0.072657,"48":0.040365,"49":0,"50":0,"51":0.476307,"52":1.711476,"53":0,"54":0,"55":0,"56":1.45314,"57":8.581599,"58":0.113022,"59":0,"60":0},"opera":{"9":0,"9.5-9.6":0,"10.0-10.1":0,"10.5":0,"10.6":0,"11":0,"11.1":0,"11.5":0,"11.6":0,"12":0,"12.1":0,"15":0,"16":0,"17":0,"18":0,"19":0,"20":0,"21":0,"22":0,"23":0,"24":0,"25":0,"26":0,"27":0,"28":0,"29":0,"30":0,"31":0,"32":0,"33":0,"34":0,"35":0,"36":0.581256,"37":0,"38":0,"39":0,"40":0,"41":0,"42":0,"43":0,"44":0,"45":0,"46":0,"47":0,"48":0,"49":1.13022,"50":0},"safari":{"3.1":0,"3.2":0,"4":0,"5":0,"5.1":0.040365,"6":0,"6.1":0,"7":0.145314,"7.1":0,"8":0,"9":0,"9.1":0,"10":0,"10.1":0.258336,"11":0.548964,"0":null},"ios_saf":{"3.2":0.000935047323662,"4.0-4.1":0.000935047323662,"4.2-4.3":0.0224411357679,"5.0-5.1":0.0215060884442,"6.0-6.1":0.0158958045023,"7.0-7.1":0.0645182653327,"8":0.0177658991496,"8.1-8.4":0.10472530025,"9.0-9.2":0.0757388332166,"9.3":0.453497951976,"10.0-10.2":0.581599435318,"10.3":1.3791948024,"11.0-11.2":6.60704438899},"android":{"2.1":0,"2.2":0,"2.3":0,"3":0,"4":0,"4.1":0.0182432777778,"4.2-4.3":0.0529756720085,"4.4":0.16348783547,"4.4.3-4.4.4":0.0936722147436,"62":null},"op_mob":{"10":null,"11":null,"11.1":null,"11.5":null,"12":null,"12.1":null,"0":null},"ie":{"5.5":0,"6":0.0422180838323,"7":0,"8":0.954128694611,"9":0,"10":0,"11":3.23390522156},"edge":{"12":0,"13":0,"14":0.040365,"15":0.185679,"16":0.363285,"17":0},"samsung":{"4":0.046248,"5":0.046248,"6.2":0},"ie_mob":{"10":0,"11":0},"bb":{"7":0,"10":0},"and_uc":{"0":0.183065},"op_mini":{"0":0},"and_chr":{"0":25.589547},"baidu":{"0":null},"and_ff":{"0":0},"and_qq":{"1.2":null}},"total":98.38759}