{"id":"KR","name":"Korea, Republic of","month":"2017-12","access_date":"2018-01-03","data":{"chrome":{"4":0,"5":0,"6":0,"7":0,"8":0,"9":0,"10":0,"11":0.005223,"12":0,"13":0,"14":0,"15":0,"16":0,"17":0,"18":0.005223,"19":0,"20":0,"21":0,"22":0,"23":0.010446,"24":0,"25":0,"26":0,"27":0.010446,"28":0,"29":0.005223,"30":0.005223,"31":0.250704,"32":0.005223,"33":0,"34":0.005223,"35":0,"36":0,"37":0,"38":0.005223,"39":0.005223,"40":0,"41":0.005223,"42":0.026115,"43":0.010446,"44":0.005223,"45":0.026115,"46":0.005223,"47":0.010446,"48":0.010446,"49":0.329049,"50":0.010446,"51":0.010446,"52":0.010446,"53":0.010446,"54":0.010446,"55":0.094014,"56":0.031338,"57":0.020892,"58":0.067899,"59":0.05223,"60":0.05223,"61":0.146244,"62":5.719185,"63":7.724817,"64":0.015669,"65":0.005223,"66":0},"firefox":{"2":0,"3":0,"3.5":0,"3.6":0,"4":0,"5":0,"6":0,"7":0,"8":0,"9":0,"10":0,"11":0,"12":0,"13":0,"14":0,"15":0,"16":0,"17":0,"18":0,"19":0,"20":0,"21":0,"22":0,"23":0,"24":0,"25":0,"26":0,"27":0,"28":0,"29":0,"30":0,"31":0,"32":0,"33":0,"34":0,"35":0,"36":0,"37":0,"38":0,"39":0,"40":0,"41":0,"42":0,"43":0,"44":0,"45":0.005223,"46":0,"47":0,"48":0.005223,"49":0,"50":0,"51":0,"52":0.020892,"53":0.005223,"54":0.005223,"55":0.005223,"56":0.015669,"57":0.334272,"58":0.010446,"59":0,"60":0},"opera":{"9":0,"9.5-9.6":0,"10.0-10.1":0,"10.5":0,"10.6":0,"11":0,"11.1":0,"11.5":0,"11.6":0,"12":0,"12.1":0,"15":0,"16":0,"17":0,"18":0,"19":0,"20":0,"21":0,"22":0,"23":0,"24":0,"25":0,"26":0,"27":0,"28":0,"29":0,"30":0.005223,"31":0,"32":0.005223,"33":0,"34":0,"35":0,"36":0,"37":0.005223,"38":0,"39":0,"40":0,"41":0,"42":0,"43":0.005223,"44":0,"45":0,"46":0.005223,"47":0,"48":0,"49":0.05223,"50":0},"safari":{"3.1":0,"3.2":0,"4":0,"5":0,"5.1":0.010446,"6":0.005223,"6.1":0.005223,"7":0.005223,"7.1":0,"8":0.026115,"9":0.015669,"9.1":0.073122,"10":0.047007,"10.1":0.114906,"11":0.386502,"0":null},"ios_saf":{"3.2":0.00162897338669,"4.0-4.1":0.00162897338669,"4.2-4.3":0.0390953612806,"5.0-5.1":0.0374663878939,"6.0-6.1":0.0276925475738,"7.0-7.1":0.112399163682,"8":0.0309504943472,"8.1-8.4":0.18244501931,"9.0-9.2":0.131946844322,"9.3":0.790052092546,"10.0-10.2":1.01322144652,"10.3":2.40273574537,"11.0-11.2":11.5103259504},"android":{"2.1":0,"2.2":0,"2.3":0,"3":0,"4":0,"4.1":0.0598617777778,"4.2-4.3":0.173829393162,"4.4":0.536453623932,"4.4.3-4.4.4":0.307367205128,"62":null},"op_mob":{"10":null,"11":null,"11.1":null,"11.5":null,"12":null,"12.1":null,"0":null},"ie":{"5.5":0,"6":0.00522886853933,"7":0.00522886853933,"8":0.287587769663,"9":0.324189849438,"10":0.38693627191,"11":8.29821437191},"edge":{"12":0.005223,"13":0.015669,"14":0.073122,"15":0.282042,"16":0.381279,"17":0},"samsung":{"4":1.07136062022,"5":1.14211084985,"6.2":8.07563335427},"ie_mob":{"10":0,"11":0},"bb":{"7":0.0009554,"10":0.0038216},"and_uc":{"0":0.19108},"op_mini":{"0":0.0814059896907},"and_chr":{"0":39.516997},"baidu":{"0":null},"and_ff":{"0":0.052547},"and_qq":{"1.2":null}},"total":93.458545814}