{"id":"KY","name":"Cayman Islands","month":"2017-12","access_date":"2018-01-03","data":{"chrome":{"4":0,"5":0,"6":0,"7":0,"8":0,"9":0,"10":0,"11":0.005504,"12":0,"13":0,"14":0,"15":0,"16":0,"17":0,"18":0,"19":0,"20":0,"21":0,"22":0,"23":0,"24":0,"25":0,"26":0,"27":0.005504,"28":0,"29":0,"30":0,"31":0,"32":0,"33":0,"34":0.016512,"35":0,"36":0.005504,"37":0.02752,"38":0.02752,"39":0,"40":0,"41":0,"42":0,"43":0.005504,"44":0.005504,"45":0.011008,"46":0,"47":0.011008,"48":0.011008,"49":0.35776,"50":0.005504,"51":0.005504,"52":0.038528,"53":0.033024,"54":0.121088,"55":0.016512,"56":0.022016,"57":0.08256,"58":0.033024,"59":0.016512,"60":0.077056,"61":0.533888,"62":7.518464,"63":7.777152,"64":0.005504,"65":0,"66":0},"firefox":{"2":0.005504,"3":0,"3.5":0,"3.6":0.011008,"4":0,"5":0,"6":0,"7":0,"8":0.005504,"9":0,"10":0,"11":0.005504,"12":0,"13":0,"14":0,"15":0,"16":0,"17":0,"18":0,"19":0,"20":0,"21":0.005504,"22":0,"23":0.011008,"24":0,"25":0,"26":0,"27":0.02752,"28":0,"29":0,"30":0,"31":0,"32":0,"33":0.005504,"34":0,"35":0,"36":0.005504,"37":0.005504,"38":0,"39":0.005504,"40":0,"41":0.005504,"42":0,"43":0.011008,"44":0.005504,"45":0.016512,"46":0,"47":0.011008,"48":0.038528,"49":0.016512,"50":0.02752,"51":0.011008,"52":0.38528,"53":0.016512,"54":0.033024,"55":0.022016,"56":0.05504,"57":1.931904,"58":0.011008,"59":0,"60":0},"opera":{"9":0,"9.5-9.6":0.011008,"10.0-10.1":0,"10.5":0,"10.6":0,"11":0,"11.1":0,"11.5":0,"11.6":0,"12":0,"12.1":0.005504,"15":0,"16":0,"17":0,"18":0,"19":0,"20":0,"21":0,"22":0.005504,"23":0,"24":0,"25":0,"26":0,"27":0,"28":0,"29":0.005504,"30":0,"31":0,"32":0,"33":0,"34":0,"35":0,"36":0,"37":0,"38":0.005504,"39":0.005504,"40":0,"41":0,"42":0,"43":0.011008,"44":0,"45":0,"46":0,"47":0,"48":0,"49":0.121088,"50":0},"safari":{"3.1":0,"3.2":0,"4":0,"5":0,"5.1":0.011008,"6":0,"6.1":0.005504,"7":0.005504,"7.1":0,"8":0.099072,"9":0.071552,"9.1":0.291712,"10":0.148608,"10.1":0.374272,"11":2.025472,"0":null},"ios_saf":{"3.2":0.00379792136068,"4.0-4.1":0.00379792136068,"4.2-4.3":0.0911501126563,"5.0-5.1":0.0873521912956,"6.0-6.1":0.0645646631316,"7.0-7.1":0.262056573887,"8":0.0721605058529,"8.1-8.4":0.425367192396,"9.0-9.2":0.307631630215,"9.3":1.84199185993,"10.0-10.2":2.36230708634,"10.3":5.601934007,"11.0-11.2":26.8361123346},"android":{"2.1":0,"2.2":0,"2.3":0,"3":0,"4":0,"4.1":0.0840613333333,"4.2-4.3":0.244101179487,"4.4":0.753318871795,"4.4.3-4.4.4":0.431622615385,"62":null},"op_mob":{"10":null,"11":null,"11.1":null,"11.5":null,"12":null,"12.1":null,"0":null},"ie":{"5.5":0,"6":0,"7":0.005504,"8":0.022016,"9":0.022016,"10":0.077056,"11":2.36672},"edge":{"12":0.011008,"13":0.060544,"14":0.264192,"15":0.737536,"16":0.594432,"17":0},"samsung":{"4":0.408568543689,"5":0.771740582524,"6.2":3.49553087379},"ie_mob":{"10":0.0116896,"11":0.0467584},"bb":{"7":0.053952,"10":0.215808},"and_uc":{"0":0.40464},"op_mini":{"0":0.170260893471},"and_chr":{"0":24.562208},"baidu":{"0":null},"and_ff":{"0":0.15736},"and_qq":{"1.2":null}},"total":96.6038448935}