{"id":"LA","name":"Lao People's Democratic Republic","month":"2017-12","access_date":"2018-01-03","data":{"chrome":{"4":0,"5":0,"6":0,"7":0,"8":0,"9":0,"10":0,"11":0.009581,"12":0,"13":0,"14":0,"15":0,"16":0,"17":0,"18":0,"19":0,"20":0.000871,"21":0,"22":0,"23":0,"24":0,"25":0,"26":0.000871,"27":0,"28":0,"29":0.000871,"30":0.000871,"31":0.000871,"32":0,"33":0.004355,"34":0,"35":0.000871,"36":0.000871,"37":0,"38":0.001742,"39":0,"40":0.013065,"41":0,"42":0,"43":0.057486,"44":0.000871,"45":0,"46":0.000871,"47":0.000871,"48":0,"49":0.004355,"50":0.000871,"51":0.001742,"52":0.000871,"53":0.002613,"54":0.000871,"55":0.006968,"56":0.002613,"57":0.006097,"58":0.006968,"59":0.003484,"60":0.005226,"61":0.010452,"62":0.159393,"63":0.19162,"64":0.001742,"65":0.000871,"66":0},"firefox":{"2":0,"3":0,"3.5":0,"3.6":0,"4":0,"5":0,"6":0,"7":0,"8":0,"9":0,"10":0,"11":0,"12":0,"13":0,"14":0,"15":0,"16":0,"17":0,"18":0,"19":0,"20":0,"21":0,"22":0,"23":0,"24":0,"25":0,"26":0,"27":0,"28":0,"29":0,"30":0.000871,"31":0,"32":0,"33":0,"34":0,"35":0,"36":0,"37":0,"38":0,"39":0,"40":0,"41":0,"42":0.000871,"43":0.000871,"44":0.000871,"45":0.001742,"46":0.000871,"47":0.004355,"48":0.002613,"49":0,"50":0,"51":0.000871,"52":0.004355,"53":0.001742,"54":0.000871,"55":0.002613,"56":0.006097,"57":0.084487,"58":0.007839,"59":0,"60":0},"opera":{"9":0,"9.5-9.6":0,"10.0-10.1":0,"10.5":0,"10.6":0,"11":0,"11.1":0,"11.5":0,"11.6":0,"12":0,"12.1":0,"15":0,"16":0,"17":0,"18":0.000871,"19":0,"20":0,"21":0.000871,"22":0.002613,"23":0,"24":0,"25":0,"26":0,"27":0,"28":0,"29":0.000871,"30":0.000871,"31":0,"32":0.000871,"33":0,"34":0.001742,"35":0,"36":0,"37":0.047034,"38":0,"39":0,"40":0,"41":0,"42":0,"43":0.005226,"44":0.000871,"45":0,"46":0,"47":0,"48":0,"49":0.007839,"50":0},"safari":{"3.1":0,"3.2":0,"4":0,"5":0,"5.1":0,"6":0,"6.1":0,"7":0.000871,"7.1":0,"8":0.000871,"9":0.000871,"9.1":0.002613,"10":0.001742,"10.1":0.004355,"11":0.013065,"0":null},"ios_saf":{"3.2":0.00157557828914,"4.0-4.1":0.00157557828914,"4.2-4.3":0.0378138789395,"5.0-5.1":0.0362383006503,"6.0-6.1":0.0267848309155,"7.0-7.1":0.108714901951,"8":0.0299359874937,"8.1-8.4":0.176464768384,"9.0-9.2":0.127621841421,"9.3":0.764155470235,"10.0-10.2":0.980009695848,"10.3":2.32397797649,"11.0-11.2":11.1330361911},"android":{"2.1":0,"2.2":0,"2.3":0,"3":0,"4":0,"4.1":0.252775944444,"4.2-4.3":0.73402245406,"4.4":2.26526134829,"4.4.3-4.4.4":1.29790725321,"62":null},"op_mob":{"10":null,"11":null,"11.1":null,"11.5":null,"12":null,"12.1":null,"0":null},"ie":{"5.5":0,"6":0.000950181818182,"7":0,"8":0.00380072727273,"9":0.00190036363636,"10":0.00190036363636,"11":0.0228043636364},"edge":{"12":0.001742,"13":0.001742,"14":0.001742,"15":0.006097,"16":0.003484,"17":0},"samsung":{"4":12.4795611362,"5":1.86838018638,"6.2":2.65025667742},"ie_mob":{"10":0.222056756757,"11":0.188748243243},"bb":{"7":0,"10":0},"and_uc":{"0":1.716252},"op_mini":{"0":1.26184112371},"and_chr":{"0":56.545625},"baidu":{"0":null},"and_ff":{"0":0.136935},"and_qq":{"1.2":null}},"total":98.1313951237}