{"id":"LB","name":"Lebanon","month":"2017-12","access_date":"2018-01-03","data":{"chrome":{"4":0.005188,"5":0,"6":0,"7":0,"8":0.005188,"9":0,"10":0,"11":0.005188,"12":0.005188,"13":0.005188,"14":0,"15":0,"16":0,"17":0,"18":0.005188,"19":0.010376,"20":0,"21":0,"22":0.005188,"23":0,"24":0.046692,"25":0,"26":0.010376,"27":0.005188,"28":0,"29":0.005188,"30":0.015564,"31":0.010376,"32":0.005188,"33":0.010376,"34":0.010376,"35":0.02594,"36":0.005188,"37":0,"38":0.010376,"39":0.005188,"40":0.010376,"41":0,"42":0,"43":0.036316,"44":0.010376,"45":0.015564,"46":0.015564,"47":0.015564,"48":0.005188,"49":0.342408,"50":0.005188,"51":0.020752,"52":0.010376,"53":0.010376,"54":0.005188,"55":0.088196,"56":0.072632,"57":0.134888,"58":0.083008,"59":0.057068,"60":0.108948,"61":0.238648,"62":7.206132,"63":9.172384,"64":0.114136,"65":0.020752,"66":0},"firefox":{"2":0.010376,"3":0,"3.5":0,"3.6":0.005188,"4":0,"5":0,"6":0,"7":0,"8":0,"9":0,"10":0.005188,"11":0,"12":0.005188,"13":0.005188,"14":0,"15":0.015564,"16":0.005188,"17":0,"18":0.015564,"19":0,"20":0,"21":0.036316,"22":0,"23":0.010376,"24":0,"25":0.031128,"26":0,"27":0,"28":0,"29":0.005188,"30":0.005188,"31":0,"32":0.005188,"33":0,"34":0,"35":0.005188,"36":0.005188,"37":0.005188,"38":0.005188,"39":0.015564,"40":0.005188,"41":0,"42":0.005188,"43":0.010376,"44":0.005188,"45":0.010376,"46":0.005188,"47":0.191956,"48":0.145264,"49":0.010376,"50":0.010376,"51":0.010376,"52":0.07782,"53":0.015564,"54":0.010376,"55":0.020752,"56":0.07782,"57":2.427984,"58":0.114136,"59":0,"60":0},"opera":{"9":0,"9.5-9.6":0,"10.0-10.1":0.010376,"10.5":0,"10.6":0,"11":0,"11.1":0,"11.5":0,"11.6":0,"12":0,"12.1":0.005188,"15":0,"16":0,"17":0,"18":0,"19":0,"20":0,"21":0,"22":0,"23":0,"24":0,"25":0,"26":0,"27":0,"28":0,"29":0,"30":0,"31":0.005188,"32":0.005188,"33":0,"34":0,"35":0,"36":0.005188,"37":0.005188,"38":0,"39":0,"40":0,"41":0,"42":0,"43":0.010376,"44":0.005188,"45":0,"46":0,"47":0,"48":0.005188,"49":0.31128,"50":0},"safari":{"3.1":0,"3.2":0,"4":0,"5":0.020752,"5.1":0.010376,"6":0.005188,"6.1":0.015564,"7":0.020752,"7.1":0.010376,"8":0.114136,"9":0.07782,"9.1":0.352784,"10":0.274964,"10.1":0.461732,"11":0.95978,"0":null},"ios_saf":{"3.2":0.00180402681341,"4.0-4.1":0.00180402681341,"4.2-4.3":0.0432966435218,"5.0-5.1":0.0414926167084,"6.0-6.1":0.0306684558279,"7.0-7.1":0.124477850125,"8":0.0342765094547,"8.1-8.4":0.202051003102,"9.0-9.2":0.146126171886,"9.3":0.874953004502,"10.0-10.2":1.12210467794,"10.3":2.66093954977,"11.0-11.2":12.7472534635},"android":{"2.1":0,"2.2":0,"2.3":0,"3":0,"4":0,"4.1":0.183036444444,"4.2-4.3":0.531509675214,"4.4":1.64028813675,"4.4.3-4.4.4":0.93982174359,"62":null},"op_mob":{"10":null,"11":null,"11.1":null,"11.5":null,"12":null,"12.1":null,"0":null},"ie":{"5.5":0,"6":0.0104678230088,"7":0.00523391150442,"8":0.141315610619,"9":0.0628069380531,"10":0.0680408495575,"11":0.894998867257},"edge":{"12":0.062256,"13":0.067444,"14":0.119324,"15":0.326844,"16":0.295716,"17":0},"samsung":{"4":1.89610958491,"5":0.638906490566,"6.2":4.01892792453},"ie_mob":{"10":0,"11":0.028872},"bb":{"7":0.0115488,"10":0.0461952},"and_uc":{"0":1.977732},"op_mini":{"0":0.779023113402},"and_chr":{"0":37.94548},"baidu":{"0":null},"and_ff":{"0":0.134736},"and_qq":{"1.2":null}},"total":94.9146391134}