{"id":"LC","name":"Saint Lucia","month":"2017-12","access_date":"2018-01-03","data":{"chrome":{"4":0,"5":0,"6":0,"7":0,"8":0,"9":0,"10":0,"11":0.005522,"12":0,"13":0,"14":0,"15":0,"16":0,"17":0,"18":0,"19":0,"20":0.005522,"21":0,"22":0.016566,"23":0,"24":0,"25":0,"26":0,"27":0,"28":0,"29":0,"30":0,"31":0.005522,"32":0.005522,"33":0,"34":0.011044,"35":0,"36":0,"37":0.005522,"38":0.011044,"39":0,"40":0.005522,"41":0.005522,"42":0,"43":0.011044,"44":0,"45":0.033132,"46":0.011044,"47":0.022088,"48":0,"49":0.430716,"50":0.011044,"51":0.011044,"52":0.011044,"53":0.05522,"54":0.022088,"55":0.016566,"56":0.049698,"57":0.176704,"58":0.02761,"59":0.02761,"60":0.154616,"61":0.154616,"62":6.946676,"63":8.321654,"64":0.143572,"65":0.011044,"66":0},"firefox":{"2":0,"3":0,"3.5":0,"3.6":0,"4":0,"5":0,"6":0,"7":0,"8":0,"9":0,"10":0,"11":0,"12":0,"13":0,"14":0,"15":0,"16":0,"17":0,"18":0,"19":0,"20":0,"21":0,"22":0.005522,"23":0,"24":0,"25":0,"26":0,"27":0,"28":0,"29":0,"30":0,"31":0,"32":0,"33":0,"34":0,"35":0,"36":0.005522,"37":0,"38":0,"39":0.005522,"40":0,"41":0,"42":0.005522,"43":0.011044,"44":0.011044,"45":0.011044,"46":0,"47":0.02761,"48":0.02761,"49":0.011044,"50":0.005522,"51":0.011044,"52":0.066264,"53":0.005522,"54":0.011044,"55":0.005522,"56":0.104918,"57":2.059706,"58":0.071786,"59":0,"60":0},"opera":{"9":0,"9.5-9.6":0,"10.0-10.1":0,"10.5":0,"10.6":0,"11":0,"11.1":0,"11.5":0,"11.6":0,"12":0,"12.1":0,"15":0,"16":0,"17":0.022088,"18":0,"19":0,"20":0,"21":0,"22":0.005522,"23":0,"24":0,"25":0,"26":0,"27":0,"28":0,"29":0.005522,"30":0,"31":0.011044,"32":0.005522,"33":0,"34":0,"35":0,"36":0.011044,"37":0.005522,"38":0,"39":0,"40":0,"41":0,"42":0,"43":0.049698,"44":0.005522,"45":0,"46":0,"47":0,"48":0.016566,"49":0.35893,"50":0.005522},"safari":{"3.1":0,"3.2":0,"4":0,"5":0.005522,"5.1":0.038654,"6":0,"6.1":0.066264,"7":0,"7.1":0,"8":0.011044,"9":0.093874,"9.1":0.066264,"10":0.033132,"10.1":0.154616,"11":1.143054,"0":null},"ios_saf":{"3.2":0.0010960088044,"4.0-4.1":0.0010960088044,"4.2-4.3":0.0263042113057,"5.0-5.1":0.0252082025013,"6.0-6.1":0.0186321496748,"7.0-7.1":0.0756246075038,"8":0.0208241672836,"8.1-8.4":0.122752986093,"9.0-9.2":0.0887767131566,"9.3":0.531564270135,"10.0-10.2":0.681717476338,"10.3":1.61661298649,"11.0-11.2":7.74439821191},"android":{"2.1":0,"2.2":0,"2.3":0,"3":0,"4":0,"4.1":0.217512222222,"4.2-4.3":0.631622029915,"4.4":1.9492441453,"4.4.3-4.4.4":1.11684160256,"62":null},"op_mob":{"10":null,"11":null,"11.1":null,"11.5":null,"12":null,"12.1":null,"0":null},"ie":{"5.5":0,"6":0,"7":0,"8":0.049698,"9":0.022088,"10":0.022088,"11":1.176186},"edge":{"12":0.066264,"13":0.127006,"14":0.392062,"15":2.286108,"16":0.988438,"17":0},"samsung":{"4":0.81528031746,"5":0.220346031746,"6.2":1.74073365079},"ie_mob":{"10":0.0120906,"11":0.4715334},"bb":{"7":0.013434,"10":0.053736},"and_uc":{"0":0.62692},"op_mini":{"0":0.521456175258},"and_chr":{"0":51.005382},"baidu":{"0":null},"and_ff":{"0":0.161208},"and_qq":{"1.2":null}},"total":96.9457621753}