{"id":"LU","name":"Luxembourg","month":"2017-12","access_date":"2018-01-03","data":{"chrome":{"4":0,"5":0,"6":0,"7":0,"8":0,"9":0,"10":0,"11":0.006706,"12":0,"13":0,"14":0,"15":0,"16":0,"17":0,"18":0,"19":0,"20":0,"21":0,"22":0.006706,"23":0,"24":0,"25":0,"26":0,"27":0,"28":0,"29":0.274946,"30":0,"31":0,"32":0.006706,"33":0,"34":0.006706,"35":0,"36":0.006706,"37":0,"38":0.013412,"39":0.040236,"40":0.013412,"41":0.006706,"42":0.006706,"43":0.013412,"44":0.006706,"45":0.006706,"46":0.006706,"47":0.006706,"48":0.006706,"49":0.53648,"50":0.006706,"51":0.013412,"52":0.03353,"53":0.060354,"54":0.107296,"55":0.107296,"56":0.087178,"57":0.073766,"58":0.06706,"59":0.073766,"60":0.107296,"61":0.288358,"62":6.652352,"63":7.671664,"64":0.040236,"65":0.006706,"66":0},"firefox":{"2":0,"3":0,"3.5":0,"3.6":0.006706,"4":0,"5":0,"6":0,"7":0,"8":0,"9":0,"10":0,"11":0,"12":0.006706,"13":0,"14":0,"15":0,"16":0.006706,"17":0,"18":0,"19":0,"20":0,"21":0.006706,"22":0,"23":0,"24":0.013412,"25":0.006706,"26":0,"27":0,"28":0,"29":0.006706,"30":0,"31":0.006706,"32":0.006706,"33":0.006706,"34":0.013412,"35":0.03353,"36":0.006706,"37":0.006706,"38":0.154238,"39":0,"40":0.013412,"41":0.026824,"42":0.026824,"43":0.060354,"44":0,"45":0.274946,"46":0.013412,"47":0.040236,"48":0.114002,"49":0.026824,"50":0.06706,"51":0.040236,"52":0.878486,"53":0.046942,"54":0.093884,"55":0.03353,"56":0.207886,"57":5.954928,"58":0.060354,"59":0.026824,"60":0},"opera":{"9":0,"9.5-9.6":0,"10.0-10.1":0,"10.5":0,"10.6":0,"11":0,"11.1":0,"11.5":0,"11.6":0,"12":0,"12.1":0.013412,"15":0.006706,"16":0,"17":0,"18":0,"19":0,"20":0,"21":0,"22":0,"23":0,"24":0,"25":0,"26":0,"27":0,"28":0,"29":0,"30":0,"31":0,"32":0,"33":0,"34":0,"35":0,"36":0.046942,"37":0,"38":0.006706,"39":0.006706,"40":0,"41":0,"42":0,"43":0.03353,"44":0.006706,"45":0,"46":0.006706,"47":0,"48":0.006706,"49":0.576716,"50":0},"safari":{"3.1":0,"3.2":0,"4":0.006706,"5":0.020118,"5.1":0.073766,"6":0.020118,"6.1":0.053648,"7":0.03353,"7.1":0,"8":0.053648,"9":0.046942,"9.1":0.36883,"10":0.342006,"10.1":0.697424,"11":3.433472,"0":null},"ios_saf":{"3.2":0.0032935969985,"4.0-4.1":0.0032935969985,"4.2-4.3":0.079046327964,"5.0-5.1":0.0757527309655,"6.0-6.1":0.0559911489745,"7.0-7.1":0.227258192896,"8":0.0625783429715,"8.1-8.4":0.368882863832,"9.0-9.2":0.266781356878,"9.3":1.59739454427,"10.0-10.2":2.04861733307,"10.3":4.85805557279,"11.0-11.2":23.2725563914},"android":{"2.1":0,"2.2":0,"2.3":0,"3":0,"4":0,"4.1":0.0397383333333,"4.2-4.3":0.11539400641,"4.4":0.356116602564,"4.4.3-4.4.4":0.204041057692,"62":null},"op_mob":{"10":null,"11":null,"11.1":null,"11.5":null,"12":null,"12.1":null,"0":null},"ie":{"5.5":0,"6":0,"7":0.698872440291,"8":1.49854379024,"9":0.14111847352,"10":0.0873590550363,"11":4.04539624091},"edge":{"12":0.020118,"13":0.040236,"14":0.3353,"15":3.11829,"16":0.898604,"17":0},"samsung":{"4":0.354922973154,"5":0.311902006711,"6.2":2.53823702013},"ie_mob":{"10":0.011529,"11":0.057645},"bb":{"7":0.0059292,"10":0.0237168},"and_uc":{"0":0.29646},"op_mini":{"0":0.224535340206},"and_chr":{"0":17.235748},"baidu":{"0":null},"and_ff":{"0":0.260226},"and_qq":{"1.2":null}},"total":96.3651933402}