{"id":"LV","name":"Latvia","month":"2017-12","access_date":"2018-01-03","data":{"chrome":{"4":0,"5":0,"6":0,"7":0,"8":0,"9":0,"10":0.007884,"11":0.023652,"12":0,"13":0,"14":0,"15":0.015768,"16":0,"17":0,"18":0.023652,"19":0,"20":0.031536,"21":0.007884,"22":0.031536,"23":0.007884,"24":0,"25":0.007884,"26":0.007884,"27":0.015768,"28":0,"29":0.03942,"30":0.007884,"31":0.110376,"32":0.007884,"33":0,"34":0.023652,"35":0,"36":0.015768,"37":0.015768,"38":0.023652,"39":0.007884,"40":0.023652,"41":0.031536,"42":0.007884,"43":0.023652,"44":0.023652,"45":0.023652,"46":0.015768,"47":0.023652,"48":0.007884,"49":1.009152,"50":0.031536,"51":0.063072,"52":0.023652,"53":0.047304,"54":0.023652,"55":0.141912,"56":0.181332,"57":0.141912,"58":0.212868,"59":0.252288,"60":0.559764,"61":0.583416,"62":14.640588,"63":18.078012,"64":0.110376,"65":0.047304,"66":0},"firefox":{"2":0,"3":0,"3.5":0.015768,"3.6":0.007884,"4":0,"5":0,"6":0,"7":0,"8":0,"9":0.015768,"10":0.070956,"11":0,"12":0.015768,"13":0,"14":0,"15":0,"16":0.007884,"17":0,"18":0.007884,"19":0.007884,"20":0.007884,"21":0.007884,"22":0.015768,"23":0.03942,"24":0.181332,"25":0.007884,"26":0.007884,"27":0.007884,"28":0.031536,"29":0.007884,"30":0.007884,"31":0.015768,"32":0.015768,"33":0.023652,"34":0.007884,"35":0.015768,"36":0.007884,"37":0.023652,"38":0.110376,"39":0.007884,"40":0.023652,"41":0.015768,"42":0.03942,"43":0.023652,"44":0.03942,"45":0.370548,"46":0.031536,"47":0.086724,"48":0.141912,"49":0.047304,"50":0.063072,"51":0.063072,"52":0.890892,"53":0.094608,"54":0.11826,"55":0.102492,"56":0.260172,"57":8.2782,"58":0.165564,"59":0.007884,"60":0},"opera":{"9":0,"9.5-9.6":0,"10.0-10.1":0,"10.5":0,"10.6":0,"11":0,"11.1":0,"11.5":0,"11.6":0.007884,"12":0,"12.1":0.047304,"15":0,"16":0,"17":0,"18":0,"19":0,"20":0,"21":0,"22":0,"23":0,"24":0,"25":0,"26":0,"27":0,"28":0,"29":0,"30":0,"31":0,"32":0,"33":0,"34":0,"35":0,"36":0.063072,"37":0.007884,"38":0.015768,"39":0,"40":0,"41":0,"42":0.007884,"43":0.023652,"44":0.007884,"45":0.007884,"46":0.015768,"47":0,"48":0.031536,"49":1.947348,"50":0.031536},"safari":{"3.1":0,"3.2":0,"4":0.007884,"5":0.015768,"5.1":0.055188,"6":0.031536,"6.1":0.007884,"7":0.015768,"7.1":0,"8":0.047304,"9":0.055188,"9.1":0.204984,"10":0.220752,"10.1":0.449388,"11":1.947348,"0":null},"ios_saf":{"3.2":0.0010420154077,"4.0-4.1":0.0010420154077,"4.2-4.3":0.0250083697849,"5.0-5.1":0.0239663543772,"6.0-6.1":0.017714261931,"7.0-7.1":0.0718990631316,"8":0.0197982927464,"8.1-8.4":0.116705725663,"9.0-9.2":0.084403248024,"9.3":0.505377472736,"10.0-10.2":0.648133583592,"10.3":1.53697272636,"11.0-11.2":7.36288087084},"android":{"2.1":0,"2.2":0,"2.3":0,"3":0,"4":0,"4.1":0.0646108888889,"4.2-4.3":0.187620081197,"4.4":0.579012965812,"4.4.3-4.4.4":0.331752064103,"62":null},"op_mob":{"10":null,"11":null,"11.1":null,"11.5":null,"12":null,"12.1":null,"0":null},"ie":{"5.5":0,"6":0.00793168548387,"7":0.00793168548387,"8":0.586944725806,"9":0.10311191129,"10":0.126906967742,"11":3.10128902419},"edge":{"12":0.086724,"13":0.047304,"14":0.244404,"15":0.733212,"16":0.756864,"17":0},"samsung":{"4":0.425671962617,"5":0.197262616822,"6.2":1.59886542056},"ie_mob":{"10":0.0175790769231,"11":0.210948923077},"bb":{"7":0.0016928,"10":0.0067712},"and_uc":{"0":0.099452},"op_mini":{"0":0.176289704467},"and_chr":{"0":22.526468},"baidu":{"0":null},"and_ff":{"0":0.133308},"and_qq":{"1.2":null}},"total":96.3781897045}