{"id":"MD","name":"Moldova","month":"2017-12","access_date":"2018-01-03","data":{"chrome":{"4":0.014868,"5":0.156114,"6":0.007434,"7":null,"8":0.014868,"9":0.022302,"10":0.029736,"11":0.066906,"12":0.044604,"13":0.029736,"14":0.059472,"15":0.304794,"16":0.215586,"17":0.163548,"18":0.096642,"19":0.104076,"20":0.029736,"21":0.096642,"22":0.126378,"23":0.18585,"24":0.07434,"25":0.11151,"26":0.252756,"27":0.096642,"28":0.059472,"29":0.26019,"30":0.03717,"31":0.029736,"32":0.014868,"33":0.014868,"34":0.059472,"35":0.081774,"36":0.014868,"37":null,"38":0.022302,"39":0.118944,"40":0.141246,"41":0.089208,"42":0.029736,"43":0.03717,"44":0.014868,"45":0.022302,"46":0.014868,"47":0.03717,"48":0.156114,"49":1.583442,"50":0.029736,"51":0.044604,"52":0.029736,"53":0.03717,"54":0.052038,"55":0.07434,"56":0.40887,"57":0.104076,"58":0.22302,"59":0.215586,"60":0.431172,"61":0.602154,"62":18.36198,"63":22.941324,"64":0.066906,"65":0.022302,"66":null},"firefox":{"2":0.014868,"3":0.141246,"3.5":0.11151,"3.6":0.646758,"4":0.126378,"5":0.081774,"6":0.03717,"7":0.022302,"8":0.014868,"9":0.104076,"10":0.104076,"11":0.022302,"12":0.03717,"13":0.052038,"14":0.022302,"15":0.022302,"16":0.178416,"17":0.118944,"18":0.014868,"19":0.014868,"20":0.022302,"21":0.22302,"22":0.022302,"23":0.03717,"24":0.163548,"25":0.044604,"26":0.014868,"27":0.007434,"28":null,"29":0.022302,"30":null,"31":0.03717,"32":0.022302,"33":0.044604,"34":null,"35":0.022302,"36":0.014868,"37":0.014868,"38":0.03717,"39":null,"40":0.014868,"41":null,"42":null,"43":0.022302,"44":0.007434,"45":0.141246,"46":null,"47":0.059472,"48":0.089208,"49":0.029736,"50":0.022302,"51":0.044604,"52":1.865934,"53":0.03717,"54":0.089208,"55":0.126378,"56":0.29736,"57":3.322998,"58":0.081774,"59":null,"60":null},"opera":{"9":null,"9.5-9.6":0.007434,"10.0-10.1":0,"10.5":0.118944,"10.6":0.066906,"11":0.059472,"11.1":0.022302,"11.5":0.052038,"11.6":0.33453,"12":0.104076,"12.1":0.639324,"15":null,"16":null,"17":null,"18":null,"19":null,"20":0.104076,"21":0.014868,"22":null,"23":null,"24":0.007434,"25":0.007434,"26":null,"27":0.118944,"28":null,"29":0.089208,"30":null,"31":null,"32":null,"33":null,"34":null,"35":null,"36":0.104076,"37":null,"38":null,"39":0.007434,"40":null,"41":null,"42":0.007434,"43":0.022302,"44":null,"45":0.029736,"46":0.014868,"47":0.014868,"48":0.044604,"49":2.52756,"50":0.007434},"safari":{"3.1":null,"3.2":0.014868,"4":0.07434,"5":0.215586,"5.1":0.059472,"6":0.029736,"6.1":0.014868,"7":0.044604,"7.1":null,"8":0.014868,"9":0.014868,"9.1":0.059472,"10":0.044604,"10.1":0.126378,"11":1.107666,"0":null},"ios_saf":{"3.2":0.000346448224112,"4.0-4.1":0.000346448224112,"4.2-4.3":0.00831475737869,"5.0-5.1":0.00796830915458,"6.0-6.1":0.0058896198099,"7.0-7.1":0.0239049274637,"8":0.00658251625813,"8.1-8.4":0.0388022011006,"9.0-9.2":0.0280623061531,"9.3":0.168027388694,"10.0-10.2":0.215490795398,"10.3":0.511011130565,"11.0-11.2":2.44800315158},"android":{"2.1":0,"2.2":0,"2.3":0,"3":0,"4":0,"4.1":0.0585675,"4.2-4.3":0.170071009615,"4.4":0.524854903846,"4.4.3-4.4.4":0.300721586538,"62":null},"op_mob":{"10":null,"11":null,"11.1":null,"11.5":null,"12":null,"12.1":null,"0":null},"ie":{"5.5":null,"6":0.093049492823,"7":0.100803617225,"8":2.33399144498,"9":0.356689722488,"10":0.69011707177,"11":1.28718465072},"edge":{"12":0.029736,"13":0.03717,"14":0.11151,"15":0.505512,"16":0.312228,"17":null},"samsung":{"4":0.476196387097,"5":0.205630258065,"6.2":0.995683354839},"ie_mob":{"10":0.0353270454545,"11":0.223737954545},"bb":{"7":0.003591,"10":0.014364},"and_uc":{"0":0.17442},"op_mini":{"0":0.352114561856},"and_chr":{"0":18.684144},"baidu":{"0":null},"and_ff":{"0":0.248805},"and_qq":{"1.2":null}},"total":95.8180125619}