{"id":"MG","name":"Madagascar","month":"2017-12","access_date":"2018-01-03","data":{"chrome":{"4":0,"5":0,"6":0,"7":0,"8":0,"9":0,"10":0,"11":0.005253,"12":0,"13":0,"14":0,"15":0,"16":0,"17":0,"18":0,"19":0,"20":0,"21":0,"22":0,"23":0,"24":0,"25":0,"26":0,"27":0,"28":0,"29":0,"30":0,"31":0.001751,"32":0,"33":0,"34":0,"35":0,"36":0.003502,"37":0,"38":0,"39":0,"40":0.001751,"41":0,"42":0,"43":0.010506,"44":0,"45":0.001751,"46":0.001751,"47":0.001751,"48":0.003502,"49":0.064787,"50":0.001751,"51":0.003502,"52":0.001751,"53":0.001751,"54":0.001751,"55":0.003502,"56":0.003502,"57":0.012257,"58":0.012257,"59":0.008755,"60":0.015759,"61":0.022763,"62":0.532304,"63":0.654874,"64":0.001751,"65":0.001751,"66":0},"firefox":{"2":0,"3":0.021012,"3.5":0,"3.6":0.001751,"4":0,"5":0.001751,"6":0,"7":0,"8":0,"9":0,"10":0,"11":0,"12":0.001751,"13":0,"14":0,"15":0.001751,"16":0.003502,"17":0.001751,"18":0.001751,"19":0.001751,"20":0,"21":0,"22":0,"23":0.005253,"24":0,"25":0,"26":0.001751,"27":0.003502,"28":0.001751,"29":0.001751,"30":0.003502,"31":0.001751,"32":0.033269,"33":0.003502,"34":0,"35":0.005253,"36":0.003502,"37":0.005253,"38":0.005253,"39":0.003502,"40":0.005253,"41":0.003502,"42":0.001751,"43":0.022763,"44":0.005253,"45":0.010506,"46":0.001751,"47":0.029767,"48":0.028016,"49":0.019261,"50":0.008755,"51":0.007004,"52":0.085799,"53":0.007004,"54":0.008755,"55":0.008755,"56":0.033269,"57":0.605846,"58":0.019261,"59":0,"60":0},"opera":{"9":0,"9.5-9.6":0,"10.0-10.1":0.003502,"10.5":0,"10.6":0,"11":0,"11.1":0,"11.5":0,"11.6":0,"12":0.001751,"12.1":0.015759,"15":0.001751,"16":0.001751,"17":0.001751,"18":0.007004,"19":0.003502,"20":0.008755,"21":0.001751,"22":0.001751,"23":0,"24":0,"25":0,"26":0,"27":0,"28":0.005253,"29":0.003502,"30":0.007004,"31":0.001751,"32":0.003502,"33":0,"34":0.001751,"35":0.005253,"36":0.007004,"37":0.007004,"38":0,"39":0,"40":0,"41":0,"42":0,"43":0.007004,"44":0.001751,"45":0.001751,"46":0.001751,"47":0.001751,"48":0.005253,"49":0.103309,"50":0},"safari":{"3.1":0,"3.2":0,"4":0,"5":0,"5.1":0.001751,"6":0.001751,"6.1":0,"7":0,"7.1":0,"8":0,"9":0.003502,"9.1":0.014008,"10":0.001751,"10.1":0.01751,"11":0.021012,"0":null},"ios_saf":{"3.2":6.56087043522e-5,"4.0-4.1":6.56087043522e-5,"4.2-4.3":0.00157460890445,"5.0-5.1":0.0015090002001,"6.0-6.1":0.00111534797399,"7.0-7.1":0.0045270006003,"8":0.00124656538269,"8.1-8.4":0.00734817488744,"9.0-9.2":0.00531430505253,"9.3":0.0318202216108,"10.0-10.2":0.0408086141071,"10.3":0.0967728389195,"11.0-11.2":0.463591104952},"android":{"2.1":0,"2.2":0,"2.3":0,"3":0,"4":0,"4.1":0.3903155,"4.2-4.3":1.13341616346,"4.4":3.49782736538,"4.4.3-4.4.4":2.00411997115,"62":null},"op_mob":{"10":null,"11":null,"11.1":null,"11.5":null,"12":null,"12.1":null,"0":null},"ie":{"5.5":0,"6":0.00182198648649,"7":0.00182198648649,"8":0.0163978783784,"9":0.00546595945946,"10":0.00364397297297,"11":0.105675216216},"edge":{"12":0.003502,"13":0.003502,"14":0.008755,"15":0.015759,"16":0.008755,"17":0},"samsung":{"4":0.274120615385,"5":0.0304578461538,"6.2":0.0913735384615},"ie_mob":{"10":0.049494,"11":0.272217},"bb":{"7":0.0214474,"10":0.0857896},"and_uc":{"0":15.326642},"op_mini":{"0":45.5066573419},"and_chr":{"0":9.716458},"baidu":{"0":null},"and_ff":{"0":0.255719},"and_qq":{"1.2":null}},"total":82.1659443419}