{"id":"MH","name":"Marshall Islands","month":"2017-12","access_date":"2018-01-03","data":{"chrome":{"4":0,"5":0,"6":0,"7":0,"8":0,"9":0,"10":0,"11":0,"12":0,"13":0,"14":0,"15":0,"16":0,"17":0,"18":0,"19":0,"20":0,"21":0,"22":0,"23":0,"24":0,"25":0,"26":0,"27":0,"28":0,"29":0,"30":0,"31":0.005656,"32":0.005656,"33":0,"34":0,"35":0,"36":0.016968,"37":0,"38":0.011312,"39":0.005656,"40":0,"41":0,"42":0,"43":0.005656,"44":0,"45":0.045248,"46":0.005656,"47":0,"48":0.022624,"49":0.237552,"50":0,"51":0.011312,"52":0.011312,"53":0.005656,"54":0,"55":1.10292,"56":0.305424,"57":1.30088,"58":0,"59":0.107464,"60":0.033936,"61":0.08484,"62":6.549648,"63":8.563184,"64":0.039592,"65":0,"66":0},"firefox":{"2":0,"3":0,"3.5":0,"3.6":0,"4":0,"5":0,"6":0,"7":0,"8":0,"9":0,"10":0,"11":0,"12":0,"13":0,"14":0,"15":0,"16":0,"17":0,"18":0,"19":0,"20":0,"21":0,"22":0,"23":0,"24":0,"25":0,"26":0,"27":0,"28":0.011312,"29":0.005656,"30":0.011312,"31":0.005656,"32":0,"33":0,"34":0,"35":0,"36":0,"37":0,"38":0,"39":0,"40":0,"41":0.011312,"42":0,"43":0,"44":0,"45":0,"46":0,"47":0.033936,"48":0,"49":0.05656,"50":0,"51":0,"52":0,"53":0.005656,"54":0,"55":0.005656,"56":0.022624,"57":1.9796,"58":0.096152,"59":0,"60":0},"opera":{"9":0,"9.5-9.6":0,"10.0-10.1":0,"10.5":0,"10.6":0,"11":0,"11.1":0,"11.5":0,"11.6":0,"12":0,"12.1":0,"15":0,"16":0,"17":0,"18":0,"19":0,"20":0,"21":0,"22":0,"23":0,"24":0,"25":0,"26":0,"27":0,"28":0,"29":0,"30":0,"31":0,"32":0.011312,"33":0,"34":0,"35":0,"36":0,"37":0.005656,"38":0,"39":0,"40":0,"41":0,"42":0.005656,"43":0,"44":0,"45":0,"46":0,"47":0,"48":0,"49":0.022624,"50":0},"safari":{"3.1":0,"3.2":0,"4":0,"5":0,"5.1":0,"6":0,"6.1":0,"7":0,"7.1":0,"8":0,"9":0.039592,"9.1":0.011312,"10":0.016968,"10.1":0.101808,"11":0.429856,"0":null},"ios_saf":{"3.2":0.00233686203102,"4.0-4.1":0.00233686203102,"4.2-4.3":0.0560846887444,"5.0-5.1":0.0537478267134,"6.0-6.1":0.0397266545273,"7.0-7.1":0.16124348014,"8":0.0444003785893,"8.1-8.4":0.261728547474,"9.0-9.2":0.189285824512,"9.3":1.13337808504,"10.0-10.2":1.45352818329,"10.3":3.44687149575,"11.0-11.2":16.5122671112},"android":{"2.1":0,"2.2":0,"2.3":0,"3":0,"4":0,"4.1":0.164476888889,"4.2-4.3":0.477615581197,"4.4":1.47396596581,"4.4.3-4.4.4":0.844525564103,"62":null},"op_mob":{"10":null,"11":null,"11.1":null,"11.5":null,"12":null,"12.1":null,"0":null},"ie":{"5.5":0,"6":0.0174783157895,"7":0,"8":0.0582610526316,"9":0.0174783157895,"10":0.0174783157895,"11":0.664176},"edge":{"12":0.033936,"13":0.05656,"14":0.780528,"15":4.106256,"16":1.097264,"17":0},"samsung":{"4":1.02808,"5":0,"6.2":0.51404},"ie_mob":{"10":0,"11":0.121632},"bb":{"7":0,"10":0},"and_uc":{"0":0.443088},"op_mini":{"0":0.366023051546},"and_chr":{"0":41.000416},"baidu":{"0":null},"and_ff":{"0":0.039096},"and_qq":{"1.2":null}},"total":98.0476790515}