{"id":"MK","name":"Macedonia","month":"2017-12","access_date":"2018-01-03","data":{"chrome":{"4":0,"5":0,"6":0,"7":0,"8":0,"9":0,"10":0,"11":0.006608,"12":0,"13":0,"14":0,"15":0,"16":0.006608,"17":0,"18":0.006608,"19":0,"20":0,"21":0.013216,"22":0.019824,"23":0,"24":0,"25":0,"26":0.026432,"27":0,"28":0,"29":0.072688,"30":0,"31":0.019824,"32":0.006608,"33":0.006608,"34":0.03304,"35":0,"36":0.006608,"37":0.013216,"38":0.03304,"39":0.06608,"40":0.026432,"41":0,"42":0.013216,"43":0.046256,"44":0.019824,"45":0.006608,"46":0.013216,"47":0.046256,"48":0.052864,"49":2.788576,"50":0.013216,"51":0.026432,"52":0.006608,"53":0.026432,"54":0.06608,"55":0.072688,"56":0.244496,"57":0.085904,"58":0.337008,"59":0.39648,"60":0.370048,"61":0.4956,"62":11.13448,"63":15.284304,"64":0.06608,"65":0.019824,"66":0},"firefox":{"2":0.006608,"3":0,"3.5":0,"3.6":0.039648,"4":0.006608,"5":0.006608,"6":0.006608,"7":0,"8":0,"9":0,"10":0,"11":0,"12":0,"13":0.026432,"14":0.013216,"15":0,"16":0.006608,"17":0.079296,"18":0.006608,"19":0.013216,"20":0,"21":0.006608,"22":0,"23":0.006608,"24":0.006608,"25":0,"26":0.006608,"27":0,"28":0,"29":0,"30":0,"31":0.006608,"32":0.006608,"33":0.006608,"34":0,"35":0.019824,"36":0.006608,"37":0.006608,"38":0.013216,"39":0.006608,"40":0.013216,"41":0.019824,"42":0.013216,"43":0.026432,"44":0.006608,"45":0.013216,"46":0.006608,"47":0.039648,"48":0.125552,"49":0.039648,"50":0.046256,"51":0.052864,"52":0.878864,"53":0.079296,"54":0.06608,"55":0.079296,"56":0.1652,"57":4.539696,"58":0.06608,"59":0.006608,"60":0},"opera":{"9":0,"9.5-9.6":0,"10.0-10.1":0,"10.5":0,"10.6":0,"11":0,"11.1":0,"11.5":0,"11.6":0,"12":0.006608,"12.1":0.013216,"15":0,"16":0,"17":0,"18":0,"19":0,"20":0,"21":0,"22":0,"23":0,"24":0,"25":0,"26":0,"27":0,"28":0,"29":0.006608,"30":0.006608,"31":0.013216,"32":0,"33":0,"34":0,"35":0,"36":0.079296,"37":0,"38":0,"39":0,"40":0.006608,"41":0,"42":0.013216,"43":0.013216,"44":0.006608,"45":0.046256,"46":0.03304,"47":0.03304,"48":0.019824,"49":1.25552,"50":0},"safari":{"3.1":0,"3.2":0,"4":0,"5":0.006608,"5.1":0.006608,"6":0,"6.1":0,"7":0.013216,"7.1":0,"8":0.006608,"9":0.026432,"9.1":0.013216,"10":0.039648,"10.1":0.052864,"11":0.350224,"0":null},"ios_saf":{"3.2":0.000936029614807,"4.0-4.1":0.000936029614807,"4.2-4.3":0.0224647107554,"5.0-5.1":0.0215286811406,"6.0-6.1":0.0159125034517,"7.0-7.1":0.0645860434217,"8":0.0177845626813,"8.1-8.4":0.104835316858,"9.0-9.2":0.0758183987994,"9.3":0.453974363182,"10.0-10.2":0.58221042041,"10.3":1.38064368184,"11.0-11.2":6.61398525823},"android":{"2.1":0,"2.2":0,"2.3":0,"3":0,"4":0,"4.1":0.121528888889,"4.2-4.3":0.352901196581,"4.4":1.08908581197,"4.4.3-4.4.4":0.624004102564,"62":null},"op_mob":{"10":null,"11":null,"11.1":null,"11.5":null,"12":null,"12.1":null,"0":null},"ie":{"5.5":0,"6":0.00673756862745,"7":0.0134751372549,"8":0.101063529412,"9":0.0539005490196,"10":0.0336878431373,"11":0.821983372549},"edge":{"12":0.039648,"13":0.026432,"14":0.158592,"15":0.303968,"16":0.19824,"17":0},"samsung":{"4":0.427392,"5":0.111936,"6.2":1.027776},"ie_mob":{"10":0.0213211428571,"11":0.202550857143},"bb":{"7":0.0040704,"10":0.0162816},"and_uc":{"0":0.054272},"op_mini":{"0":0.157354996564},"and_chr":{"0":41.809216},"baidu":{"0":null},"and_ff":{"0":0.094976},"and_qq":{"1.2":null}},"total":97.8870349966}