{"id":"ML","name":"Mali","month":"2017-12","access_date":"2018-01-03","data":{"chrome":{"4":0,"5":0,"6":0,"7":0,"8":0,"9":0,"10":0,"11":0,"12":0,"13":0,"14":0,"15":0,"16":0,"17":0,"18":0,"19":0,"20":0,"21":0,"22":0,"23":0,"24":0,"25":0,"26":0,"27":0.000383,"28":0,"29":0,"30":0,"31":0,"32":0,"33":0,"34":0,"35":0,"36":0,"37":0.000383,"38":0,"39":0,"40":0,"41":0,"42":0,"43":0.000383,"44":0,"45":0,"46":0,"47":0,"48":0,"49":0.003064,"50":0,"51":0,"52":0,"53":0,"54":0,"55":0.000766,"56":0,"57":0.000766,"58":0.000383,"59":0,"60":0.000383,"61":0.001149,"62":0.018384,"63":0.021065,"64":0.000383,"65":0,"66":0},"firefox":{"2":0,"3":0.027576,"3.5":0,"3.6":0.000383,"4":0,"5":0,"6":0,"7":0,"8":0,"9":0,"10":0,"11":0,"12":0,"13":0,"14":0,"15":0,"16":0,"17":0,"18":0,"19":0,"20":0,"21":0,"22":0,"23":0,"24":0,"25":0,"26":0,"27":0,"28":0,"29":0,"30":0,"31":0,"32":0.001915,"33":0,"34":0,"35":0,"36":0,"37":0,"38":0,"39":0,"40":0,"41":0.000383,"42":0,"43":0.000766,"44":0,"45":0.000383,"46":0.000383,"47":0.001149,"48":0.000766,"49":0.000766,"50":0.000383,"51":0.000383,"52":0.001149,"53":0.000383,"54":0.000383,"55":0,"56":0.001149,"57":0.030257,"58":0,"59":0,"60":0},"opera":{"9":0,"9.5-9.6":0,"10.0-10.1":0,"10.5":0,"10.6":0,"11":0,"11.1":0,"11.5":0,"11.6":0,"12":0,"12.1":0.000383,"15":0,"16":0,"17":0,"18":0,"19":0,"20":0.000766,"21":0,"22":0,"23":0.001149,"24":0,"25":0,"26":0,"27":0,"28":0,"29":0,"30":0,"31":0,"32":0.000383,"33":0,"34":0,"35":0,"36":0,"37":0,"38":0,"39":0,"40":0,"41":0,"42":0,"43":0,"44":0,"45":0,"46":0,"47":0,"48":0.000383,"49":0.00383,"50":0},"safari":{"3.1":0,"3.2":0,"4":0,"5":0,"5.1":0,"6":0,"6.1":0,"7":0,"7.1":0,"8":0,"9":0,"9.1":0.000383,"10":0.002298,"10.1":0.002298,"11":0.001532,"0":null},"ios_saf":{"3.2":6.11454727364e-5,"4.0-4.1":6.11454727364e-5,"4.2-4.3":0.00146749134567,"5.0-5.1":0.00140634587294,"6.0-6.1":0.00103947303652,"7.0-7.1":0.00421903761881,"8":0.00116176398199,"8.1-8.4":0.00684829294647,"9.0-9.2":0.00495278329165,"9.3":0.0296555542771,"10.0-10.2":0.038032484042,"10.3":0.0901895722861,"11.0-11.2":0.432053910355},"android":{"2.1":0,"2.2":0,"2.3":0,"3":0,"4":0,"4.1":0.0739952777778,"4.2-4.3":0.214870902778,"4.4":0.663111527778,"4.4.3-4.4.4":0.379937291667,"62":null},"op_mob":{"10":null,"11":null,"11.1":null,"11.5":null,"12":null,"12.1":null,"0":null},"ie":{"5.5":0,"6":0,"7":0,"8":0.000383,"9":0.000383,"10":0.000766,"11":0.007277},"edge":{"12":0.000766,"13":0.000766,"14":0.000766,"15":0.001149,"16":0.000383,"17":0},"samsung":{"4":0.482285373134,"5":0.0703332835821,"6.2":0.120571343284},"ie_mob":{"10":0.0221930769231,"11":0.122061923077},"bb":{"7":0.0019234,"10":0.0076936},"and_uc":{"0":78.599741},"op_mini":{"0":2.73142628866},"and_chr":{"0":11.826595},"baidu":{"0":null},"and_ff":{"0":0.076936},"and_qq":{"1.2":null}},"total":96.1469172887}