{"id":"MN","name":"Mongolia","month":"2017-12","access_date":"2018-01-03","data":{"chrome":{"4":0,"5":0,"6":0,"7":0,"8":0,"9":0,"10":0,"11":0.007391,"12":0.007391,"13":0,"14":0,"15":0,"16":0,"17":0,"18":0.007391,"19":0.014782,"20":0,"21":0.007391,"22":0.007391,"23":0.029564,"24":0,"25":0,"26":0,"27":0,"28":0.007391,"29":0,"30":0.014782,"31":0.007391,"32":0.007391,"33":0.007391,"34":0,"35":0.007391,"36":0.014782,"37":0,"38":0.007391,"39":0.014782,"40":0.007391,"41":0,"42":0,"43":0.059128,"44":0.007391,"45":0.007391,"46":0.007391,"47":0.088692,"48":0.014782,"49":0.406505,"50":0.014782,"51":0.014782,"52":0.051737,"53":0.022173,"54":0.014782,"55":0.133038,"56":0.192166,"57":1.263861,"58":0.280858,"59":0.125647,"60":0.162602,"61":0.354768,"62":17.169293,"63":20.709582,"64":0.103474,"65":0.081301,"66":0},"firefox":{"2":0,"3":0,"3.5":0,"3.6":0.007391,"4":0,"5":0,"6":0,"7":0,"8":0,"9":0,"10":0.007391,"11":0,"12":0.007391,"13":0.007391,"14":0,"15":0.007391,"16":0.007391,"17":0,"18":0,"19":0,"20":0,"21":0,"22":0.007391,"23":0,"24":0.007391,"25":0,"26":0,"27":0,"28":0,"29":0.007391,"30":0.014782,"31":0.007391,"32":0.022173,"33":0,"34":0.007391,"35":0.007391,"36":0,"37":0.007391,"38":0.022173,"39":0.007391,"40":0.007391,"41":0.007391,"42":0.007391,"43":0.036955,"44":0.007391,"45":0.029564,"46":0.007391,"47":0.066519,"48":0.029564,"49":0.014782,"50":0.014782,"51":0.014782,"52":0.184775,"53":0.118256,"54":0.029564,"55":0.036955,"56":0.162602,"57":6.001492,"58":0.436069,"59":0,"60":0},"opera":{"9":0,"9.5-9.6":0,"10.0-10.1":0,"10.5":0,"10.6":0,"11":0,"11.1":0,"11.5":0,"11.6":0,"12":0,"12.1":0,"15":0,"16":0,"17":0,"18":0,"19":0,"20":0,"21":0,"22":0,"23":0,"24":0,"25":0,"26":0,"27":0,"28":0,"29":0,"30":0,"31":0,"32":0,"33":0,"34":0,"35":0.007391,"36":0.007391,"37":0,"38":0,"39":0,"40":0,"41":0,"42":0,"43":0,"44":0,"45":0.036955,"46":0,"47":0,"48":0.036955,"49":1.899487,"50":0.007391},"safari":{"3.1":0,"3.2":0,"4":0.007391,"5":0,"5.1":0,"6":0,"6.1":0,"7":0.07391,"7.1":0,"8":0.014782,"9":0.022173,"9.1":0.051737,"10":0.051737,"10.1":0.133038,"11":0.635626,"0":null},"ios_saf":{"3.2":0.0010255969985,"4.0-4.1":0.0010255969985,"4.2-4.3":0.024614327964,"5.0-5.1":0.0235887309655,"6.0-6.1":0.0174351489745,"7.0-7.1":0.0707661928964,"8":0.0194863429715,"8.1-8.4":0.114866863832,"9.0-9.2":0.0830733568784,"9.3":0.497414544272,"10.0-10.2":0.637921333067,"10.3":1.51275557279,"11.0-11.2":7.2468683914},"android":{"2.1":0,"2.2":0,"2.3":0,"3":0,"4":0,"4.1":0.519276722222,"4.2-4.3":1.50789971261,"4.4":4.65351831838,"4.4.3-4.4.4":2.66628624679,"62":null},"op_mob":{"10":null,"11":null,"11.1":null,"11.5":null,"12":null,"12.1":null,"0":null},"ie":{"5.5":0,"6":0,"7":0,"8":0.218742148936,"9":0.0420657978723,"10":0.0336526382979,"11":0.496376414894},"edge":{"12":0.036955,"13":0.044346,"14":0.088692,"15":0.310422,"16":0.199557,"17":0},"samsung":{"4":1.11619826087,"5":0.192797881423,"6.2":1.25825985771},"ie_mob":{"10":0,"11":0.023481},"bb":{"7":0.0114796,"10":0.0459184},"and_uc":{"0":0.333952},"op_mini":{"0":0.128441697595},"and_chr":{"0":21.021929},"baidu":{"0":null},"and_ff":{"0":0.106969},"and_qq":{"1.2":null}},"total":97.1337506976}