{"id":"MO","name":"Macao","month":"2017-12","access_date":"2018-01-03","data":{"chrome":{"4":0,"5":0,"6":0,"7":0,"8":0,"9":0,"10":0,"11":0.017676,"12":0,"13":0,"14":0,"15":0,"16":0,"17":0.011784,"18":0.005892,"19":0.017676,"20":0,"21":0.005892,"22":0.011784,"23":0,"24":0,"25":0.023568,"26":0.005892,"27":0.005892,"28":0.005892,"29":0.312276,"30":0.005892,"31":0.053028,"32":0,"33":0.005892,"34":0.017676,"35":0.005892,"36":0.011784,"37":0.005892,"38":0.023568,"39":0.023568,"40":0.023568,"41":0.005892,"42":0.011784,"43":0.011784,"44":0.023568,"45":0.070704,"46":0.023568,"47":0.053028,"48":0.023568,"49":0.612768,"50":0.02946,"51":0.041244,"52":0.023568,"53":0.047136,"54":0.082488,"55":0.995748,"56":0.26514,"57":0.212112,"58":0.341736,"59":0.329952,"60":0.418332,"61":0.712932,"62":7.977768,"63":8.30772,"64":0.053028,"65":0.035352,"66":0},"firefox":{"2":0,"3":0,"3.5":0,"3.6":0,"4":0,"5":0,"6":0,"7":0,"8":0,"9":0,"10":0,"11":0,"12":0,"13":0,"14":0,"15":0,"16":0.005892,"17":0,"18":0,"19":0,"20":0,"21":0,"22":0,"23":0.005892,"24":0,"25":0,"26":0,"27":0,"28":0,"29":0,"30":0,"31":0,"32":0,"33":0,"34":0.011784,"35":0,"36":0,"37":0,"38":0,"39":0,"40":0.023568,"41":0.005892,"42":0.02946,"43":0.005892,"44":0,"45":0.005892,"46":0,"47":0.05892,"48":0.035352,"49":0,"50":0.023568,"51":0.005892,"52":0.182652,"53":0.017676,"54":0.005892,"55":0.047136,"56":0.100164,"57":1.749924,"58":0.023568,"59":0,"60":0},"opera":{"9":0,"9.5-9.6":0,"10.0-10.1":0,"10.5":0,"10.6":0,"11":0,"11.1":0,"11.5":0,"11.6":0,"12":0,"12.1":0.005892,"15":0,"16":0,"17":0,"18":0,"19":0,"20":0,"21":0,"22":0,"23":0,"24":0,"25":0,"26":0,"27":0,"28":0,"29":0,"30":0,"31":0,"32":0,"33":0,"34":0,"35":0,"36":0.005892,"37":0.011784,"38":0,"39":0,"40":0,"41":0,"42":0,"43":0.011784,"44":0.023568,"45":0,"46":0,"47":0,"48":0.005892,"49":0.170868,"50":0},"safari":{"3.1":0,"3.2":0,"4":0.041244,"5":0.017676,"5.1":0.011784,"6":0.041244,"6.1":0.017676,"7":0.005892,"7.1":0,"8":0.100164,"9":0.082488,"9.1":0.907368,"10":0.312276,"10.1":0.477252,"11":1.473,"0":null},"ios_saf":{"3.2":0.00379117718859,"4.0-4.1":0.00379117718859,"4.2-4.3":0.0909882525263,"5.0-5.1":0.0871970753377,"6.0-6.1":0.0644500122061,"7.0-7.1":0.261591226013,"8":0.0720323665833,"8.1-8.4":0.424611845123,"9.0-9.2":0.307085352276,"9.3":1.83872093647,"10.0-10.2":2.35811221131,"10.3":5.59198635318,"11.0-11.2":26.7884580146},"android":{"2.1":0,"2.2":0,"2.3":0,"3":0,"4":0,"4.1":0.105413555556,"4.2-4.3":0.306104747863,"4.4":0.944667632479,"4.4.3-4.4.4":0.541258064103,"62":null},"op_mob":{"10":null,"11":null,"11.1":null,"11.5":null,"12":null,"12.1":null,"0":null},"ie":{"5.5":0,"6":0.00617674349442,"7":0.00617674349442,"8":0.284130200743,"9":0.216186022305,"10":0.160595330855,"11":2.64364621561},"edge":{"12":0.011784,"13":0.02946,"14":0.1473,"15":0.465468,"16":0.365304,"17":0},"samsung":{"4":0.589318156682,"5":0.278586764977,"6.2":1.45722307834},"ie_mob":{"10":0.01027,"11":0.01027},"bb":{"7":0.0008216,"10":0.0032864},"and_uc":{"0":1.680172},"op_mini":{"0":0.155567560137},"and_chr":{"0":20.407388},"baidu":{"0":null},"and_ff":{"0":0.180752},"and_qq":{"1.2":null}},"total":96.2802668166}