{"id":"MP","name":"Northern Mariana Islands","month":"2017-12","access_date":"2018-01-03","data":{"chrome":{"4":0,"5":0,"6":0,"7":0,"8":0,"9":0,"10":0,"11":0,"12":0,"13":0,"14":0,"15":0,"16":0,"17":0,"18":0.006152,"19":0,"20":0.012304,"21":0,"22":0.018456,"23":0,"24":0,"25":0,"26":0,"27":0,"28":0,"29":0,"30":0,"31":0,"32":0.006152,"33":0,"34":0.006152,"35":0,"36":0.006152,"37":0,"38":0.024608,"39":0.055368,"40":0.036912,"41":0,"42":0,"43":0.024608,"44":0.006152,"45":0,"46":0,"47":0.012304,"48":0,"49":0.387576,"50":0.006152,"51":0.012304,"52":0,"53":0.012304,"54":0.012304,"55":0.24608,"56":0.006152,"57":0.141496,"58":0.03076,"59":0.06152,"60":0.067672,"61":0.147648,"62":10.772152,"63":15.066248,"64":0.110736,"65":0.006152,"66":0},"firefox":{"2":0,"3":0,"3.5":0,"3.6":0,"4":0,"5":0,"6":0,"7":0,"8":0,"9":0,"10":0,"11":0,"12":0,"13":0,"14":0,"15":0,"16":0,"17":0.006152,"18":0,"19":0,"20":0,"21":0,"22":0,"23":0,"24":0,"25":0,"26":0,"27":0,"28":0,"29":0,"30":0,"31":0,"32":0,"33":0,"34":0,"35":0,"36":0,"37":0,"38":0,"39":0,"40":0,"41":0,"42":0,"43":0.006152,"44":0,"45":0,"46":0.116888,"47":0.110736,"48":0.018456,"49":0,"50":0.012304,"51":0.06152,"52":0.350664,"53":0.006152,"54":0.024608,"55":0,"56":0.196864,"57":1.150424,"58":0.012304,"59":0,"60":0},"opera":{"9":0,"9.5-9.6":0,"10.0-10.1":0,"10.5":0,"10.6":0,"11":0,"11.1":0,"11.5":0,"11.6":0,"12":0,"12.1":0.006152,"15":0,"16":0,"17":0.018456,"18":0,"19":0,"20":0,"21":0,"22":0,"23":0,"24":0,"25":0,"26":0,"27":0,"28":0,"29":0.006152,"30":0,"31":0,"32":0.09228,"33":0.006152,"34":0,"35":0,"36":0,"37":0.012304,"38":0,"39":0,"40":0,"41":0,"42":0,"43":0.018456,"44":0.006152,"45":0,"46":0,"47":0,"48":0.006152,"49":0.049216,"50":0},"safari":{"3.1":0,"3.2":0,"4":0,"5":0,"5.1":0.006152,"6":0,"6.1":0.012304,"7":0,"7.1":0,"8":0.012304,"9":0,"9.1":0.079976,"10":0.03076,"10.1":0.24608,"11":0.479856,"0":null},"ios_saf":{"3.2":0.00219682481241,"4.0-4.1":0.00219682481241,"4.2-4.3":0.0527237954977,"5.0-5.1":0.0505269706853,"6.0-6.1":0.0373460218109,"7.0-7.1":0.151580912056,"8":0.0417396714357,"8.1-8.4":0.246044378989,"9.0-9.2":0.177942809805,"9.3":1.06546003402,"10.0-10.2":1.36642503332,"10.3":3.2403165983,"11.0-11.2":15.5227641245},"android":{"2.1":0,"2.2":0,"2.3":0,"3":0,"4":0,"4.1":0.0570031111111,"4.2-4.3":0.165528264957,"4.4":0.51083557265,"4.4.3-4.4.4":0.292689051282,"62":null},"op_mob":{"10":null,"11":null,"11.1":null,"11.5":null,"12":null,"12.1":null,"0":null},"ie":{"5.5":0,"6":0,"7":0,"8":0.012304,"9":0.006152,"10":0.006152,"11":1.10736},"edge":{"12":0.079976,"13":0.055368,"14":0.079976,"15":0.381424,"16":0.848976,"17":0},"samsung":{"4":0.370833752988,"5":0.202272956175,"6.2":2.24747729084},"ie_mob":{"10":0.00897866666667,"11":0.0179573333333},"bb":{"7":0,"10":0},"and_uc":{"0":0.253968},"op_mini":{"0":0.302372137457},"and_chr":{"0":37.24216},"baidu":{"0":null},"and_ff":{"0":0.126984},"and_qq":{"1.2":null}},"total":96.7987161375}