{"id":"MQ","name":"Martinique","month":"2017-12","access_date":"2018-01-03","data":{"chrome":{"4":0,"5":0,"6":0,"7":0,"8":0,"9":0,"10":0,"11":0.017115,"12":0,"13":0,"14":0,"15":0,"16":0,"17":0,"18":0,"19":0,"20":0,"21":0,"22":0,"23":0,"24":0,"25":0,"26":0,"27":0,"28":0,"29":0,"30":0,"31":0,"32":0,"33":0.005705,"34":0,"35":0,"36":0,"37":0,"38":0.017115,"39":0.005705,"40":0.005705,"41":0,"42":0,"43":0.005705,"44":0,"45":0.005705,"46":0.028525,"47":0.017115,"48":0.005705,"49":0.2282,"50":0.01141,"51":0.017115,"52":0.028525,"53":0.06846,"54":0.005705,"55":0.04564,"56":0.017115,"57":0.10269,"58":0.062755,"59":0.074165,"60":0.028525,"61":0.233905,"62":7.524895,"63":10.25759,"64":0.051345,"65":0.017115,"66":0},"firefox":{"2":0,"3":0,"3.5":0,"3.6":0,"4":0,"5":0,"6":0,"7":0,"8":0,"9":0,"10":0,"11":0,"12":0,"13":0,"14":0,"15":0,"16":0,"17":0,"18":0,"19":0,"20":0,"21":0,"22":0,"23":0,"24":0,"25":0,"26":0.005705,"27":0.074165,"28":0,"29":0,"30":0,"31":0.039935,"32":0,"33":0,"34":0,"35":0,"36":0,"37":0.005705,"38":0.005705,"39":0,"40":0,"41":0,"42":0,"43":0,"44":0,"45":0.03423,"46":0,"47":0.01141,"48":0.1141,"49":0.005705,"50":0.017115,"51":0,"52":0.131215,"53":0.02282,"54":0.017115,"55":0.02282,"56":0.09128,"57":2.960895,"58":0.03423,"59":0.005705,"60":0},"opera":{"9":0,"9.5-9.6":0,"10.0-10.1":0,"10.5":0,"10.6":0,"11":0,"11.1":0,"11.5":0,"11.6":0,"12":0,"12.1":0.005705,"15":0,"16":0,"17":0,"18":0,"19":0,"20":0,"21":0,"22":0,"23":0,"24":0,"25":0,"26":0,"27":0,"28":0,"29":0,"30":0,"31":0,"32":0,"33":0,"34":0,"35":0,"36":0,"37":0,"38":0,"39":0,"40":0,"41":0,"42":0,"43":0.005705,"44":0,"45":0.005705,"46":0.005705,"47":0,"48":0.005705,"49":0.336595,"50":0},"safari":{"3.1":0,"3.2":0,"4":0,"5":0.005705,"5.1":0.017115,"6":0,"6.1":0.017115,"7":0.01141,"7.1":0,"8":0.017115,"9":0.085575,"9.1":0.23961,"10":0.09128,"10.1":0.644665,"11":1.90547,"0":null},"ios_saf":{"3.2":0.00155360230115,"4.0-4.1":0.00155360230115,"4.2-4.3":0.0372864552276,"5.0-5.1":0.0357328529265,"6.0-6.1":0.0264112391196,"7.0-7.1":0.107198558779,"8":0.0295184437219,"8.1-8.4":0.174003457729,"9.0-9.2":0.125841786393,"9.3":0.753497116058,"10.0-10.2":0.966340631316,"10.3":2.2915633942,"11.0-11.2":10.9777538599},"android":{"2.1":0,"2.2":0,"2.3":0,"3":0,"4":0,"4.1":0.0873536111111,"4.2-4.3":0.25366144765,"4.4":0.782822745726,"4.4.3-4.4.4":0.448527195513,"62":null},"op_mob":{"10":null,"11":null,"11.1":null,"11.5":null,"12":null,"12.1":null,"0":null},"ie":{"5.5":0,"6":0,"7":0,"8":0.096985,"9":0.017115,"10":0.02282,"11":1.46048},"edge":{"12":0.05705,"13":0.05705,"14":0.359415,"15":0.838635,"16":0.85575,"17":0},"samsung":{"4":1.01648333333,"5":0.638005496454,"6.2":2.90887251773},"ie_mob":{"10":0.0109761111111,"11":0.0878088888889},"bb":{"7":0.011167,"10":0.044668},"and_uc":{"0":0.0859},"op_mini":{"0":0.235841254296},"and_chr":{"0":44.803865},"baidu":{"0":null},"and_ff":{"0":0.21475},"and_qq":{"1.2":null}},"total":96.8135476018}