{"id":"MR","name":"Mauritania","month":"2017-12","access_date":"2018-01-03","data":{"chrome":{"4":0,"5":0.002375,"6":0.00475,"7":0.00475,"8":0.002375,"9":0.0095,"10":0,"11":0.011875,"12":0.002375,"13":0.007125,"14":0.007125,"15":0,"16":0.00475,"17":0.002375,"18":0,"19":0,"20":0,"21":0.00475,"22":0.021375,"23":0.002375,"24":0,"25":0.00475,"26":0.002375,"27":0.002375,"28":0.002375,"29":0.026125,"30":0.00475,"31":0.00475,"32":0,"33":0.0095,"34":0.002375,"35":0.002375,"36":0.00475,"37":0,"38":0,"39":0,"40":0.011875,"41":0,"42":0.002375,"43":0.14725,"44":0.00475,"45":0.00475,"46":0.00475,"47":0.00475,"48":0.016625,"49":0.144875,"50":0.0095,"51":0.00475,"52":0.002375,"53":0.002375,"54":0.002375,"55":0.035625,"56":0.0095,"57":0.045125,"58":0.016625,"59":0.03325,"60":0.01425,"61":0.045125,"62":1.218375,"63":1.365625,"64":0,"65":0,"66":0},"firefox":{"2":0,"3":0.00475,"3.5":0,"3.6":0.00475,"4":0.002375,"5":0,"6":0,"7":0.00475,"8":0,"9":0,"10":0,"11":0,"12":0.011875,"13":0.002375,"14":0.002375,"15":0,"16":0.0095,"17":0.007125,"18":0,"19":0,"20":0.002375,"21":0,"22":0.002375,"23":0,"24":0.002375,"25":0.0095,"26":0.007125,"27":0,"28":0.002375,"29":0,"30":0.00475,"31":0,"32":0.002375,"33":0.002375,"34":0.00475,"35":0.002375,"36":0.002375,"37":0.00475,"38":0.00475,"39":0.00475,"40":0.002375,"41":0,"42":0.00475,"43":0.0285,"44":0.002375,"45":0.00475,"46":0.002375,"47":0.026125,"48":0.064125,"49":0.0095,"50":0.007125,"51":0.016625,"52":0.187625,"53":0.011875,"54":0.00475,"55":0.019,"56":0.038,"57":0.79325,"58":0.011875,"59":0,"60":0},"opera":{"9":0,"9.5-9.6":0,"10.0-10.1":0,"10.5":0,"10.6":0,"11":0,"11.1":0,"11.5":0,"11.6":0,"12":0.002375,"12.1":0.073625,"15":0,"16":0.00475,"17":0.002375,"18":0,"19":0.00475,"20":0.00475,"21":0.002375,"22":0.00475,"23":0,"24":0,"25":0,"26":0,"27":0,"28":0,"29":0.002375,"30":0.002375,"31":0,"32":0.002375,"33":0,"34":0,"35":0,"36":0.002375,"37":0.002375,"38":0,"39":0,"40":0,"41":0.002375,"42":0,"43":0.007125,"44":0,"45":0,"46":0,"47":0.002375,"48":0.00475,"49":0.087875,"50":0},"safari":{"3.1":0,"3.2":0,"4":0.002375,"5":0,"5.1":0,"6":0,"6.1":0,"7":0.002375,"7.1":0.00475,"8":0,"9":0.002375,"9.1":0.00475,"10":0.007125,"10.1":0.01425,"11":0.035625,"0":null},"ios_saf":{"3.2":0.000599762381191,"4.0-4.1":0.000599762381191,"4.2-4.3":0.0143942971486,"5.0-5.1":0.0137945347674,"6.0-6.1":0.0101959604802,"7.0-7.1":0.0413836043022,"8":0.0113954852426,"8.1-8.4":0.0671733866933,"9.0-9.2":0.0485807528764,"9.3":0.290884754877,"10.0-10.2":0.373052201101,"10.3":0.884649512256,"11.0-11.2":4.23792098549},"android":{"2.1":0,"2.2":0,"2.3":0,"3":0,"4":0,"4.1":0.584381944444,"4.2-4.3":1.69695526175,"4.4":5.23696127137,"4.4.3-4.4.4":3.00057652244,"62":null},"op_mob":{"10":null,"11":null,"11.1":null,"11.5":null,"12":null,"12.1":null,"0":null},"ie":{"5.5":0,"6":0.00506404958678,"7":0.00506404958678,"8":0.0759607438017,"9":0.0151921487603,"10":0.0278522727273,"11":0.177241735537},"edge":{"12":0.007125,"13":0.007125,"14":0.030875,"15":0.026125,"16":0.011875,"17":0},"samsung":{"4":2.82234851695,"5":0.634005826271,"6.2":1.37027065678},"ie_mob":{"10":0.0205875,"11":0.1852875},"bb":{"7":0.001525,"10":0.0061},"and_uc":{"0":2.30275},"op_mini":{"0":5.65236533505},"and_chr":{"0":61.383125},"baidu":{"0":null},"and_ff":{"0":0.22875},"and_qq":{"1.2":null}},"total":96.4453653351}