{"id":"MT","name":"Malta","month":"2017-12","access_date":"2018-01-03","data":{"chrome":{"4":0,"5":0,"6":0,"7":0,"8":0,"9":0,"10":0,"11":0.007154,"12":0,"13":0,"14":0,"15":0,"16":0,"17":0,"18":0.007154,"19":0,"20":0,"21":0,"22":0.007154,"23":0,"24":0,"25":0,"26":0.050078,"27":0,"28":0,"29":0,"30":0,"31":0,"32":0.007154,"33":0.007154,"34":0.021462,"35":0,"36":0.014308,"37":0.014308,"38":0.014308,"39":0.007154,"40":0,"41":0.042924,"42":0,"43":0.028616,"44":0.007154,"45":0.007154,"46":0.007154,"47":0.021462,"48":0.007154,"49":0.944328,"50":0.014308,"51":0.028616,"52":0.007154,"53":0.007154,"54":2.017428,"55":0.121618,"56":0.050078,"57":0.078694,"58":0.135926,"59":0.10731,"60":0.100156,"61":0.3577,"62":13.621216,"63":17.02652,"64":0.042924,"65":0.014308,"66":0},"firefox":{"2":0,"3":0,"3.5":0,"3.6":0,"4":0,"5":0,"6":0,"7":0,"8":0,"9":0,"10":0,"11":0.007154,"12":0.007154,"13":0,"14":0,"15":0,"16":0,"17":0,"18":0,"19":0,"20":0,"21":0,"22":0,"23":0,"24":0,"25":0,"26":0,"27":0,"28":0,"29":0,"30":0,"31":0,"32":0,"33":0,"34":0,"35":0.014308,"36":0,"37":0,"38":0.007154,"39":0.007154,"40":0.007154,"41":0.014308,"42":0.007154,"43":0.014308,"44":0.007154,"45":0.014308,"46":0.007154,"47":0.07154,"48":0.064386,"49":0.014308,"50":0.021462,"51":0.021462,"52":0.21462,"53":0.028616,"54":0.021462,"55":0.042924,"56":0.14308,"57":3.14776,"58":0.03577,"59":0.014308,"60":0},"opera":{"9":0,"9.5-9.6":0,"10.0-10.1":0,"10.5":0,"10.6":0,"11":0,"11.1":0,"11.5":0,"11.6":0,"12":0,"12.1":0.007154,"15":0,"16":0,"17":0,"18":0,"19":0,"20":0,"21":0,"22":0,"23":0,"24":0,"25":0,"26":0,"27":0,"28":0,"29":0,"30":0,"31":0.007154,"32":0.021462,"33":0,"34":0,"35":0,"36":0.007154,"37":0,"38":0,"39":0,"40":0,"41":0,"42":0,"43":0.007154,"44":0,"45":0,"46":0,"47":0,"48":0.014308,"49":0.507934,"50":0},"safari":{"3.1":0,"3.2":0,"4":0,"5":0.007154,"5.1":0.021462,"6":0.007154,"6.1":0.007154,"7":0.028616,"7.1":0,"8":0.021462,"9":0.021462,"9.1":0.121618,"10":0.100156,"10.1":0.443548,"11":1.731268,"0":null},"ios_saf":{"3.2":0.00156037418709,"4.0-4.1":0.00156037418709,"4.2-4.3":0.0374489804902,"5.0-5.1":0.0358886063032,"6.0-6.1":0.0265263611806,"7.0-7.1":0.107665818909,"8":0.0296471095548,"8.1-8.4":0.174761908954,"9.0-9.2":0.126390309155,"9.3":0.75678148074,"10.0-10.2":0.970552744372,"10.3":2.30155192596,"11.0-11.2":11.025604006},"android":{"2.1":0,"2.2":0,"2.3":0,"3":0,"4":0,"4.1":0.0683972222222,"4.2-4.3":0.198615010684,"4.4":0.612944337607,"4.4.3-4.4.4":0.351193429487,"62":null},"op_mob":{"10":null,"11":null,"11.1":null,"11.5":null,"12":null,"12.1":null,"0":null},"ie":{"5.5":0,"6":0,"7":0,"8":0.0866814757282,"9":0.0866814757282,"10":0.0361172815534,"11":2.02256776699},"edge":{"12":0.03577,"13":0.207466,"14":0.529396,"15":1.080254,"16":1.094562,"17":0.007154},"samsung":{"4":0.474580811594,"5":0.25886226087,"6.2":2.24347292754},"ie_mob":{"10":0.0125698333333,"11":0.138268166667},"bb":{"7":0.0017076,"10":0.0068304},"and_uc":{"0":0.1423},"op_mini":{"0":0.0916099037801},"and_chr":{"0":29.346124},"baidu":{"0":null},"and_ff":{"0":0.378518},"and_qq":{"1.2":null}},"total":97.1025639038}