{"id":"MU","name":"Mauritius","month":"2017-12","access_date":"2018-01-03","data":{"chrome":{"4":0,"5":0,"6":0,"7":0,"8":0,"9":0,"10":0,"11":0.00505,"12":0.00505,"13":0,"14":0,"15":0,"16":0,"17":0,"18":0.00505,"19":0.00505,"20":0,"21":0,"22":0.02525,"23":0,"24":0,"25":0,"26":0.01515,"27":0,"28":0,"29":0,"30":0,"31":0.0101,"32":0.00505,"33":0.00505,"34":0.02525,"35":0,"36":0.00505,"37":0.00505,"38":0.0505,"39":0.0101,"40":0.0202,"41":0,"42":0,"43":0.01515,"44":0.0101,"45":0.00505,"46":0.02525,"47":0.0101,"48":0.0101,"49":0.32825,"50":0.01515,"51":0.02525,"52":0.0404,"53":0.01515,"54":0.06565,"55":0.06565,"56":0.0505,"57":0.1414,"58":0.16665,"59":0.0505,"60":0.0808,"61":0.22725,"62":6.99425,"63":8.4436,"64":0.02525,"65":0.0202,"66":0},"firefox":{"2":0,"3":0,"3.5":0,"3.6":0,"4":0,"5":0,"6":0,"7":0,"8":0,"9":0,"10":0,"11":0,"12":0,"13":0,"14":0,"15":0,"16":0.0404,"17":0,"18":0,"19":0,"20":0,"21":0,"22":0.00505,"23":0,"24":0,"25":0,"26":0.00505,"27":0,"28":0,"29":0,"30":0,"31":0.00505,"32":0.0202,"33":0.00505,"34":0,"35":0,"36":0.00505,"37":0.00505,"38":0.00505,"39":0.00505,"40":0,"41":0.00505,"42":0.00505,"43":0.01515,"44":0.00505,"45":0.0202,"46":0.00505,"47":0.03535,"48":0.09595,"49":0.0101,"50":0.0101,"51":0.00505,"52":0.20705,"53":0.02525,"54":0.0303,"55":0.02525,"56":0.101,"57":2.6462,"58":0.1818,"59":0,"60":0},"opera":{"9":0,"9.5-9.6":0,"10.0-10.1":0,"10.5":0,"10.6":0,"11":0,"11.1":0,"11.5":0,"11.6":0,"12":0,"12.1":0.01515,"15":0,"16":0,"17":0.00505,"18":0,"19":0,"20":0.00505,"21":0,"22":0.00505,"23":0,"24":0,"25":0.0101,"26":0,"27":0,"28":0.00505,"29":0.00505,"30":0.0101,"31":0.01515,"32":0.0303,"33":0,"34":0,"35":0,"36":0.00505,"37":0.0101,"38":0,"39":0.00505,"40":0.00505,"41":0,"42":0,"43":0.02525,"44":0.00505,"45":0,"46":0,"47":0,"48":0.0101,"49":0.52015,"50":0},"safari":{"3.1":0,"3.2":0,"4":0,"5":0.03535,"5.1":0.02525,"6":0,"6.1":0,"7":0.01515,"7.1":0.00505,"8":0.04545,"9":0.0404,"9.1":0.1414,"10":0.1111,"10.1":0.3333,"11":0.8888,"0":null},"ios_saf":{"3.2":0.000622026013007,"4.0-4.1":0.000622026013007,"4.2-4.3":0.0149286243122,"5.0-5.1":0.0143065982991,"6.0-6.1":0.0105744422211,"7.0-7.1":0.0429197948974,"8":0.0118184942471,"8.1-8.4":0.0696669134567,"9.0-9.2":0.0503841070535,"9.3":0.301682616308,"10.0-10.2":0.38690018009,"10.3":0.917488369185,"11.0-11.2":4.3952358079},"android":{"2.1":0,"2.2":0,"2.3":0,"3":0,"4":0,"4.1":0.186838888889,"4.2-4.3":0.542551388889,"4.4":1.67436388889,"4.4.3-4.4.4":0.959345833333,"62":null},"op_mob":{"10":null,"11":null,"11.1":null,"11.5":null,"12":null,"12.1":null,"0":null},"ie":{"5.5":0,"6":0,"7":0,"8":0.08585,"9":0.05555,"10":0.0303,"11":0.8282},"edge":{"12":0.06565,"13":0.03535,"14":0.17675,"15":0.3636,"16":0.2727,"17":0},"samsung":{"4":1.64400612245,"5":0.374583673469,"6.2":2.57006020408},"ie_mob":{"10":0.0345044117647,"11":0.356545588235},"bb":{"7":0.00792,"10":0.03168},"and_uc":{"0":3.1086},"op_mini":{"0":3.4819507732},"and_chr":{"0":47.2535},"baidu":{"0":null},"and_ff":{"0":0.21285},"and_qq":{"1.2":null}},"total":93.4620507732}