{"id":"MV","name":"Maldives","month":"2017-12","access_date":"2018-01-03","data":{"chrome":{"4":0,"5":0,"6":0,"7":0,"8":0,"9":0,"10":0,"11":0.003472,"12":0.003472,"13":0,"14":0,"15":0,"16":0,"17":0,"18":0,"19":0,"20":0,"21":0,"22":0,"23":0.003472,"24":0,"25":0,"26":0,"27":0,"28":0.003472,"29":0,"30":0.003472,"31":0.010416,"32":0,"33":0.003472,"34":0.003472,"35":0,"36":0,"37":0,"38":0.003472,"39":0.003472,"40":0.006944,"41":0,"42":0.003472,"43":0.010416,"44":0.01736,"45":0,"46":0.003472,"47":0,"48":0.027776,"49":0.072912,"50":0.006944,"51":0.013888,"52":0,"53":0.003472,"54":0.010416,"55":0.020832,"56":0.006944,"57":0.038192,"58":0.03472,"59":0.010416,"60":0.024304,"61":0.083328,"62":3.41992,"63":4.75664,"64":0.031248,"65":0.006944,"66":0},"firefox":{"2":0,"3":0,"3.5":0,"3.6":0,"4":0,"5":0,"6":0,"7":0,"8":0,"9":0,"10":0,"11":0,"12":0,"13":0,"14":0,"15":0,"16":0,"17":0,"18":0,"19":0.013888,"20":0,"21":0,"22":0,"23":0,"24":0,"25":0,"26":0,"27":0,"28":0,"29":0,"30":0.003472,"31":0,"32":0.006944,"33":0.006944,"34":0.003472,"35":0,"36":0,"37":0,"38":0.006944,"39":0.01736,"40":0.003472,"41":0,"42":0,"43":0.006944,"44":0.003472,"45":0.003472,"46":0.003472,"47":0.027776,"48":0.01736,"49":0.003472,"50":0.006944,"51":0.003472,"52":0.038192,"53":0.01736,"54":0.027776,"55":0.024304,"56":0.055552,"57":1.135344,"58":0.13888,"59":0.006944,"60":0},"opera":{"9":0,"9.5-9.6":0,"10.0-10.1":0,"10.5":0,"10.6":0,"11":0,"11.1":0,"11.5":0,"11.6":0,"12":0,"12.1":0,"15":0,"16":0,"17":0,"18":0.003472,"19":0,"20":0,"21":0,"22":0,"23":0,"24":0,"25":0,"26":0,"27":0,"28":0,"29":0,"30":0.006944,"31":0.010416,"32":0.111104,"33":0,"34":0.003472,"35":0,"36":0,"37":0.031248,"38":0,"39":0,"40":0,"41":0,"42":0,"43":0.01736,"44":0,"45":0,"46":0,"47":0,"48":0,"49":0.065968,"50":0},"safari":{"3.1":0,"3.2":0,"4":0,"5":0,"5.1":0,"6":0,"6.1":0,"7":0,"7.1":0,"8":0.006944,"9":0.020832,"9.1":0.05208,"10":0.05208,"10.1":0.10416,"11":0.31248,"0":null},"ios_saf":{"3.2":0.0017004134067,"4.0-4.1":0.0017004134067,"4.2-4.3":0.0408099217609,"5.0-5.1":0.0391095083542,"6.0-6.1":0.028907027914,"7.0-7.1":0.117328525063,"8":0.0323078547274,"8.1-8.4":0.190446301551,"9.0-9.2":0.137733485943,"9.3":0.824700502251,"10.0-10.2":1.05765713897,"10.3":2.50810977489,"11.0-11.2":12.0151211318},"android":{"2.1":0,"2.2":0,"2.3":0,"3":0,"4":0,"4.1":0.124923555556,"4.2-4.3":0.362758786325,"4.4":1.11950724786,"4.4.3-4.4.4":0.641434410256,"62":null},"op_mob":{"10":null,"11":null,"11.1":null,"11.5":null,"12":null,"12.1":null,"0":null},"ie":{"5.5":0,"6":0,"7":0,"8":0.00704921212121,"9":0.00704921212121,"10":0.00704921212121,"11":0.211476363636},"edge":{"12":0.013888,"13":0.01736,"14":0.041664,"15":0.128464,"16":0.065968,"17":0},"samsung":{"4":1.93700703614,"5":0.391522698795,"6.2":1.94731026506},"ie_mob":{"10":0.00942933333333,"11":0.0754346666667},"bb":{"7":0.0013056,"10":0.0052224},"and_uc":{"0":8.94336},"op_mini":{"0":2.3052476701},"and_chr":{"0":47.627104},"baidu":{"0":null},"and_ff":{"0":0.339456},"and_qq":{"1.2":null}},"total":94.3606396701}