{"id":"MW","name":"Malawi","month":"2017-12","access_date":"2018-01-03","data":{"chrome":{"4":0,"5":0,"6":0,"7":0,"8":0,"9":0,"10":0,"11":0.001428,"12":0,"13":0,"14":0,"15":0,"16":0,"17":0,"18":0.000714,"19":0,"20":0,"21":0,"22":0,"23":0,"24":0,"25":0,"26":0,"27":0,"28":0,"29":0,"30":0,"31":0,"32":0,"33":0.001428,"34":0,"35":0,"36":0,"37":0,"38":0,"39":0,"40":0.001428,"41":0,"42":0,"43":0.000714,"44":0,"45":0,"46":0.002142,"47":0,"48":0,"49":0.001428,"50":0.002856,"51":0.000714,"52":0.000714,"53":0.000714,"54":0,"55":0.001428,"56":0.001428,"57":0.002142,"58":0.002142,"59":0.002142,"60":0.001428,"61":0.006426,"62":0.08925,"63":0.094962,"64":0.001428,"65":0.000714,"66":0},"firefox":{"2":0,"3":0.000714,"3.5":0,"3.6":0,"4":0,"5":0,"6":0,"7":0,"8":0,"9":0,"10":0,"11":0,"12":0,"13":0,"14":0,"15":0.000714,"16":0,"17":0,"18":0,"19":0,"20":0,"21":0,"22":0.000714,"23":0,"24":0,"25":0.000714,"26":0,"27":0,"28":0,"29":0.000714,"30":0.000714,"31":0,"32":0,"33":0,"34":0.000714,"35":0.000714,"36":0.000714,"37":0.001428,"38":0.000714,"39":0.000714,"40":0.001428,"41":0.004284,"42":0.000714,"43":0.002856,"44":0.000714,"45":0.000714,"46":0,"47":0.00357,"48":0.002856,"49":0.001428,"50":0.001428,"51":0.000714,"52":0.002142,"53":0.001428,"54":0.001428,"55":0.001428,"56":0.007854,"57":0.084252,"58":0.011424,"59":0,"60":0},"opera":{"9":0,"9.5-9.6":0,"10.0-10.1":0,"10.5":0,"10.6":0,"11":0,"11.1":0,"11.5":0,"11.6":0,"12":0,"12.1":0.009996,"15":0.000714,"16":0,"17":0,"18":0.000714,"19":0.000714,"20":0.006426,"21":0.000714,"22":0.000714,"23":0.002856,"24":0.000714,"25":0,"26":0,"27":0,"28":0.001428,"29":0.002142,"30":0.002142,"31":0.041412,"32":0.002856,"33":0,"34":0.000714,"35":0.000714,"36":0.000714,"37":0.002142,"38":0,"39":0,"40":0,"41":0,"42":0.001428,"43":0.002856,"44":0.000714,"45":0,"46":0.000714,"47":0.000714,"48":0.000714,"49":0.011424,"50":0},"safari":{"3.1":0,"3.2":0,"4":0,"5":0,"5.1":0,"6":0,"6.1":0,"7":0,"7.1":0.000714,"8":0,"9":0,"9.1":0.001428,"10":0.002856,"10.1":0.002142,"11":0.009282,"0":null},"ios_saf":{"3.2":7.63233616808e-5,"4.0-4.1":7.63233616808e-5,"4.2-4.3":0.00183176068034,"5.0-5.1":0.00175543731866,"6.0-6.1":0.00129749714857,"7.0-7.1":0.00526631195598,"8":0.00145014387194,"8.1-8.4":0.00854821650825,"9.0-9.2":0.00618219229615,"9.3":0.0370168304152,"10.0-10.2":0.0474731309655,"10.3":0.112576958479,"11.0-11.2":0.539300873637},"android":{"2.1":0,"2.2":0,"2.3":0,"3":0,"4":0,"4.1":0.119325,"4.2-4.3":0.346501442308,"4.4":1.06933557692,"4.4.3-4.4.4":0.612687980769,"62":null},"op_mob":{"10":null,"11":null,"11.1":null,"11.5":null,"12":null,"12.1":null,"0":null},"ie":{"5.5":0,"6":0,"7":0,"8":0.009282,"9":0.001428,"10":0.002856,"11":0.029274},"edge":{"12":0.006426,"13":0.004284,"14":0.009282,"15":0.011424,"16":0.00357,"17":0},"samsung":{"4":0.850288066667,"5":0.176279233333,"6.2":0.2177567},"ie_mob":{"10":0.349004026846,"11":1.27604597315},"bb":{"7":0.1002888,"10":0.4011552},"and_uc":{"0":66.896344},"op_mini":{"0":9.88151660481},"and_chr":{"0":9.247156},"baidu":{"0":null},"and_ff":{"0":0.083574},"and_qq":{"1.2":null}},"total":92.9384626048}