{"id":"MX","name":"Mexico","month":"2017-12","access_date":"2018-01-03","data":{"chrome":{"4":0,"5":0,"6":0,"7":0,"8":0,"9":0,"10":0,"11":0.005843,"12":0,"13":0,"14":0,"15":0,"16":0,"17":0,"18":0.005843,"19":0,"20":0,"21":0.005843,"22":0.023372,"23":0,"24":0,"25":0,"26":0.005843,"27":0,"28":0,"29":0.023372,"30":0,"31":0,"32":0,"33":0,"34":0.011686,"35":0.005843,"36":0.005843,"37":0.005843,"38":0.023372,"39":0.005843,"40":0.005843,"41":0.011686,"42":0.011686,"43":0.011686,"44":0.011686,"45":0.005843,"46":0.011686,"47":0.029215,"48":0.011686,"49":0.660259,"50":0.017529,"51":0.040901,"52":0.017529,"53":0.017529,"54":0.023372,"55":0.029215,"56":0.064273,"57":0.052587,"58":0.128546,"59":0.087645,"60":0.128546,"61":0.297993,"62":10.388854,"63":11.925563,"64":0.023372,"65":0.005843,"66":0},"firefox":{"2":0,"3":0,"3.5":0,"3.6":0.005843,"4":0,"5":0,"6":0,"7":0,"8":0,"9":0,"10":0,"11":0,"12":0,"13":0,"14":0,"15":0,"16":0,"17":0,"18":0,"19":0,"20":0,"21":0,"22":0,"23":0,"24":0,"25":0,"26":0,"27":0,"28":0.005843,"29":0,"30":0,"31":0,"32":0,"33":0,"34":0,"35":0,"36":0,"37":0,"38":0.005843,"39":0.005843,"40":0.005843,"41":0.005843,"42":0,"43":0.011686,"44":0,"45":0.011686,"46":0.005843,"47":0.017529,"48":0.075959,"49":0.005843,"50":0.017529,"51":0.011686,"52":0.122703,"53":0.017529,"54":0.029215,"55":0.023372,"56":0.070116,"57":2.109323,"58":0.023372,"59":0,"60":0},"opera":{"9":0,"9.5-9.6":0,"10.0-10.1":0,"10.5":0,"10.6":0,"11":0,"11.1":0,"11.5":0,"11.6":0,"12":0,"12.1":0.011686,"15":0,"16":0,"17":0,"18":0,"19":0,"20":0.005843,"21":0,"22":0,"23":0,"24":0,"25":0,"26":0,"27":0,"28":0,"29":0.005843,"30":0,"31":0.005843,"32":0.005843,"33":0,"34":0,"35":0,"36":0.005843,"37":0.005843,"38":0,"39":0,"40":0,"41":0,"42":0,"43":0.017529,"44":0.005843,"45":0.005843,"46":0,"47":0,"48":0.011686,"49":0.473283,"50":0},"safari":{"3.1":0,"3.2":0,"4":0,"5":0.011686,"5.1":0.017529,"6":0,"6.1":0.011686,"7":0.023372,"7.1":0,"8":0.046744,"9":0.046744,"9.1":0.23372,"10":0.151918,"10.1":0.426539,"11":1.197815,"0":null},"ios_saf":{"3.2":0.00113354787394,"4.0-4.1":0.00113354787394,"4.2-4.3":0.0272051489745,"5.0-5.1":0.0260716011006,"6.0-6.1":0.0192703138569,"7.0-7.1":0.0782148033017,"8":0.0215374096048,"8.1-8.4":0.126957361881,"9.0-9.2":0.0918173777889,"9.3":0.549770718859,"10.0-10.2":0.705066777589,"10.3":1.67198311406,"11.0-11.2":8.00964927724},"android":{"2.1":0,"2.2":0,"2.3":0,"3":0,"4":0,"4.1":0.120946555556,"4.2-4.3":0.351210190171,"4.4":1.0838672094,"4.4.3-4.4.4":0.621014044872,"62":null},"op_mob":{"10":null,"11":null,"11.1":null,"11.5":null,"12":null,"12.1":null,"0":null},"ie":{"5.5":0,"6":0,"7":0.00586464074074,"8":0.105563533333,"9":0.0821049703704,"10":0.0938342518519,"11":1.2960856037},"edge":{"12":0.023372,"13":0.046744,"14":0.222034,"15":0.560928,"16":0.420696,"17":0},"samsung":{"4":0.548069354331,"5":0.115937748031,"6.2":0.674546897638},"ie_mob":{"10":0.035854125,"11":0.346589875},"bb":{"7":0.0049884,"10":0.0199536},"and_uc":{"0":0.278519},"op_mini":{"0":1.33022571478},"and_chr":{"0":48.111291},"baidu":{"0":null},"and_ff":{"0":0.116396},"and_qq":{"1.2":null}},"total":97.4126967148}