{"id":"MY","name":"Malaysia","month":"2017-12","access_date":"2018-01-03","data":{"chrome":{"4":0,"5":0,"6":0,"7":0,"8":0,"9":0,"10":0,"11":0.012366,"12":0,"13":0,"14":0,"15":0,"16":0,"17":0,"18":0,"19":0,"20":0,"21":0.004122,"22":0.004122,"23":0,"24":0,"25":0,"26":0.004122,"27":0,"28":0,"29":0.02061,"30":0.004122,"31":0.004122,"32":0.004122,"33":0.008244,"34":0.004122,"35":0.004122,"36":0.008244,"37":0.004122,"38":0.012366,"39":0.004122,"40":0.004122,"41":0.004122,"42":0.004122,"43":0.012366,"44":0.008244,"45":0.008244,"46":0.02061,"47":0.02061,"48":0.008244,"49":0.375102,"50":0.02061,"51":0.037098,"52":0.012366,"53":0.012366,"54":0.02061,"55":0.078318,"56":0.074196,"57":0.086562,"58":0.12366,"59":0.074196,"60":0.094806,"61":0.197856,"62":4.78152,"63":6.187122,"64":0.049464,"65":0.024732,"66":0},"firefox":{"2":0,"3":0,"3.5":0,"3.6":0.004122,"4":0,"5":0,"6":0,"7":0,"8":0,"9":0,"10":0,"11":0,"12":0,"13":0,"14":0,"15":0,"16":0.004122,"17":0,"18":0,"19":0,"20":0,"21":0,"22":0,"23":0,"24":0,"25":0,"26":0,"27":0.004122,"28":0,"29":0.004122,"30":0,"31":0,"32":0,"33":0.004122,"34":0.004122,"35":0.004122,"36":0.004122,"37":0.004122,"38":0.008244,"39":0.004122,"40":0.008244,"41":0.004122,"42":0.004122,"43":0.016488,"44":0.004122,"45":0.008244,"46":0.004122,"47":0.02061,"48":0.04122,"49":0.008244,"50":0.008244,"51":0.008244,"52":0.111294,"53":0.016488,"54":0.02061,"55":0.02061,"56":0.06183,"57":1.38087,"58":0.090684,"59":0,"60":0},"opera":{"9":0,"9.5-9.6":0,"10.0-10.1":0,"10.5":0,"10.6":0,"11":0,"11.1":0,"11.5":0,"11.6":0,"12":0,"12.1":0.008244,"15":0,"16":0,"17":0.004122,"18":0,"19":0,"20":0.004122,"21":0,"22":0,"23":0,"24":0,"25":0,"26":0,"27":0,"28":0.004122,"29":0.004122,"30":0.004122,"31":0.004122,"32":0.008244,"33":0,"34":0.004122,"35":0,"36":0.004122,"37":0.193734,"38":0,"39":0,"40":0,"41":0,"42":0,"43":0.028854,"44":0.004122,"45":0,"46":0,"47":0,"48":0.004122,"49":0.333882,"50":0},"safari":{"3.1":0,"3.2":0,"4":0,"5":0.004122,"5.1":0.008244,"6":0.004122,"6.1":0.004122,"7":0.012366,"7.1":0,"8":0.028854,"9":0.016488,"9.1":0.06183,"10":0.037098,"10.1":0.111294,"11":0.313272,"0":null},"ios_saf":{"3.2":0.00108184212106,"4.0-4.1":0.00108184212106,"4.2-4.3":0.0259642109055,"5.0-5.1":0.0248823687844,"6.0-6.1":0.018391316058,"7.0-7.1":0.0746471063532,"8":0.0205550003002,"8.1-8.4":0.121166317559,"9.0-9.2":0.0876292118059,"9.3":0.524693428714,"10.0-10.2":0.6729057993,"10.3":1.59571712856,"11.0-11.2":7.64429642741},"android":{"2.1":0,"2.2":0,"2.3":0,"3":0,"4":0,"4.1":0.238881666667,"4.2-4.3":0.693675608974,"4.4":2.14074724359,"4.4.3-4.4.4":1.22656548077,"62":null},"op_mob":{"10":null,"11":null,"11.1":null,"11.5":null,"12":null,"12.1":null,"0":null},"ie":{"5.5":0,"6":0.012520575,"7":0.004173525,"8":0.0667764,"9":0.0333882,"10":0.0333882,"11":0.5175171},"edge":{"12":0.004122,"13":0.012366,"14":0.045342,"15":0.107172,"16":0.094806,"17":0},"samsung":{"4":1.58854323364,"5":0.436070691589,"6.2":1.30821207477},"ie_mob":{"10":0.0129316,"11":0.0517264},"bb":{"7":0.005878,"10":0.023512},"and_uc":{"0":7.006576},"op_mini":{"0":2.64333256014},"and_chr":{"0":49.3089},"baidu":{"0":null},"and_ff":{"0":0.199852},"and_qq":{"1.2":null}},"total":94.1781725601}