{"id":"NA","name":"Namibia","month":"2017-12","access_date":"2018-01-03","data":{"chrome":{"4":0,"5":0,"6":0,"7":0,"8":0,"9":0,"10":0,"11":0.00635,"12":0,"13":0,"14":0,"15":0,"16":0,"17":0,"18":0,"19":0,"20":0,"21":0.003175,"22":0,"23":0.003175,"24":0,"25":0,"26":0.003175,"27":0,"28":0,"29":0.003175,"30":0,"31":0.00635,"32":0.003175,"33":0.003175,"34":0,"35":0.003175,"36":0.00635,"37":0.003175,"38":0.003175,"39":0.003175,"40":0.009525,"41":0,"42":0,"43":0.0254,"44":0,"45":0.00635,"46":0.00635,"47":0.00635,"48":0.003175,"49":0.060325,"50":0.003175,"51":0.015875,"52":0.003175,"53":0,"54":0.009525,"55":0.047625,"56":0.00635,"57":0.060325,"58":0.047625,"59":0.041275,"60":0.04445,"61":0.09525,"62":2.3114,"63":2.403475,"64":0.015875,"65":0.003175,"66":0},"firefox":{"2":0,"3":0,"3.5":0,"3.6":0,"4":0,"5":0,"6":0,"7":0,"8":0,"9":0,"10":0.01905,"11":0,"12":0,"13":0,"14":0,"15":0,"16":0,"17":0,"18":0,"19":0,"20":0,"21":0,"22":0,"23":0,"24":0.003175,"25":0,"26":0,"27":0,"28":0,"29":0,"30":0,"31":0.003175,"32":0.003175,"33":0.003175,"34":0.003175,"35":0.00635,"36":0,"37":0,"38":0.003175,"39":0.003175,"40":0.003175,"41":0.003175,"42":0.003175,"43":0.00635,"44":0.003175,"45":0.00635,"46":0,"47":0.01905,"48":0.015875,"49":0.003175,"50":0.00635,"51":0.003175,"52":0.05715,"53":0.00635,"54":0.0127,"55":0.009525,"56":0.066675,"57":0.95885,"58":0.073025,"59":0,"60":0},"opera":{"9":0,"9.5-9.6":0,"10.0-10.1":0,"10.5":0,"10.6":0,"11":0,"11.1":0,"11.5":0,"11.6":0,"12":0,"12.1":0.00635,"15":0,"16":0,"17":0.003175,"18":0,"19":0,"20":0.003175,"21":0.003175,"22":0,"23":0,"24":0,"25":0,"26":0.0254,"27":0,"28":0.022225,"29":0.003175,"30":0.009525,"31":0.015875,"32":0.022225,"33":0.003175,"34":0.00635,"35":0,"36":0.003175,"37":0.00635,"38":0,"39":0,"40":0,"41":0,"42":0.003175,"43":0.05715,"44":0.00635,"45":0,"46":0,"47":0.003175,"48":0.0127,"49":0.3683,"50":0},"safari":{"3.1":0,"3.2":0,"4":0,"5":0.003175,"5.1":0,"6":0,"6.1":0,"7":0,"7.1":0.01905,"8":0.022225,"9":0.00635,"9.1":0.034925,"10":0.015875,"10.1":0.073025,"11":0.2159,"0":null},"ios_saf":{"3.2":0.000501233116558,"4.0-4.1":0.000501233116558,"4.2-4.3":0.0120295947974,"5.0-5.1":0.0115283616808,"6.0-6.1":0.00852096298149,"7.0-7.1":0.0345850850425,"8":0.00952342921461,"8.1-8.4":0.0561381090545,"9.0-9.2":0.0405998824412,"9.3":0.243098061531,"10.0-10.2":0.311766998499,"10.3":0.739318846923,"11.0-11.2":3.5417132016},"android":{"2.1":0,"2.2":0,"2.3":0,"3":0,"4":0,"4.1":0.349830555556,"4.2-4.3":1.01585411325,"4.4":3.13501997863,"4.4.3-4.4.4":1.79624535256,"62":null},"op_mob":{"10":null,"11":null,"11.1":null,"11.5":null,"12":null,"12.1":null,"0":null},"ie":{"5.5":0,"6":0,"7":0,"8":0.0384848484848,"9":0.0352777777778,"10":0.0513131313131,"11":0.827424242424},"edge":{"12":0.028575,"13":0.073025,"14":0.1016,"15":0.358775,"16":0.15875,"17":0},"samsung":{"4":3.10162125,"5":0.801425625,"6.2":2.341828125},"ie_mob":{"10":0.178722457627,"11":0.524252542373},"bb":{"7":0.06279,"10":0.25116},"and_uc":{"0":9.725625},"op_mini":{"0":10.8164992268},"and_chr":{"0":41.61025},"baidu":{"0":null},"and_ff":{"0":0.1365},"and_qq":{"1.2":null}},"total":90.0871742268}