{"id":"NO","name":"Norway","month":"2017-12","access_date":"2018-01-03","data":{"chrome":{"4":0,"5":0,"6":0,"7":0,"8":0,"9":0,"10":0,"11":0,"12":0,"13":0,"14":0,"15":0,"16":0,"17":0,"18":0,"19":0,"20":0,"21":0,"22":0,"23":0,"24":0,"25":0,"26":0,"27":0,"28":0,"29":0,"30":0,"31":0,"32":0,"33":0,"34":0.006408,"35":0,"36":0,"37":0,"38":0.012816,"39":0.006408,"40":0,"41":0.006408,"42":0.019224,"43":0.006408,"44":0.006408,"45":0.006408,"46":0.012816,"47":0.012816,"48":0.012816,"49":0.198648,"50":0.012816,"51":0.03204,"52":0.025632,"53":0.012816,"54":0.025632,"55":0.03204,"56":0.051264,"57":0.070488,"58":0.051264,"59":0.294768,"60":0.1602,"61":0.781776,"62":9.32364,"63":9.330048,"64":0.025632,"65":0.012816,"66":0},"firefox":{"2":0,"3":0,"3.5":0,"3.6":0.09612,"4":0,"5":0,"6":0,"7":0,"8":0,"9":0,"10":0,"11":0,"12":0,"13":0,"14":0,"15":0,"16":0,"17":0,"18":0,"19":0,"20":0,"21":0,"22":0,"23":0,"24":0,"25":0,"26":0,"27":0,"28":0,"29":0,"30":0,"31":0,"32":0,"33":0,"34":0,"35":0,"36":0,"37":0.006408,"38":0.019224,"39":0,"40":0,"41":0,"42":0,"43":0.006408,"44":0.006408,"45":0.025632,"46":0.006408,"47":0.006408,"48":0.038448,"49":0.006408,"50":0.140976,"51":0.006408,"52":0.275544,"53":0.012816,"54":0.019224,"55":0.038448,"56":0.089712,"57":2.217168,"58":0.012816,"59":0,"60":0},"opera":{"9":0,"9.5-9.6":0,"10.0-10.1":0,"10.5":0,"10.6":0,"11":0,"11.1":0,"11.5":0,"11.6":0,"12":0,"12.1":0.019224,"15":0,"16":0,"17":0,"18":0,"19":0,"20":0,"21":0,"22":0,"23":0,"24":0,"25":0,"26":0,"27":0,"28":0,"29":0,"30":0,"31":0.006408,"32":0.006408,"33":0,"34":0,"35":0,"36":0.006408,"37":0,"38":0,"39":0,"40":0,"41":0,"42":0,"43":0.019224,"44":0.006408,"45":0,"46":0,"47":0,"48":0.051264,"49":0.807408,"50":0.006408},"safari":{"3.1":0,"3.2":0,"4":0,"5":0.006408,"5.1":0.012816,"6":0,"6.1":0.006408,"7":0.006408,"7.1":0,"8":0.044856,"9":0.03204,"9.1":0.358848,"10":0.198648,"10.1":0.692064,"11":2.197944,"0":null},"ios_saf":{"3.2":0.00355254987494,"4.0-4.1":0.00355254987494,"4.2-4.3":0.0852611969985,"5.0-5.1":0.0817086471236,"6.0-6.1":0.0603933478739,"7.0-7.1":0.245125941371,"8":0.0674984476238,"8.1-8.4":0.397885585993,"9.0-9.2":0.28775653987,"9.3":1.72298668934,"10.0-10.2":2.20968602221,"10.3":5.24001106553,"11.0-11.2":25.1023174163},"android":{"2.1":0,"2.2":0,"2.3":0,"3":0,"4":0,"4.1":0.0310137777778,"4.2-4.3":0.0900592393162,"4.4":0.277931162393,"4.4.3-4.4.4":0.159243820513,"62":null},"op_mob":{"10":null,"11":null,"11.1":null,"11.5":null,"12":null,"12.1":null,"0":null},"ie":{"5.5":0,"6":0,"7":0,"8":0.012816,"9":0.025632,"10":0.025632,"11":6.850152},"edge":{"12":0.012816,"13":0.044856,"14":0.35244,"15":1.012464,"16":0.89712,"17":0},"samsung":{"4":0.277024528302,"5":0.210538641509,"6.2":3.03618883019},"ie_mob":{"10":0,"11":0.061064},"bb":{"7":0.0007184,"10":0.0028736},"and_uc":{"0":0.039512},"op_mini":{"0":0.272053883162},"and_chr":{"0":19.853904},"baidu":{"0":null},"and_ff":{"0":0.183192},"and_qq":{"1.2":null}},"total":97.3040218832}