{"id":"NP","name":"Nepal","month":"2017-12","access_date":"2018-01-03","data":{"chrome":{"4":0,"5":0,"6":0,"7":0,"8":0,"9":0,"10":0,"11":0.007228,"12":0.003614,"13":0,"14":0,"15":0.003614,"16":0,"17":0.007228,"18":0.003614,"19":0.003614,"20":0.003614,"21":0,"22":0.003614,"23":0,"24":0.003614,"25":0.003614,"26":0.003614,"27":0.003614,"28":0.003614,"29":0.05421,"30":0.01807,"31":0.021684,"32":0.057824,"33":0.028912,"34":0.003614,"35":0.003614,"36":0.010842,"37":0,"38":0.003614,"39":0,"40":0.003614,"41":0,"42":0,"43":0.025298,"44":0.003614,"45":0,"46":0.003614,"47":0.003614,"48":0.003614,"49":0.187928,"50":0.003614,"51":0.007228,"52":0.003614,"53":0.010842,"54":0.007228,"55":0.01807,"56":0.021684,"57":0.101192,"58":0.057824,"59":0.039754,"60":0.046982,"61":0.083122,"62":3.422458,"63":4.962022,"64":0.07228,"65":0.039754,"66":0},"firefox":{"2":0,"3":0.003614,"3.5":0,"3.6":0,"4":0.003614,"5":0,"6":0,"7":0,"8":0,"9":0,"10":0,"11":0,"12":0.003614,"13":0,"14":0.003614,"15":0.003614,"16":0,"17":0,"18":0,"19":0,"20":0,"21":0,"22":0.003614,"23":0,"24":0,"25":0,"26":0.003614,"27":0.003614,"28":0,"29":0.003614,"30":0.003614,"31":0.003614,"32":0.003614,"33":0.003614,"34":0.007228,"35":0.003614,"36":0,"37":0.003614,"38":0.007228,"39":0.007228,"40":0.003614,"41":0.003614,"42":0.003614,"43":0.025298,"44":0.010842,"45":0.007228,"46":0.003614,"47":0.039754,"48":0.01807,"49":0.007228,"50":0.010842,"51":0.007228,"52":0.112034,"53":0.010842,"54":0.01807,"55":0.014456,"56":0.050596,"57":1.4456,"58":0.21684,"59":0,"60":0},"opera":{"9":0,"9.5-9.6":0,"10.0-10.1":0,"10.5":0,"10.6":0,"11":0,"11.1":0,"11.5":0,"11.6":0,"12":0,"12.1":0.046982,"15":0,"16":0,"17":0,"18":0.003614,"19":0.003614,"20":0.003614,"21":0.003614,"22":0.007228,"23":0,"24":0,"25":0,"26":0,"27":0,"28":0.003614,"29":0.003614,"30":0.003614,"31":0.007228,"32":0.010842,"33":0,"34":0,"35":0,"36":0.003614,"37":0.057824,"38":0,"39":0,"40":0,"41":0,"42":0,"43":0.01807,"44":0.007228,"45":0,"46":0.003614,"47":0.003614,"48":0.007228,"49":0.332488,"50":0},"safari":{"3.1":0,"3.2":0,"4":0,"5":0,"5.1":0,"6":0,"6.1":0,"7":0,"7.1":0,"8":0.003614,"9":0.003614,"9.1":0.014456,"10":0.01807,"10.1":0.028912,"11":0.10842,"0":null},"ios_saf":{"3.2":0.000518189094547,"4.0-4.1":0.000518189094547,"4.2-4.3":0.0124365382691,"5.0-5.1":0.0119183491746,"6.0-6.1":0.0088092146073,"7.0-7.1":0.0357550475238,"8":0.0098455927964,"8.1-8.4":0.0580371785893,"9.0-9.2":0.0419733166583,"9.3":0.251321710855,"10.0-10.2":0.322313616808,"10.3":0.764328914457,"11.0-11.2":3.66152414207},"android":{"2.1":0,"2.2":0,"2.3":0,"3":0,"4":0,"4.1":0.211495333333,"4.2-4.3":0.614149910256,"4.4":1.8953235641,"4.4.3-4.4.4":1.08594719231,"62":null},"op_mob":{"10":null,"11":null,"11.1":null,"11.5":null,"12":null,"12.1":null,"0":null},"ie":{"5.5":0,"6":0,"7":0,"8":0.051569,"9":0.007367,"10":0.0110505,"11":0.1215555},"edge":{"12":0.025298,"13":0.014456,"14":0.028912,"15":0.075894,"16":0.061438,"17":0},"samsung":{"4":1.23277565217,"5":0.174643217391,"6.2":0.719119130435},"ie_mob":{"10":0.0326812941176,"11":0.152512705882},"bb":{"7":0.0038316,"10":0.0153264},"and_uc":{"0":6.188034},"op_mini":{"0":11.0760012921},"and_chr":{"0":50.50411},"baidu":{"0":null},"and_ff":{"0":0.114948},"and_qq":{"1.2":null}},"total":91.7769192921}