{"id":"NR","name":"Nauru","month":"2017-12","access_date":"2018-01-03","data":{"chrome":{"4":0,"5":0,"6":0,"7":0,"8":0,"9":0,"10":0,"11":0.211068,"12":0,"13":0,"14":0,"15":0,"16":0,"17":0,"18":0,"19":0,"20":0,"21":0,"22":0,"23":0,"24":0,"25":0,"26":0,"27":0,"28":0,"29":0.009594,"30":0,"31":0,"32":0,"33":0,"34":0,"35":0,"36":0,"37":0,"38":0,"39":0,"40":0.009594,"41":0,"42":0,"43":0,"44":0,"45":0,"46":0,"47":0,"48":0,"49":0.009594,"50":0,"51":0,"52":0,"53":0,"54":0,"55":0,"56":0.04797,"57":0,"58":0,"59":0,"60":0,"61":0.057564,"62":2.244996,"63":0.450918,"64":0,"65":0,"66":0},"firefox":{"2":0,"3":0,"3.5":0,"3.6":0,"4":0,"5":0,"6":0,"7":0,"8":0,"9":0,"10":0,"11":0,"12":0,"13":0,"14":1.803672,"15":0,"16":0,"17":0,"18":0,"19":0,"20":0,"21":0,"22":0,"23":0,"24":0,"25":0,"26":0,"27":0,"28":0,"29":0,"30":0.642798,"31":0,"32":0,"33":0,"34":0,"35":0,"36":0,"37":0,"38":0,"39":0,"40":0,"41":0,"42":0,"43":0.019188,"44":0,"45":0,"46":0.009594,"47":1.074528,"48":0,"49":0.009594,"50":0,"51":0,"52":0,"53":0.009594,"54":0,"55":0.364572,"56":0,"57":2.456064,"58":0,"59":0,"60":0},"opera":{"9":0,"9.5-9.6":0,"10.0-10.1":0,"10.5":0,"10.6":0,"11":0,"11.1":0,"11.5":0,"11.6":0,"12":0,"12.1":0,"15":0,"16":0,"17":0,"18":0,"19":0,"20":0,"21":0,"22":0,"23":0,"24":0,"25":0,"26":0,"27":0,"28":0,"29":0,"30":0,"31":0,"32":0,"33":0,"34":0,"35":0,"36":0,"37":0,"38":0,"39":0,"40":0,"41":0,"42":0,"43":0,"44":0,"45":0,"46":0,"47":0.009594,"48":0,"49":0.009594,"50":0},"safari":{"3.1":0,"3.2":0,"4":0,"5":0,"5.1":0,"6":0,"6.1":0,"7":0,"7.1":0,"8":0,"9":0,"9.1":0,"10":0,"10.1":0.009594,"11":0.009594,"0":null},"ios_saf":{"3.2":1.55037518759e-5,"4.0-4.1":1.55037518759e-5,"4.2-4.3":0.000372090045023,"5.0-5.1":0.000356586293147,"6.0-6.1":0.000263563781891,"7.0-7.1":0.00106975887944,"8":0.000294571285643,"8.1-8.4":0.00173642021011,"9.0-9.2":0.00125580390195,"9.3":0.00751931965983,"10.0-10.2":0.00964333366683,"10.3":0.022868034017,"11.0-11.2":0.109549510755},"android":{"2.1":0,"2.2":0,"2.3":0,"3":0,"4":0,"4.1":0.00539177777778,"4.2-4.3":0.0156568931624,"4.4":0.0483186239316,"4.4.3-4.4.4":0.0276847051282,"62":null},"op_mob":{"10":null,"11":null,"11.1":null,"11.5":null,"12":null,"12.1":null,"0":null},"ie":{"5.5":0,"6":0,"7":0,"8":10.064106,"9":1.189656,"10":8.241246,"11":62.31303},"edge":{"12":0,"13":0.028782,"14":0.115128,"15":0.364572,"16":0.134316,"17":0},"samsung":{"4":0.0573176470588,"5":0.00955294117647,"6.2":0.0955294117647},"ie_mob":{"10":0,"11":0},"bb":{"7":0,"10":0},"and_uc":{"0":1.602076},"op_mini":{"0":0.218709130584},"and_chr":{"0":3.823284},"baidu":{"0":null},"and_ff":{"0":0.017864},"and_qq":{"1.2":null}},"total":97.9964591306}