{"id":"NU","name":"Niue","month":"2017-12","access_date":"2018-01-03","data":{"chrome":{"4":0,"5":0,"6":0,"7":0,"8":0,"9":0,"10":0,"11":0,"12":0,"13":0,"14":0,"15":0,"16":0,"17":0,"18":0,"19":0,"20":0,"21":0,"22":0,"23":0,"24":0,"25":0,"26":0,"27":0,"28":0,"29":0.60537,"30":0,"31":0,"32":0,"33":0,"34":0.042732,"35":0,"36":0,"37":0,"38":0,"39":0,"40":0,"41":0,"42":0,"43":0,"44":0,"45":0,"46":0,"47":0,"48":0,"49":0.021366,"50":0,"51":0,"52":0,"53":0,"54":0,"55":0,"56":0,"57":0,"58":0,"59":0,"60":0,"61":0,"62":21.002778,"63":7.321416,"64":0,"65":0,"66":0},"firefox":{"2":0,"3":0,"3.5":0,"3.6":0,"4":0,"5":0,"6":0,"7":0,"8":0,"9":0,"10":0,"11":0,"12":0,"13":0,"14":0,"15":0,"16":0,"17":0.762054,"18":0,"19":0,"20":0,"21":0,"22":0,"23":0,"24":0,"25":0,"26":0,"27":0,"28":0,"29":0.17805,"30":0,"31":0,"32":0,"33":0,"34":0,"35":0,"36":0,"37":0,"38":0,"39":0,"40":0,"41":0,"42":0,"43":0.113952,"44":0.24927,"45":0,"46":0,"47":0,"48":0,"49":0,"50":0.064098,"51":0,"52":0,"53":0,"54":0,"55":0,"56":0.021366,"57":15.176982,"58":0,"59":0,"60":0},"opera":{"9":0,"9.5-9.6":0,"10.0-10.1":0,"10.5":0,"10.6":0,"11":0,"11.1":0,"11.5":0,"11.6":0,"12":0,"12.1":0,"15":0,"16":0,"17":0,"18":0,"19":0,"20":0,"21":0,"22":0,"23":0,"24":0,"25":0,"26":0,"27":0,"28":0,"29":0,"30":0,"31":0,"32":0,"33":0,"34":0,"35":0,"36":0,"37":0.021366,"38":0,"39":0,"40":0,"41":0,"42":0,"43":0,"44":0,"45":0,"46":0,"47":0,"48":0,"49":0,"50":0},"safari":{"3.1":0,"3.2":0,"4":0,"5":0,"5.1":0.021366,"6":0,"6.1":0,"7":0,"7.1":0,"8":0,"9":0,"9.1":0.092586,"10":0,"10.1":0.377466,"11":0.3561,"0":null},"ios_saf":{"3.2":0.000666594097049,"4.0-4.1":0.000666594097049,"4.2-4.3":0.0159982583292,"5.0-5.1":0.0153316642321,"6.0-6.1":0.0113320996498,"7.0-7.1":0.0459949926963,"8":0.0126652878439,"8.1-8.4":0.0746585388694,"9.0-9.2":0.0539941218609,"9.3":0.323298137069,"10.0-10.2":0.414621528364,"10.3":0.983226293147,"11.0-11.2":4.71015388974},"android":{"2.1":0,"2.2":0,"2.3":0,"3":0,"4":0,"4.1":0.108072666667,"4.2-4.3":0.313826397436,"4.4":0.968497358974,"4.4.3-4.4.4":0.554911576923,"62":null},"op_mob":{"10":null,"11":null,"11.1":null,"11.5":null,"12":null,"12.1":null,"0":null},"ie":{"5.5":0,"6":0,"7":0,"8":0,"9":0,"10":0,"11":1.99416},"edge":{"12":0.135318,"13":0.135318,"14":0.092586,"15":0.021366,"16":0.092586,"17":0},"samsung":{"4":5.51845658219,"5":0.0930076952055,"6.2":0.423701722603},"ie_mob":{"10":0,"11":0},"bb":{"7":0,"10":0},"and_uc":{"0":0.227362},"op_mini":{"0":0.0299717491409},"and_chr":{"0":31.872314},"baidu":{"0":null},"and_ff":{"0":0},"and_qq":{"1.2":null}},"total":95.6723817491}