{"id":"OM","name":"Oman","month":"2017-12","access_date":"2018-01-03","data":{"chrome":{"4":0,"5":0,"6":0,"7":0,"8":0,"9":0,"10":0,"11":0.009669,"12":0,"13":0,"14":0.003223,"15":0,"16":0,"17":0,"18":0,"19":0,"20":0,"21":0,"22":0.006446,"23":0,"24":0,"25":0.003223,"26":0.003223,"27":0.003223,"28":0.003223,"29":0.029007,"30":0.012892,"31":0.003223,"32":0.003223,"33":0.006446,"34":0.009669,"35":0.003223,"36":0.003223,"37":0,"38":0.019338,"39":0.003223,"40":0.006446,"41":0,"42":0.003223,"43":0.022561,"44":0.006446,"45":0.003223,"46":0.003223,"47":0.003223,"48":0.006446,"49":0.157927,"50":0.009669,"51":0.003223,"52":0.003223,"53":0.003223,"54":0.009669,"55":0.019338,"56":0.016115,"57":0.06446,"58":0.058014,"59":0.029007,"60":0.022561,"61":0.080575,"62":2.333452,"63":3.944952,"64":0.025784,"65":0.009669,"66":0},"firefox":{"2":0,"3":0,"3.5":0,"3.6":0.003223,"4":0,"5":0,"6":0,"7":0,"8":0,"9":0,"10":0,"11":0,"12":0,"13":0,"14":0.003223,"15":0,"16":0,"17":0,"18":0,"19":0,"20":0,"21":0,"22":0,"23":0,"24":0,"25":0,"26":0,"27":0,"28":0,"29":0,"30":0,"31":0,"32":0,"33":0,"34":0,"35":0,"36":0.003223,"37":0.003223,"38":0.003223,"39":0.003223,"40":0,"41":0,"42":0,"43":0.006446,"44":0.003223,"45":0.006446,"46":0.006446,"47":0.019338,"48":0.019338,"49":0.003223,"50":0.006446,"51":0.003223,"52":0.054791,"53":0.009669,"54":0.006446,"55":0.009669,"56":0.022561,"57":0.631708,"58":0.035453,"59":0,"60":0},"opera":{"9":0,"9.5-9.6":0,"10.0-10.1":0,"10.5":0,"10.6":0,"11":0,"11.1":0,"11.5":0,"11.6":0,"12":0,"12.1":0,"15":0,"16":0,"17":0,"18":0.003223,"19":0.003223,"20":0,"21":0,"22":0.006446,"23":0,"24":0,"25":0,"26":0,"27":0,"28":0,"29":0,"30":0,"31":0,"32":0.003223,"33":0,"34":0,"35":0,"36":0.003223,"37":0.029007,"38":0,"39":0,"40":0,"41":0,"42":0,"43":0.06446,"44":0.016115,"45":0.003223,"46":0,"47":0,"48":0.003223,"49":0.12892,"50":0},"safari":{"3.1":0,"3.2":0,"4":0,"5":0.003223,"5.1":0.080575,"6":0,"6.1":0,"7":0,"7.1":0,"8":0.016115,"9":0.012892,"9.1":0.061237,"10":0.03223,"10.1":0.132143,"11":0.280401,"0":null},"ios_saf":{"3.2":0.0010878034017,"4.0-4.1":0.0010878034017,"4.2-4.3":0.0261072816408,"5.0-5.1":0.0250194782391,"6.0-6.1":0.0184926578289,"7.0-7.1":0.0750584347174,"8":0.0206682646323,"8.1-8.4":0.12183398099,"9.0-9.2":0.0881120755378,"9.3":0.527584649825,"10.0-10.2":0.676613715858,"10.3":1.60451001751,"11.0-11.2":7.68641883642},"android":{"2.1":0,"2.2":0,"2.3":0,"3":0,"4":0,"4.1":0.270327111111,"4.2-4.3":0.78498834188,"4.4":2.42254680342,"4.4.3-4.4.4":1.38802574359,"62":null},"op_mob":{"10":null,"11":null,"11.1":null,"11.5":null,"12":null,"12.1":null,"0":null},"ie":{"5.5":0,"6":0,"7":0,"8":0.0484975078864,"9":0.0484975078864,"10":0.0517306750789,"11":0.876188309148},"edge":{"12":0.025784,"13":0.045122,"14":0.09669,"15":0.186934,"16":0.141812,"17":0},"samsung":{"4":5.94221587254,"5":1.38380369634,"6.2":3.53073443112},"ie_mob":{"10":0.0208523076923,"11":0.114687692308},"bb":{"7":0.0108432,"10":0.0433728},"and_uc":{"0":0.874233},"op_mini":{"0":0.60310642268},"and_chr":{"0":56.748564},"baidu":{"0":null},"and_ff":{"0":0.196533},"and_qq":{"1.2":null}},"total":95.4469004227}