{"id":"PF","name":"French Polynesia","month":"2017-12","access_date":"2018-01-03","data":{"chrome":{"4":0,"5":0,"6":0,"7":0,"8":0,"9":0,"10":0,"11":0,"12":0,"13":0,"14":0,"15":0,"16":0,"17":0,"18":0,"19":0,"20":0,"21":0,"22":0,"23":0,"24":0,"25":0,"26":0.00599,"27":0,"28":0,"29":0,"30":0,"31":0,"32":0,"33":0,"34":0,"35":0.02396,"36":0.01198,"37":0,"38":0.00599,"39":0,"40":0,"41":0,"42":0,"43":0.07188,"44":0.01198,"45":0,"46":0.00599,"47":0.00599,"48":0,"49":0.599,"50":0.01198,"51":0.00599,"52":0.00599,"53":0.01797,"54":0.01797,"55":0.02396,"56":0.07188,"57":0.23361,"58":0.07787,"59":0.03594,"60":0.04193,"61":0.42529,"62":6.66088,"63":6.99033,"64":0.05391,"65":0.02396,"66":0},"firefox":{"2":0,"3":0,"3.5":0,"3.6":0.01198,"4":0,"5":0.00599,"6":0,"7":0,"8":0,"9":0,"10":0.01198,"11":0,"12":0.01198,"13":0,"14":0,"15":0,"16":0,"17":0.01198,"18":0,"19":0,"20":0,"21":0,"22":0,"23":0,"24":0,"25":0,"26":0,"27":0,"28":0.00599,"29":0,"30":0.00599,"31":0.00599,"32":0.04193,"33":0,"34":0.02396,"35":0.00599,"36":0,"37":0.00599,"38":0.13178,"39":0,"40":0.00599,"41":0.00599,"42":0.00599,"43":0.19168,"44":0.00599,"45":0.07787,"46":0.00599,"47":0.08386,"48":0.22163,"49":0.08985,"50":0.01198,"51":0.01198,"52":0.30549,"53":0.01198,"54":0.02995,"55":0.0599,"56":0.28153,"57":6.1697,"58":0.12579,"59":0,"60":0},"opera":{"9":0,"9.5-9.6":0,"10.0-10.1":0,"10.5":0,"10.6":0,"11":0,"11.1":0,"11.5":0,"11.6":0,"12":0,"12.1":0,"15":0,"16":0,"17":0,"18":0,"19":0,"20":0,"21":0,"22":0,"23":0,"24":0,"25":0,"26":0,"27":0,"28":0,"29":0,"30":0,"31":0.00599,"32":0,"33":0,"34":0,"35":0,"36":0.01198,"37":0,"38":0,"39":0,"40":0,"41":0,"42":0,"43":0.01198,"44":0,"45":0,"46":0,"47":0,"48":0,"49":0.37138,"50":0},"safari":{"3.1":0,"3.2":0,"4":0,"5":0.02995,"5.1":0.10782,"6":0,"6.1":0.02396,"7":0.00599,"7.1":0,"8":0.07787,"9":0.04792,"9.1":0.34742,"10":0.24559,"10.1":0.43128,"11":3.18668,"0":null},"ios_saf":{"3.2":0.00229042921461,"4.0-4.1":0.00229042921461,"4.2-4.3":0.0549703011506,"5.0-5.1":0.052679871936,"6.0-6.1":0.0389372966483,"7.0-7.1":0.158039615808,"8":0.0435181550775,"8.1-8.4":0.256528072036,"9.0-9.2":0.185524766383,"9.3":1.11085816908,"10.0-10.2":1.42464697149,"10.3":3.37838309155,"11.0-11.2":16.1841728304},"android":{"2.1":0,"2.2":0,"2.3":0,"3":0,"4":0,"4.1":0.106023333333,"4.2-4.3":0.307875448718,"4.4":0.950132179487,"4.4.3-4.4.4":0.544389038462,"62":null},"op_mob":{"10":null,"11":null,"11.1":null,"11.5":null,"12":null,"12.1":null,"0":null},"ie":{"5.5":0,"6":0,"7":0,"8":0.02396,"9":0.0599,"10":0.07787,"11":1.43161},"edge":{"12":0.01797,"13":0.05391,"14":0.1797,"15":0.48519,"16":0.50915,"17":0},"samsung":{"4":1.26776582734,"5":0.276603453237,"6.2":1.65962071942},"ie_mob":{"10":0.0115844444444,"11":0.196935555556},"bb":{"7":0,"10":0},"and_uc":{"0":0.16842},"op_mini":{"0":0.12907790378},"and_chr":{"0":37.88652},"baidu":{"0":null},"and_ff":{"0":0.15238},"and_qq":{"1.2":null}},"total":97.7221279038}