{"id":"PG","name":"Papua New Guinea","month":"2017-12","access_date":"2018-01-03","data":{"chrome":{"4":0,"5":0,"6":0,"7":0,"8":0,"9":0,"10":0,"11":0.005466,"12":0,"13":0,"14":0,"15":0,"16":0,"17":0,"18":0.001822,"19":0,"20":0,"21":0,"22":0,"23":0,"24":0,"25":0.001822,"26":0.001822,"27":0,"28":0.003644,"29":0.001822,"30":0,"31":0,"32":0.005466,"33":0,"34":0,"35":0,"36":0,"37":0,"38":0,"39":0,"40":0.014576,"41":0.003644,"42":0,"43":0.003644,"44":0.001822,"45":0.001822,"46":0.030974,"47":0,"48":0,"49":0.014576,"50":0.007288,"51":0.012754,"52":0,"53":0.003644,"54":0.003644,"55":0.025508,"56":0.020042,"57":0.020042,"58":0.025508,"59":0.010932,"60":0.014576,"61":0.041906,"62":0.767062,"63":0.759774,"64":0,"65":0,"66":0},"firefox":{"2":0,"3":0.003644,"3.5":0,"3.6":0,"4":0.00911,"5":0,"6":0,"7":0.001822,"8":0,"9":0,"10":0,"11":0,"12":0,"13":0,"14":0.001822,"15":0,"16":0.001822,"17":0,"18":0.005466,"19":0.007288,"20":0,"21":0,"22":0,"23":0,"24":0,"25":0,"26":0,"27":0,"28":0,"29":0,"30":0,"31":0,"32":0.001822,"33":0,"34":0.001822,"35":0,"36":0,"37":0,"38":0,"39":0,"40":0,"41":0,"42":0,"43":0.003644,"44":0.001822,"45":0.003644,"46":0.001822,"47":0.005466,"48":0.005466,"49":0.014576,"50":0.001822,"51":0.001822,"52":0.025508,"53":0.003644,"54":0.016398,"55":0.003644,"56":0.038262,"57":0.21864,"58":0.02733,"59":0,"60":0},"opera":{"9":0,"9.5-9.6":0,"10.0-10.1":0,"10.5":0,"10.6":0,"11":0,"11.1":0,"11.5":0,"11.6":0,"12":0,"12.1":0.014576,"15":0,"16":0,"17":0.001822,"18":0.001822,"19":0,"20":0,"21":0,"22":0.003644,"23":0,"24":0,"25":0,"26":0,"27":0,"28":0.001822,"29":0.001822,"30":0.001822,"31":0,"32":0.007288,"33":0.001822,"34":0,"35":0.005466,"36":0.001822,"37":0.069236,"38":0,"39":0,"40":0,"41":0,"42":0.001822,"43":0.010932,"44":0,"45":0,"46":0,"47":0,"48":0.001822,"49":0.0911,"50":0},"safari":{"3.1":0,"3.2":0,"4":0,"5":0.001822,"5.1":0,"6":0,"6.1":0,"7":0.001822,"7.1":0,"8":0.003644,"9":0.012754,"9.1":0.003644,"10":0.010932,"10.1":0.01822,"11":0.038262,"0":null},"ios_saf":{"3.2":0.000203470335168,"4.0-4.1":0.000203470335168,"4.2-4.3":0.00488328804402,"5.0-5.1":0.00467981770885,"6.0-6.1":0.00345899569785,"7.0-7.1":0.0140394531266,"8":0.00386593636818,"8.1-8.4":0.0227886775388,"9.0-9.2":0.0164810971486,"9.3":0.0986831125563,"10.0-10.2":0.126558548474,"10.3":0.300118744372,"11.0-11.2":1.43772138829},"android":{"2.1":0,"2.2":0,"2.3":0,"3":0,"4":0,"4.1":0.212817888889,"4.2-4.3":0.61799040812,"4.4":1.90717569658,"4.4.3-4.4.4":1.09273800641,"62":null},"op_mob":{"10":null,"11":null,"11.1":null,"11.5":null,"12":null,"12.1":null,"0":null},"ie":{"5.5":0,"6":0,"7":0,"8":0.0260921526718,"9":0.0316833282443,"10":0.0149098015267,"11":0.415610717557},"edge":{"12":0.007288,"13":0.01822,"14":0.038262,"15":0.10021,"16":0.012754,"17":0},"samsung":{"4":1.07071222222,"5":0.377298592593,"6.2":0.203945185185},"ie_mob":{"10":0.024534,"11":0.073602},"bb":{"7":0.0147204,"10":0.0588816},"and_uc":{"0":43.09806},"op_mini":{"0":12.4420401134},"and_chr":{"0":22.023358},"baidu":{"0":null},"and_ff":{"0":0.147204},"and_qq":{"1.2":null}},"total":88.5872641134}