{"id":"PK","name":"Pakistan","month":"2017-12","access_date":"2018-01-03","data":{"chrome":{"4":0,"5":0,"6":0,"7":0,"8":0,"9":0,"10":0,"11":0.003026,"12":0,"13":0,"14":0,"15":0,"16":0,"17":0.003026,"18":0,"19":0,"20":0.003026,"21":0,"22":0.003026,"23":0.003026,"24":0.003026,"25":0.006052,"26":0.003026,"27":0.006052,"28":0.003026,"29":0.03026,"30":0.003026,"31":0.009078,"32":0.006052,"33":0.01513,"34":0.006052,"35":0.003026,"36":0.003026,"37":0.003026,"38":0.003026,"39":0.003026,"40":0.009078,"41":0,"42":0,"43":0.057494,"44":0.003026,"45":0.003026,"46":0.009078,"47":0.006052,"48":0.009078,"49":0.236028,"50":0.003026,"51":0.006052,"52":0.003026,"53":0.006052,"54":0.006052,"55":0.018156,"56":0.03026,"57":0.042364,"58":0.054468,"59":0.036312,"60":0.054468,"61":0.093806,"62":2.326994,"63":3.516212,"64":0.057494,"65":0.021182,"66":0},"firefox":{"2":0,"3":0.009078,"3.5":0,"3.6":0.003026,"4":0,"5":0,"6":0,"7":0,"8":0,"9":0,"10":0,"11":0,"12":0.003026,"13":0,"14":0,"15":0,"16":0,"17":0.003026,"18":0.003026,"19":0,"20":0,"21":0,"22":0.003026,"23":0.003026,"24":0.003026,"25":0,"26":0.003026,"27":0,"28":0.006052,"29":0.003026,"30":0.003026,"31":0.003026,"32":0.003026,"33":0.003026,"34":0.003026,"35":0.003026,"36":0.003026,"37":0.003026,"38":0.003026,"39":0.003026,"40":0.003026,"41":0.006052,"42":0.003026,"43":0.018156,"44":0.006052,"45":0.009078,"46":0.003026,"47":0.021182,"48":0.024208,"49":0.006052,"50":0.006052,"51":0.006052,"52":0.069598,"53":0.006052,"54":0.009078,"55":0.012104,"56":0.027234,"57":0.565862,"58":0.07565,"59":0,"60":0},"opera":{"9":0,"9.5-9.6":0,"10.0-10.1":0,"10.5":0,"10.6":0,"11":0,"11.1":0,"11.5":0,"11.6":0,"12":0,"12.1":0.006052,"15":0,"16":0,"17":0,"18":0.018156,"19":0.003026,"20":0.003026,"21":0.003026,"22":0.006052,"23":0,"24":0,"25":0,"26":0,"27":0,"28":0.003026,"29":0.003026,"30":0.003026,"31":0.006052,"32":0.006052,"33":0,"34":0,"35":0,"36":0.006052,"37":0.057494,"38":0,"39":0,"40":0,"41":0,"42":0.003026,"43":0.01513,"44":0.006052,"45":0.003026,"46":0.003026,"47":0.003026,"48":0.006052,"49":0.275366,"50":0},"safari":{"3.1":0,"3.2":0,"4":0,"5":0,"5.1":0,"6":0,"6.1":0,"7":0,"7.1":0,"8":0.003026,"9":0.003026,"9.1":0.006052,"10":0.006052,"10.1":0.01513,"11":0.039338,"0":null},"ios_saf":{"3.2":0.000317922561281,"4.0-4.1":0.000317922561281,"4.2-4.3":0.00763014147074,"5.0-5.1":0.00731221890945,"6.0-6.1":0.00540468354177,"7.0-7.1":0.0219366567284,"8":0.00604052866433,"8.1-8.4":0.0356073268634,"9.0-9.2":0.0257517274637,"9.3":0.154192442221,"10.0-10.2":0.197747833117,"10.3":0.468935777889,"11.0-11.2":2.24644081801},"android":{"2.1":0,"2.2":0,"2.3":0,"3":0,"4":0,"4.1":0.303920444444,"4.2-4.3":0.882538213675,"4.4":2.72359475214,"4.4.3-4.4.4":1.56051458974,"62":null},"op_mob":{"10":null,"11":null,"11.1":null,"11.5":null,"12":null,"12.1":null,"0":null},"ie":{"5.5":0,"6":0.00946705714286,"7":0.00315568571429,"8":0.0662694,"9":0.00946705714286,"10":0.0189341142857,"11":0.113604685714},"edge":{"12":0.01513,"13":0.018156,"14":0.033286,"15":0.04539,"16":0.027234,"17":0},"samsung":{"4":1.07541101449,"5":0.204840193237,"6.2":0.839844792271},"ie_mob":{"10":0.0550946,"11":0.4958514},"bb":{"7":0.020922,"10":0.083688},"and_uc":{"0":16.542328},"op_mini":{"0":6.91285168041},"and_chr":{"0":47.349298},"baidu":{"0":null},"and_ff":{"0":0.083688},"and_qq":{"1.2":null}},"total":90.8634976804}