{"id":"PM","name":"Saint Pierre and Miquelon","month":"2017-12","access_date":"2018-01-03","data":{"chrome":{"4":0,"5":0,"6":0,"7":0,"8":0,"9":0,"10":0,"11":0,"12":0,"13":0,"14":0,"15":0,"16":0,"17":0,"18":0,"19":0,"20":0,"21":0,"22":0,"23":0,"24":0,"25":0,"26":0,"27":0,"28":0,"29":0,"30":0,"31":0,"32":0,"33":0,"34":0,"35":0,"36":0.017408,"37":0,"38":0,"39":0,"40":0,"41":0.026112,"42":0,"43":0,"44":0.017408,"45":0.026112,"46":0.017408,"47":0,"48":0,"49":0.56576,"50":0,"51":0.026112,"52":0.069632,"53":0,"54":0.078336,"55":0.191488,"56":0.034816,"57":0.47872,"58":0.017408,"59":0.008704,"60":0.095744,"61":0.417792,"62":12.255232,"63":17.138176,"64":0,"65":0,"66":0},"firefox":{"2":0,"3":0,"3.5":0,"3.6":0,"4":0,"5":0,"6":0,"7":0,"8":0,"9":0,"10":0,"11":0,"12":0,"13":0,"14":0,"15":0,"16":0,"17":0,"18":0,"19":0,"20":0.017408,"21":0.008704,"22":0,"23":0.017408,"24":0.026112,"25":0.060928,"26":0,"27":0,"28":0,"29":0.060928,"30":0,"31":0,"32":0,"33":0,"34":0,"35":0.034816,"36":0.017408,"37":0,"38":0,"39":0,"40":0.104448,"41":0,"42":0,"43":0.034816,"44":0,"45":0.017408,"46":0.008704,"47":0.156672,"48":0.034816,"49":0.017408,"50":0,"51":0.026112,"52":1.897472,"53":0.017408,"54":0.017408,"55":0.235008,"56":0.113152,"57":17.817088,"58":0.060928,"59":0,"60":0},"opera":{"9":0,"9.5-9.6":0,"10.0-10.1":0,"10.5":0,"10.6":0,"11":0,"11.1":0,"11.5":0,"11.6":0,"12":0,"12.1":0,"15":0,"16":0,"17":0,"18":0,"19":0,"20":0,"21":0,"22":0,"23":0,"24":0,"25":0,"26":0,"27":0,"28":0,"29":0,"30":0,"31":0,"32":0,"33":0,"34":0,"35":0,"36":0,"37":0,"38":0,"39":0,"40":0,"41":0,"42":0,"43":0,"44":0,"45":0,"46":0,"47":0,"48":0,"49":0.931328,"50":0},"safari":{"3.1":0,"3.2":0,"4":0.026112,"5":0.678912,"5.1":0.226304,"6":0,"6.1":0.04352,"7":0,"7.1":0,"8":0.026112,"9":0,"9.1":0.069632,"10":0.287232,"10.1":0.365568,"11":4.752384,"0":null},"ios_saf":{"3.2":0.00230302991496,"4.0-4.1":0.00230302991496,"4.2-4.3":0.055272717959,"5.0-5.1":0.052969688044,"6.0-6.1":0.0391515085543,"7.0-7.1":0.158909064132,"8":0.0437575683842,"8.1-8.4":0.257939350475,"9.0-9.2":0.186545423112,"9.3":1.11696950875,"10.0-10.2":1.4324846071,"10.3":3.39696912456,"11.0-11.2":16.2732093791},"android":{"2.1":0,"2.2":0,"2.3":0,"3":0,"4":0,"4.1":0.065472,"4.2-4.3":0.190120615385,"4.4":0.586729846154,"4.4.3-4.4.4":0.336173538462,"62":null},"op_mob":{"10":null,"11":null,"11.1":null,"11.5":null,"12":null,"12.1":null,"0":null},"ie":{"5.5":0,"6":0,"7":0,"8":0.008704,"9":0.078336,"10":0.008704,"11":0.835584},"edge":{"12":0,"13":0,"14":0.365568,"15":0.879104,"16":1.253376,"17":0},"samsung":{"4":0.0499885714286,"5":0.0124971428571,"6.2":0.112474285714},"ie_mob":{"10":0,"11":0.033696},"bb":{"7":0,"10":0},"and_uc":{"0":0},"op_mini":{"0":0},"and_chr":{"0":11.969504},"baidu":{"0":null},"and_ff":{"0":0.022032},"and_qq":{"1.2":null}},"total":99.51888}