{"id":"PS","name":"Palestinian Territory","month":"2017-12","access_date":"2018-01-03","data":{"chrome":{"4":0,"5":0,"6":0,"7":0,"8":0.006198,"9":0,"10":0,"11":0.03099,"12":0.012396,"13":0,"14":0,"15":0.012396,"16":0,"17":0,"18":0,"19":0.006198,"20":0,"21":0.012396,"22":0.006198,"23":0.006198,"24":0.006198,"25":0.006198,"26":0.006198,"27":0.006198,"28":0.006198,"29":0.09297,"30":0.012396,"31":0.018594,"32":0.012396,"33":0.03099,"34":0.006198,"35":0.006198,"36":0.018594,"37":0.018594,"38":0.012396,"39":0.006198,"40":0.006198,"41":0.012396,"42":0.006198,"43":0.235524,"44":0.012396,"45":0.012396,"46":0.06198,"47":0.012396,"48":0.024792,"49":0.99168,"50":0.012396,"51":0.018594,"52":0.006198,"53":0.018594,"54":0.018594,"55":0.204534,"56":0.099168,"57":0.204534,"58":0.291306,"59":0.074376,"60":0.272712,"61":0.390474,"62":16.561056,"63":11.757606,"64":0.043386,"65":0.012396,"66":0},"firefox":{"2":0,"3":0,"3.5":0,"3.6":0.006198,"4":0,"5":0,"6":0,"7":0,"8":0,"9":0,"10":0,"11":0,"12":0.024792,"13":0,"14":0,"15":0,"16":0.006198,"17":0,"18":0,"19":0,"20":0,"21":0,"22":0.006198,"23":0,"24":0,"25":0,"26":0,"27":0,"28":0,"29":0,"30":0.006198,"31":0,"32":0,"33":0,"34":0.018594,"35":0.006198,"36":0.006198,"37":0.006198,"38":0.006198,"39":0.006198,"40":0.018594,"41":0.006198,"42":0.012396,"43":0.03099,"44":0.006198,"45":0.012396,"46":0,"47":0.06198,"48":0.024792,"49":0.012396,"50":0.012396,"51":0.006198,"52":0.210732,"53":0.024792,"54":0.012396,"55":0.037188,"56":0.080574,"57":2.640348,"58":0.074376,"59":0,"60":0},"opera":{"9":0,"9.5-9.6":0,"10.0-10.1":0,"10.5":0,"10.6":0,"11":0,"11.1":0,"11.5":0,"11.6":0,"12":0,"12.1":0.006198,"15":0,"16":0,"17":0,"18":0,"19":0.006198,"20":0,"21":0.006198,"22":0.006198,"23":0,"24":0,"25":0,"26":0,"27":0,"28":0,"29":0,"30":0,"31":0,"32":0,"33":0,"34":0,"35":0,"36":0.024792,"37":0.006198,"38":0,"39":0,"40":0,"41":0,"42":0.006198,"43":0.018594,"44":0,"45":0,"46":0.012396,"47":0.006198,"48":0.006198,"49":0.749958,"50":0},"safari":{"3.1":0,"3.2":0,"4":0,"5":0,"5.1":0,"6":0,"6.1":0,"7":0,"7.1":0,"8":0.006198,"9":0.018594,"9.1":0.09297,"10":0.049584,"10.1":0.136356,"11":0.489642,"0":null},"ios_saf":{"3.2":0.000638310155078,"4.0-4.1":0.000638310155078,"4.2-4.3":0.0153194437219,"5.0-5.1":0.0146811335668,"6.0-6.1":0.0108512726363,"7.0-7.1":0.0440434007004,"8":0.0121278929465,"8.1-8.4":0.0714907373687,"9.0-9.2":0.0517031225613,"9.3":0.309580425213,"10.0-10.2":0.397028916458,"10.3":0.941507478739,"11.0-11.2":4.51029955578},"android":{"2.1":0,"2.2":0,"2.3":0,"3":0,"4":0,"4.1":0.214726444444,"4.2-4.3":0.623532559829,"4.4":1.9242792906,"4.4.3-4.4.4":1.10253770513,"62":null},"op_mob":{"10":null,"11":null,"11.1":null,"11.5":null,"12":null,"12.1":null,"0":null},"ie":{"5.5":0,"6":0,"7":0,"8":0.102001371429,"9":0.0191252571429,"10":0.0318754285714,"11":0.516381942857},"edge":{"12":0.043386,"13":0.080574,"14":0.130158,"15":0.27891,"16":0.18594,"17":0},"samsung":{"4":1.02945217021,"5":0.265007489362,"6.2":1.57985234043},"ie_mob":{"10":0.011406,"11":0.05703},"bb":{"7":0.0007604,"10":0.0030416},"and_uc":{"0":0.167288},"op_mini":{"0":0.503928316151},"and_chr":{"0":45.23455},"baidu":{"0":null},"and_ff":{"0":0.087446},"and_qq":{"1.2":null}},"total":97.3272403162}