{"id":"PW","name":"Palau","month":"2017-12","access_date":"2018-01-03","data":{"chrome":{"4":0,"5":0,"6":0,"7":0,"8":0,"9":0,"10":0,"11":0,"12":0,"13":0,"14":0,"15":0,"16":0,"17":0,"18":0,"19":0.003935,"20":0,"21":0.003935,"22":0,"23":0,"24":0,"25":0,"26":0,"27":0,"28":0,"29":0,"30":0.302995,"31":0,"32":0.003935,"33":0.01574,"34":0,"35":0,"36":0,"37":0,"38":0,"39":0,"40":0,"41":0,"42":0,"43":0.07083,"44":0,"45":0.03148,"46":0.00787,"47":0.11805,"48":0,"49":0.066895,"50":0,"51":0.043285,"52":0,"53":0,"54":0.003935,"55":0.02361,"56":0,"57":0.114115,"58":0.00787,"59":0,"60":0.02361,"61":0.381695,"62":4.97384,"63":5.24142,"64":0.003935,"65":0.00787,"66":0},"firefox":{"2":0,"3":0,"3.5":0,"3.6":0.011805,"4":0,"5":0,"6":0.01574,"7":0,"8":0,"9":0,"10":0,"11":0,"12":0.003935,"13":0,"14":0,"15":0.003935,"16":0,"17":0,"18":0,"19":0,"20":0,"21":0,"22":0,"23":0,"24":0,"25":0.019675,"26":0,"27":0,"28":0,"29":0,"30":0,"31":0,"32":0,"33":0.003935,"34":0,"35":0,"36":0,"37":0,"38":0,"39":0,"40":0,"41":0,"42":0,"43":0.003935,"44":0,"45":0,"46":0,"47":0.003935,"48":0,"49":0.003935,"50":0.011805,"51":0,"52":0.051155,"53":0,"54":0,"55":0,"56":0.03148,"57":0.846025,"58":0.13379,"59":0,"60":0},"opera":{"9":0,"9.5-9.6":0,"10.0-10.1":0,"10.5":0,"10.6":0,"11":0,"11.1":0,"11.5":0,"11.6":0,"12":0,"12.1":0,"15":0,"16":0,"17":0,"18":0,"19":0,"20":0,"21":0,"22":0,"23":0,"24":0,"25":0,"26":0,"27":0,"28":0,"29":0,"30":0,"31":0,"32":0,"33":0,"34":0,"35":0,"36":0,"37":0.00787,"38":0,"39":0,"40":0,"41":0,"42":0,"43":0,"44":0,"45":0,"46":0,"47":0,"48":0,"49":0.011805,"50":0},"safari":{"3.1":0,"3.2":0,"4":0.00787,"5":0,"5.1":0.003935,"6":0,"6.1":0,"7":0,"7.1":0,"8":0.01574,"9":0.003935,"9.1":0.03148,"10":0.00787,"10.1":0.224295,"11":0.177075,"0":null},"ios_saf":{"3.2":0.000886504752376,"4.0-4.1":0.000886504752376,"4.2-4.3":0.021276114057,"5.0-5.1":0.0203896093047,"6.0-6.1":0.0150705807904,"7.0-7.1":0.061168827914,"8":0.0168435902951,"8.1-8.4":0.0992885322661,"9.0-9.2":0.0718068849425,"9.3":0.429954804902,"10.0-10.2":0.551405955978,"10.3":1.30759450975,"11.0-11.2":6.26404258029},"android":{"2.1":0,"2.2":0,"2.3":0,"3":0,"4":0,"4.1":0.18071,"4.2-4.3":0.524754038462,"4.4":1.61943961538,"4.4.3-4.4.4":0.927876346154,"62":null},"op_mob":{"10":null,"11":null,"11.1":null,"11.5":null,"12":null,"12.1":null,"0":null},"ie":{"5.5":0,"6":0,"7":0,"8":0.00787,"9":0.24397,"10":0.011805,"11":0.68469},"edge":{"12":0.02361,"13":0.02361,"14":0.03148,"15":0.051155,"16":0.03148,"17":0},"samsung":{"4":1.0699999026,"5":0.286039577922,"6.2":0.275445519481},"ie_mob":{"10":0,"11":0.066715},"bb":{"7":0.002426,"10":0.009704},"and_uc":{"0":3.026435},"op_mini":{"0":0.855550575601},"and_chr":{"0":65.735905},"baidu":{"0":null},"and_ff":{"0":0.08491},"and_qq":{"1.2":null}},"total":97.7240055756}