{"id":"PY","name":"Paraguay","month":"2017-12","access_date":"2018-01-03","data":{"chrome":{"4":0,"5":0,"6":0,"7":0,"8":0,"9":0,"10":0,"11":0.004494,"12":0,"13":0,"14":0,"15":0,"16":0,"17":0,"18":0,"19":0,"20":0,"21":0,"22":0,"23":0,"24":0,"25":0,"26":0,"27":0,"28":0,"29":0.002247,"30":0.002247,"31":0.002247,"32":0,"33":0,"34":0,"35":0,"36":0,"37":0,"38":0.002247,"39":0,"40":0,"41":0.004494,"42":0,"43":0.004494,"44":0.002247,"45":0,"46":0.002247,"47":0,"48":0.002247,"49":0.085386,"50":0.002247,"51":0.002247,"52":0.002247,"53":0.002247,"54":0.002247,"55":0.004494,"56":0.008988,"57":0.008988,"58":0.020223,"59":0.017976,"60":0.024717,"61":0.042693,"62":1.552677,"63":2.123415,"64":0.006741,"65":0.002247,"66":0},"firefox":{"2":0,"3":0.002247,"3.5":0,"3.6":0,"4":0.002247,"5":0,"6":0,"7":0,"8":0,"9":0,"10":0,"11":0,"12":0.002247,"13":0,"14":0,"15":0,"16":0,"17":0,"18":0,"19":0,"20":0,"21":0,"22":0,"23":0,"24":0.002247,"25":0,"26":0,"27":0,"28":0,"29":0,"30":0,"31":0,"32":0,"33":0,"34":0.002247,"35":0.002247,"36":0,"37":0,"38":0.006741,"39":0.002247,"40":0.002247,"41":0,"42":0,"43":0.006741,"44":0.002247,"45":0.015729,"46":0,"47":0.008988,"48":0.006741,"49":0.002247,"50":0.002247,"51":0.004494,"52":0.040446,"53":0.006741,"54":0.004494,"55":0.004494,"56":0.020223,"57":0.433671,"58":0.006741,"59":0,"60":0},"opera":{"9":0,"9.5-9.6":0,"10.0-10.1":0,"10.5":0,"10.6":0,"11":0,"11.1":0,"11.5":0,"11.6":0,"12":0,"12.1":0.002247,"15":0,"16":0,"17":0.011235,"18":0,"19":0,"20":0.002247,"21":0,"22":0.002247,"23":0,"24":0,"25":0,"26":0,"27":0,"28":0.002247,"29":0.006741,"30":0.002247,"31":0.002247,"32":0.002247,"33":0.002247,"34":0,"35":0,"36":0.002247,"37":0.002247,"38":0,"39":0,"40":0,"41":0,"42":0,"43":0.008988,"44":0.004494,"45":0,"46":0,"47":0,"48":0,"49":0.056175,"50":0},"safari":{"3.1":0,"3.2":0,"4":0,"5":0,"5.1":0,"6":0,"6.1":0,"7":0,"7.1":0,"8":0.002247,"9":0.004494,"9.1":0.011235,"10":0.004494,"10.1":0.029211,"11":0.062916,"0":null},"ios_saf":{"3.2":0.00045431805903,"4.0-4.1":0.00045431805903,"4.2-4.3":0.0109036334167,"5.0-5.1":0.0104493153577,"6.0-6.1":0.0077234070035,"7.0-7.1":0.031347946073,"8":0.00863204312156,"8.1-8.4":0.0508836226113,"9.0-9.2":0.0367997627814,"9.3":0.220344258629,"10.0-10.2":0.282585832716,"10.3":0.670119137069,"11.0-11.2":3.2102114051},"android":{"2.1":0,"2.2":0,"2.3":0,"3":0,"4":0,"4.1":0.229027055556,"4.2-4.3":0.665059334402,"4.4":2.05243476709,"4.4.3-4.4.4":1.17596584295,"62":null},"op_mob":{"10":null,"11":null,"11.1":null,"11.5":null,"12":null,"12.1":null,"0":null},"ie":{"5.5":0,"6":0.002247,"7":0,"8":0.024717,"9":0.011235,"10":0.004494,"11":0.06741},"edge":{"12":0.002247,"13":0.006741,"14":0.015729,"15":0.031458,"16":0.015729,"17":0},"samsung":{"4":3.2765488759,"5":0.594819642086,"6.2":1.73405048201},"ie_mob":{"10":0.0866197241379,"11":0.541373275862},"bb":{"7":0.0031012,"10":0.0124048},"and_uc":{"0":0.54271},"op_mini":{"0":2.59103395017},"and_chr":{"0":74.465057},"baidu":{"0":null},"and_ff":{"0":0.108542},"and_qq":{"1.2":null}},"total":97.5563159502}