{"id":"QA","name":"Qatar","month":"2017-12","access_date":"2018-01-03","data":{"chrome":{"4":0,"5":0,"6":0,"7":0,"8":0,"9":0,"10":0,"11":0.003545,"12":0,"13":0,"14":0,"15":0,"16":0,"17":0,"18":0,"19":0.003545,"20":0,"21":0,"22":0.017725,"23":0,"24":0.010635,"25":0,"26":0,"27":0,"28":0,"29":0,"30":0.003545,"31":0.003545,"32":0.010635,"33":0.003545,"34":0.010635,"35":0.00709,"36":0.003545,"37":0,"38":0.017725,"39":0.003545,"40":0.003545,"41":0,"42":0,"43":0.02127,"44":0.003545,"45":0.00709,"46":0.003545,"47":0.00709,"48":0,"49":0.166615,"50":0.003545,"51":0.010635,"52":0.003545,"53":0.00709,"54":0.00709,"55":0.017725,"56":0.02127,"57":0.067355,"58":0.074445,"59":0.03545,"60":0.031905,"61":0.11344,"62":3.165685,"63":4.874375,"64":0.031905,"65":0.02127,"66":0},"firefox":{"2":0.003545,"3":0,"3.5":0,"3.6":0,"4":0,"5":0,"6":0,"7":0,"8":0,"9":0,"10":0,"11":0,"12":0,"13":0,"14":0,"15":0,"16":0,"17":0,"18":0.003545,"19":0,"20":0,"21":0.003545,"22":0,"23":0.003545,"24":0,"25":0.003545,"26":0,"27":0,"28":0,"29":0,"30":0,"31":0.003545,"32":0,"33":0,"34":0,"35":0.003545,"36":0,"37":0,"38":0.00709,"39":0.003545,"40":0,"41":0,"42":0,"43":0.003545,"44":0,"45":0.01418,"46":0,"47":0.00709,"48":0.024815,"49":0.003545,"50":0.003545,"51":0.003545,"52":0.031905,"53":0.00709,"54":0.010635,"55":0.010635,"56":0.024815,"57":0.655825,"58":0.031905,"59":0,"60":0},"opera":{"9":0,"9.5-9.6":0,"10.0-10.1":0.003545,"10.5":0,"10.6":0,"11":0,"11.1":0,"11.5":0,"11.6":0,"12":0,"12.1":0.010635,"15":0,"16":0,"17":0,"18":0,"19":0,"20":0,"21":0,"22":0.003545,"23":0,"24":0,"25":0,"26":0,"27":0,"28":0.003545,"29":0.003545,"30":0.003545,"31":0.003545,"32":0.00709,"33":0,"34":0,"35":0,"36":0.003545,"37":0.010635,"38":0,"39":0.003545,"40":0,"41":0,"42":0,"43":0.07799,"44":0.06381,"45":0.003545,"46":0,"47":0,"48":0.003545,"49":0.223335,"50":0.003545},"safari":{"3.1":0,"3.2":0,"4":0,"5":0.00709,"5.1":0.010635,"6":0,"6.1":0.00709,"7":0.00709,"7.1":0.003545,"8":0.00709,"9":0.010635,"9.1":0.053175,"10":0.05672,"10.1":0.138255,"11":0.4254,"0":null},"ios_saf":{"3.2":0.00128766433217,"4.0-4.1":0.00128766433217,"4.2-4.3":0.030903943972,"5.0-5.1":0.0296162796398,"6.0-6.1":0.0218902936468,"7.0-7.1":0.0888488389195,"8":0.0244656223112,"8.1-8.4":0.144218405203,"9.0-9.2":0.104300810905,"9.3":0.624517201101,"10.0-10.2":0.800927214607,"10.3":1.89930488994,"11.0-11.2":9.09863617109},"android":{"2.1":0,"2.2":0,"2.3":0,"3":0,"4":0,"4.1":0.0648794444444,"4.2-4.3":0.188399925214,"4.4":0.581419636752,"4.4.3-4.4.4":0.33313099359,"62":null},"op_mob":{"10":null,"11":null,"11.1":null,"11.5":null,"12":null,"12.1":null,"0":null},"ie":{"5.5":0,"6":0,"7":0,"8":0.0249123137255,"9":0.0427068235294,"10":0.0355890196078,"11":0.800752941176},"edge":{"12":0.010635,"13":0.024815,"14":0.09217,"15":0.244605,"16":0.180795,"17":0},"samsung":{"4":0.908003333333,"5":0.23731905303,"6.2":1.57868761364},"ie_mob":{"10":0.0212092857143,"11":0.127255714286},"bb":{"7":0.010328,"10":0.041312},"and_uc":{"0":27.324015},"op_mini":{"0":1.60723954467},"and_chr":{"0":30.451975},"baidu":{"0":null},"and_ff":{"0":0.109735},"and_qq":{"1.2":null}},"total":88.7385256427}