{"id":"RE","name":"Reunion","month":"2017-12","access_date":"2018-01-03","data":{"chrome":{"4":0,"5":0,"6":0,"7":0,"8":0,"9":0,"10":0,"11":0.020235,"12":0,"13":0,"14":0,"15":0,"16":0,"17":0,"18":0.006745,"19":0,"20":0,"21":0.006745,"22":0,"23":0,"24":0,"25":0.01349,"26":0,"27":0,"28":0.006745,"29":0.006745,"30":0.01349,"31":0,"32":0.006745,"33":0,"34":0.01349,"35":0.006745,"36":0.006745,"37":0,"38":0.01349,"39":0.006745,"40":0,"41":0.006745,"42":0.006745,"43":0.047215,"44":0.060705,"45":0.01349,"46":0.006745,"47":0.01349,"48":0.04047,"49":0.667755,"50":0.006745,"51":0.02698,"52":0.02698,"53":0.020235,"54":0.5396,"55":0.20235,"56":0.08094,"57":0.09443,"58":0.074195,"59":0.10792,"60":0.168625,"61":0.397955,"62":8.32333,"63":10.812235,"64":0.020235,"65":0.01349,"66":0},"firefox":{"2":0,"3":0,"3.5":0,"3.6":0.06745,"4":0,"5":0,"6":0,"7":0,"8":0,"9":0,"10":0,"11":0,"12":0,"13":0,"14":0.006745,"15":0.006745,"16":0.01349,"17":0,"18":0,"19":0,"20":0.01349,"21":0,"22":0,"23":0.033725,"24":0.006745,"25":0.01349,"26":0.006745,"27":0,"28":0.020235,"29":0,"30":0.006745,"31":0.020235,"32":0.09443,"33":0,"34":0.020235,"35":0.10792,"36":0,"37":0.006745,"38":0.01349,"39":0.006745,"40":0.020235,"41":0.18886,"42":0.020235,"43":0.020235,"44":0.04047,"45":0.12141,"46":0.01349,"47":0.060705,"48":0.897085,"49":0.249565,"50":0.060705,"51":0.060705,"52":0.343995,"53":0.101175,"54":0.04047,"55":0.31027,"56":0.29678,"57":7.035035,"58":0.033725,"59":0.006745,"60":0},"opera":{"9":0,"9.5-9.6":0,"10.0-10.1":0,"10.5":0,"10.6":0,"11":0,"11.1":0,"11.5":0,"11.6":0,"12":0,"12.1":0.006745,"15":0,"16":0,"17":0,"18":0,"19":0,"20":0,"21":0,"22":0.006745,"23":0,"24":0,"25":0,"26":0,"27":0,"28":0,"29":0,"30":0,"31":0,"32":0,"33":0,"34":0,"35":0,"36":0.006745,"37":0,"38":0,"39":0,"40":0,"41":0,"42":0,"43":0.006745,"44":0.020235,"45":0,"46":0,"47":0,"48":0.02698,"49":0.654265,"50":0},"safari":{"3.1":0,"3.2":0,"4":0,"5":0.020235,"5.1":0.047215,"6":0.006745,"6.1":0.05396,"7":0.006745,"7.1":0.01349,"8":0.04047,"9":0.08094,"9.1":0.236075,"10":0.290035,"10.1":0.68799,"11":2.4282,"0":null},"ios_saf":{"3.2":0.00140109604802,"4.0-4.1":0.00140109604802,"4.2-4.3":0.0336263051526,"5.0-5.1":0.0322252091046,"6.0-6.1":0.0238186328164,"7.0-7.1":0.0966756273137,"8":0.0266208249125,"8.1-8.4":0.156922757379,"9.0-9.2":0.11348877989,"9.3":0.679531583292,"10.0-10.2":0.871481741871,"10.3":2.06661667084,"11.0-11.2":9.90014467534},"android":{"2.1":0,"2.2":0,"2.3":0,"3":0,"4":0,"4.1":0.0922072222222,"4.2-4.3":0.267755587607,"4.4":0.826318568376,"4.4.3-4.4.4":0.473448621795,"62":null},"op_mob":{"10":null,"11":null,"11.1":null,"11.5":null,"12":null,"12.1":null,"0":null},"ie":{"5.5":0,"6":0,"7":0,"8":0.05396,"9":0.020235,"10":0.249565,"11":1.25457},"edge":{"12":0.04047,"13":0.074195,"14":0.52611,"15":0.991515,"16":0.79591,"17":0},"samsung":{"4":0.628832118959,"5":0.260206394052,"6.2":2.02744148699},"ie_mob":{"10":0.126511,"11":0.046004},"bb":{"7":0.000651,"10":0.002604},"and_uc":{"0":0.061845},"op_mini":{"0":0.101693582474},"and_chr":{"0":37.0608},"baidu":{"0":null},"and_ff":{"0":0.22785},"and_qq":{"1.2":null}},"total":97.1502735825}