{"id":"RO","name":"Romania","month":"2017-12","access_date":"2018-01-03","data":{"chrome":{"4":0,"5":0,"6":0,"7":0,"8":0,"9":0,"10":0,"11":0.006111,"12":0,"13":0,"14":0,"15":0,"16":0,"17":0,"18":0.006111,"19":0,"20":0,"21":0,"22":0.012222,"23":0,"24":0,"25":0,"26":0.006111,"27":0,"28":0,"29":0.097776,"30":0.012222,"31":0.012222,"32":0,"33":0.006111,"34":0.036666,"35":0.006111,"36":0.006111,"37":0.006111,"38":0.024444,"39":0.018333,"40":0.018333,"41":0.006111,"42":0.006111,"43":0.036666,"44":0.006111,"45":0.006111,"46":0.024444,"47":0.073332,"48":0.030555,"49":1.277199,"50":0.012222,"51":0.048888,"52":0.012222,"53":0.036666,"54":0.054999,"55":0.067221,"56":0.067221,"57":0.079443,"58":0.152775,"59":0.116109,"60":0.140553,"61":0.42777,"62":9.325386,"63":11.885895,"64":0.036666,"65":0.012222,"66":0},"firefox":{"2":0,"3":0.006111,"3.5":0,"3.6":0.006111,"4":0,"5":0,"6":0,"7":0,"8":0,"9":0,"10":0.006111,"11":0,"12":0.006111,"13":0,"14":0,"15":0,"16":0,"17":0,"18":0,"19":0,"20":0,"21":0,"22":0,"23":0.006111,"24":0,"25":0,"26":0,"27":0,"28":0,"29":0,"30":0.006111,"31":0.006111,"32":0.018333,"33":0.006111,"34":0.006111,"35":0.006111,"36":0,"37":0.006111,"38":0.012222,"39":0.006111,"40":0.006111,"41":0.006111,"42":0.006111,"43":0.024444,"44":0.006111,"45":0.018333,"46":0.012222,"47":0.042777,"48":0.097776,"49":0.018333,"50":0.030555,"51":0.024444,"52":0.635544,"53":0.036666,"54":0.042777,"55":0.079443,"56":0.226107,"57":4.448808,"58":0.097776,"59":0.006111,"60":0},"opera":{"9":0,"9.5-9.6":0,"10.0-10.1":0,"10.5":0,"10.6":0,"11":0,"11.1":0,"11.5":0,"11.6":0,"12":0,"12.1":0.024444,"15":0,"16":0,"17":0,"18":0,"19":0,"20":0,"21":0,"22":0,"23":0,"24":0,"25":0,"26":0,"27":0,"28":0,"29":0,"30":0,"31":0.006111,"32":0.006111,"33":0,"34":0,"35":0,"36":0.067221,"37":0.006111,"38":0,"39":0,"40":0,"41":0,"42":0.006111,"43":0.036666,"44":0.006111,"45":0.006111,"46":0.012222,"47":0.012222,"48":0.048888,"49":1.741635,"50":0.006111},"safari":{"3.1":0,"3.2":0,"4":0.006111,"5":0,"5.1":0.006111,"6":0,"6.1":0.006111,"7":0.030555,"7.1":0,"8":0.006111,"9":0.030555,"9.1":0.030555,"10":0.024444,"10.1":0.079443,"11":0.391104,"0":null},"ios_saf":{"3.2":0.00108983201601,"4.0-4.1":0.00108983201601,"4.2-4.3":0.0261559683842,"5.0-5.1":0.0250661363682,"6.0-6.1":0.0185271442721,"7.0-7.1":0.0751984091046,"8":0.0207068083042,"8.1-8.4":0.122061185793,"9.0-9.2":0.0882763932966,"9.3":0.528568527764,"10.0-10.2":0.677875513957,"10.3":1.60750222361,"11.0-11.2":7.70075302511},"android":{"2.1":0,"2.2":0,"2.3":0,"3":0,"4":0,"4.1":0.106420444444,"4.2-4.3":0.309028598291,"4.4":0.953690905983,"4.4.3-4.4.4":0.546428051282,"62":null},"op_mob":{"10":null,"11":null,"11.1":null,"11.5":null,"12":null,"12.1":null,"0":null},"ie":{"5.5":0,"6":0.0125110337838,"7":0.0125110337838,"8":0.300264810811,"9":0.0688106858108,"10":0.10008827027,"11":1.35744716554},"edge":{"12":0.036666,"13":0.042777,"14":0.140553,"15":0.446103,"16":0.372771,"17":0},"samsung":{"4":0.949724721713,"5":0.350985223242,"6.2":2.07494205505},"ie_mob":{"10":0.0562328378378,"11":0.359890162162},"bb":{"7":0.007778,"10":0.031112},"and_uc":{"0":0.248896},"op_mini":{"0":0.382912810997},"and_chr":{"0":43.343237},"baidu":{"0":null},"and_ff":{"0":0.23334},"and_qq":{"1.2":null}},"total":96.523507811}