{"id":"RU","name":"Russian Federation","month":"2017-12","access_date":"2018-01-03","data":{"chrome":{"4":0.007805,"5":0.007805,"6":0,"7":0.007805,"8":0.007805,"9":0.007805,"10":0.007805,"11":0.023415,"12":0.01561,"13":0.007805,"14":0.007805,"15":0.01561,"16":0.01561,"17":0.023415,"18":0.039025,"19":0.01561,"20":0.01561,"21":0.03122,"22":0.054635,"23":0.01561,"24":0.023415,"25":0.01561,"26":0.023415,"27":0.023415,"28":0.023415,"29":0.163905,"30":0.01561,"31":0.070245,"32":0.007805,"33":0.023415,"34":0.01561,"35":0.01561,"36":0.023415,"37":0.007805,"38":0.023415,"39":0.070245,"40":0.039025,"41":0.03122,"42":0.01561,"43":0.054635,"44":0.03122,"45":0.03122,"46":0.03122,"47":0.054635,"48":0.101465,"49":1.20197,"50":0.039025,"51":0.148295,"52":0.10927,"53":0.04683,"54":0.070245,"55":0.117075,"56":0.24976,"57":0.101465,"58":0.28098,"59":0.3122,"60":0.32781,"61":0.679035,"62":11.5514,"63":14.728035,"64":0.070245,"65":0.039025,"66":0},"firefox":{"2":0.007805,"3":0.023415,"3.5":0.039025,"3.6":0.132685,"4":0.007805,"5":0.007805,"6":0,"7":0.007805,"8":0.007805,"9":0.007805,"10":0.007805,"11":0.007805,"12":0.03122,"13":0.007805,"14":0.007805,"15":0.01561,"16":0.03122,"17":0.007805,"18":0.007805,"19":0.007805,"20":0.007805,"21":0.01561,"22":0.01561,"23":0.01561,"24":0.023415,"25":0.039025,"26":0.01561,"27":0.007805,"28":0.01561,"29":0.007805,"30":0.007805,"31":0.03122,"32":0.01561,"33":0.039025,"34":0.007805,"35":0.01561,"36":0.01561,"37":0.007805,"38":0.023415,"39":0.054635,"40":0.01561,"41":0.03122,"42":0.01561,"43":0.039025,"44":0.007805,"45":0.3122,"46":0.01561,"47":0.06244,"48":0.163905,"49":0.03122,"50":0.04683,"51":0.04683,"52":0.679035,"53":0.06244,"54":0.085855,"55":0.10927,"56":0.28098,"57":3.910305,"58":0.039025,"59":0,"60":0},"opera":{"9":0,"9.5-9.6":0,"10.0-10.1":0,"10.5":0.007805,"10.6":0.01561,"11":0.007805,"11.1":0.007805,"11.5":0.01561,"11.6":0.039025,"12":0.04683,"12.1":0.257565,"15":0.007805,"16":0.007805,"17":0.007805,"18":0.023415,"19":0.007805,"20":0.01561,"21":0.007805,"22":0.007805,"23":0,"24":0.007805,"25":0.007805,"26":0.007805,"27":0.03122,"28":0.007805,"29":0.007805,"30":0.01561,"31":0.01561,"32":0.023415,"33":0.007805,"34":0.01561,"35":0.01561,"36":0.24976,"37":0.03122,"38":0.023415,"39":0.007805,"40":0.007805,"41":0.007805,"42":0.03122,"43":0.085855,"44":0.023415,"45":0.039025,"46":0.039025,"47":0.039025,"48":0.12488,"49":4.0586,"50":0.01561},"safari":{"3.1":0,"3.2":0,"4":0.023415,"5":0.039025,"5.1":0.03122,"6":0.007805,"6.1":0.007805,"7":0.023415,"7.1":0,"8":0.01561,"9":0.03122,"9.1":0.14049,"10":0.085855,"10.1":0.304395,"11":1.32685,"0":null},"ios_saf":{"3.2":0.00117661530765,"4.0-4.1":0.00117661530765,"4.2-4.3":0.0282387673837,"5.0-5.1":0.027062152076,"6.0-6.1":0.0200024602301,"7.0-7.1":0.0811864562281,"8":0.0223556908454,"8.1-8.4":0.131780914457,"9.0-9.2":0.09530583992,"9.3":0.570658424212,"10.0-10.2":0.731854721361,"10.3":1.73550757879,"11.0-11.2":8.31396376388},"android":{"2.1":0,"2.2":0,"2.3":0,"3":0,"4":0,"4.1":0.0833863888889,"4.2-4.3":0.242141244658,"4.4":0.747270331197,"4.4.3-4.4.4":0.428157035256,"62":null},"op_mob":{"10":null,"11":null,"11.1":null,"11.5":null,"12":null,"12.1":null,"0":null},"ie":{"5.5":0,"6":0.0407881777108,"7":0.0326305421687,"8":0.473142861446,"9":0.138679804217,"10":0.244729066265,"11":1.77836454819},"edge":{"12":0.01561,"13":0.04683,"14":0.20293,"15":0.49952,"16":0.42147,"17":0},"samsung":{"4":0.384745808081,"5":0.124782424242,"6.2":0.519926767677},"ie_mob":{"10":0.03512,"11":0.1756},"bb":{"7":0.002634,"10":0.010536},"and_uc":{"0":0.70679},"op_mini":{"0":0.594332079038},"and_chr":{"0":20.206345},"baidu":{"0":null},"and_ff":{"0":0.076825},"and_qq":{"1.2":null}},"total":85.512317079}