{"id":"SB","name":"Solomon Islands","month":"2017-12","access_date":"2018-01-03","data":{"chrome":{"4":0,"5":0,"6":0,"7":0,"8":0.005214,"9":0,"10":0,"11":0,"12":0,"13":0,"14":0,"15":0,"16":0,"17":0,"18":0,"19":0,"20":0,"21":0.005214,"22":0,"23":0,"24":0,"25":0,"26":0,"27":0,"28":0,"29":0,"30":0,"31":0,"32":0,"33":0.005214,"34":0,"35":0,"36":0,"37":0,"38":0,"39":0,"40":0,"41":0,"42":0,"43":0.005214,"44":0,"45":0.005214,"46":0.005214,"47":0,"48":0,"49":0.031284,"50":0,"51":0,"52":0,"53":0,"54":0.010428,"55":0,"56":0.05214,"57":0,"58":0.010428,"59":0.005214,"60":0.015642,"61":0.031284,"62":1.819686,"63":1.715406,"64":0.041712,"65":0,"66":0},"firefox":{"2":0,"3":0.020856,"3.5":0,"3.6":0,"4":0,"5":0,"6":0,"7":0,"8":0,"9":0,"10":0,"11":0,"12":0,"13":0,"14":0,"15":0.005214,"16":0,"17":0,"18":0,"19":0,"20":0,"21":0,"22":0.005214,"23":0,"24":0,"25":0,"26":0,"27":0,"28":0,"29":0,"30":0,"31":0,"32":0,"33":0,"34":0,"35":0,"36":0,"37":0,"38":0,"39":0.036498,"40":0,"41":0,"42":0,"43":0,"44":0,"45":0,"46":0,"47":0.005214,"48":0,"49":0,"50":0.250272,"51":0.005214,"52":0.010428,"53":0,"54":0,"55":0.015642,"56":0.093852,"57":0.359766,"58":0.036498,"59":0,"60":0},"opera":{"9":0,"9.5-9.6":0,"10.0-10.1":0,"10.5":0,"10.6":0,"11":0,"11.1":0,"11.5":0,"11.6":0,"12":0,"12.1":0.099066,"15":0,"16":0,"17":0.015642,"18":0,"19":0.02607,"20":0,"21":0,"22":0.005214,"23":0,"24":0,"25":0,"26":0,"27":0.005214,"28":0.005214,"29":0.020856,"30":0.041712,"31":0.005214,"32":0,"33":0.031284,"34":0,"35":0,"36":0,"37":0.318054,"38":0,"39":0,"40":0,"41":0.02607,"42":0,"43":0.010428,"44":0,"45":0,"46":0,"47":0,"48":0,"49":0.041712,"50":0},"safari":{"3.1":0,"3.2":0,"4":0,"5":0,"5.1":0,"6":0,"6.1":0,"7":0,"7.1":0,"8":0.005214,"9":0.041712,"9.1":0,"10":0.010428,"10.1":0.015642,"11":0.031284,"0":null},"ios_saf":{"3.2":0.000311603401701,"4.0-4.1":0.000311603401701,"4.2-4.3":0.00747848164082,"5.0-5.1":0.00716687823912,"6.0-6.1":0.00529725782891,"7.0-7.1":0.0215006347174,"8":0.00592046463232,"8.1-8.4":0.0348995809905,"9.0-9.2":0.0252398755378,"9.3":0.151127649825,"10.0-10.2":0.193817315858,"10.3":0.459615017509,"11.0-11.2":2.20178963642},"android":{"2.1":0,"2.2":0,"2.3":0,"3":0,"4":0,"4.1":0.190998777778,"4.2-4.3":0.554631066239,"4.4":1.71164289316,"4.4.3-4.4.4":0.980705262821,"62":null},"op_mob":{"10":null,"11":null,"11.1":null,"11.5":null,"12":null,"12.1":null,"0":null},"ie":{"5.5":0,"6":0,"7":0,"8":0.020856,"9":0.015642,"10":0.672606,"11":20.402382},"edge":{"12":0.036498,"13":0.046926,"14":0.05214,"15":0.093852,"16":0.015642,"17":0},"samsung":{"4":1.98827086957,"5":0.466635,"6.2":0.344904130435},"ie_mob":{"10":0.0307968695652,"11":0.677531130435},"bb":{"7":0,"10":0},"and_uc":{"0":14.783954},"op_mini":{"0":8.33264803093},"and_chr":{"0":25.24406},"baidu":{"0":null},"and_ff":{"0":0.067004},"and_qq":{"1.2":null}},"total":85.2100080309}