{"id":"SD","name":"Sudan","month":"2017-12","access_date":"2018-01-03","data":{"chrome":{"4":0,"5":0.002044,"6":0,"7":0,"8":0.002044,"9":0.002044,"10":0,"11":0.01022,"12":0,"13":0,"14":0,"15":0,"16":0.01022,"17":0.002044,"18":0,"19":0.002044,"20":0,"21":0.014308,"22":0.004088,"23":0.004088,"24":0,"25":0.008176,"26":0.004088,"27":0.006132,"28":0.002044,"29":0.02044,"30":0.008176,"31":0.004088,"32":0.008176,"33":0.02044,"34":0.002044,"35":0.002044,"36":0.004088,"37":0.002044,"38":0.006132,"39":0.002044,"40":0.022484,"41":0.002044,"42":0.002044,"43":0.106288,"44":0.002044,"45":0.008176,"46":0.006132,"47":0.004088,"48":0.004088,"49":0.01022,"50":0.006132,"51":0.01022,"52":0.004088,"53":0.006132,"54":0.006132,"55":0.069496,"56":0.012264,"57":0.042924,"58":0.03066,"59":0.012264,"60":0.022484,"61":0.024528,"62":0.416976,"63":0.533484,"64":0.01022,"65":0.002044,"66":0},"firefox":{"2":0,"3":0.006132,"3.5":0,"3.6":0.004088,"4":0,"5":0.002044,"6":0.002044,"7":0,"8":0,"9":0.002044,"10":0.002044,"11":0.004088,"12":0.002044,"13":0,"14":0,"15":0.002044,"16":0.002044,"17":0.002044,"18":0.002044,"19":0.002044,"20":0.004088,"21":0.002044,"22":0.002044,"23":0.002044,"24":0,"25":0.002044,"26":0.004088,"27":0.004088,"28":0.002044,"29":0.002044,"30":0.004088,"31":0.002044,"32":0.002044,"33":0.008176,"34":0.004088,"35":0.014308,"36":0.004088,"37":0.008176,"38":0.004088,"39":0.004088,"40":0.006132,"41":0.008176,"42":0.004088,"43":0.022484,"44":0.012264,"45":0.01022,"46":0.008176,"47":0.047012,"48":0.028616,"49":0.01022,"50":0.006132,"51":0.008176,"52":0.07154,"53":0.008176,"54":0.012264,"55":0.018396,"56":0.055188,"57":1.046528,"58":0.085848,"59":0,"60":0},"opera":{"9":0,"9.5-9.6":0,"10.0-10.1":0,"10.5":0,"10.6":0,"11":0.002044,"11.1":0,"11.5":0.008176,"11.6":0.002044,"12":0.002044,"12.1":0.042924,"15":0.008176,"16":0.006132,"17":0.004088,"18":0.01022,"19":0.02044,"20":0.028616,"21":0.002044,"22":0.004088,"23":0.02044,"24":0.002044,"25":0,"26":0.004088,"27":0.002044,"28":0.028616,"29":0.006132,"30":0.014308,"31":0.004088,"32":0.004088,"33":0.002044,"34":0.018396,"35":0.008176,"36":0.008176,"37":0.008176,"38":0.002044,"39":0,"40":0,"41":0,"42":0.002044,"43":0.014308,"44":0.002044,"45":0,"46":0.004088,"47":0,"48":0.006132,"49":0.212576,"50":0},"safari":{"3.1":0,"3.2":0,"4":0,"5":0,"5.1":0.014308,"6":0,"6.1":0,"7":0.012264,"7.1":0,"8":0.002044,"9":0.002044,"9.1":0.028616,"10":0.036792,"10.1":0.065408,"11":0.053144,"0":null},"ios_saf":{"3.2":0.000316661530765,"4.0-4.1":0.000316661530765,"4.2-4.3":0.00759987673837,"5.0-5.1":0.0072832152076,"6.0-6.1":0.00538324602301,"7.0-7.1":0.0218496456228,"8":0.00601656908454,"8.1-8.4":0.0354660914457,"9.0-9.2":0.025649583992,"9.3":0.153580842421,"10.0-10.2":0.196963472136,"10.3":0.467075757879,"11.0-11.2":2.23753037639},"android":{"2.1":0,"2.2":0,"2.3":0,"3":0,"4":0,"4.1":0.544332888889,"4.2-4.3":1.58065896581,"4.4":4.87806011966,"4.4.3-4.4.4":2.79494002564,"62":null},"op_mob":{"10":null,"11":null,"11.1":null,"11.5":null,"12":null,"12.1":null,"0":null},"ie":{"5.5":0,"6":0,"7":0,"8":0.0737582945736,"9":0.0168590387597,"10":0.0105368992248,"11":0.170697767442},"edge":{"12":0.014308,"13":0.014308,"14":0.026572,"15":0.06132,"16":0.02044,"17":0},"samsung":{"4":3.867857136,"5":0.548200224,"6.2":0.65987064},"ie_mob":{"10":0.0310284,"11":0.0723996},"bb":{"7":0.0047736,"10":0.0190944},"and_uc":{"0":12.3318},"op_mini":{"0":24.4797371134},"and_chr":{"0":29.376148},"baidu":{"0":null},"and_ff":{"0":0.15912},"and_qq":{"1.2":null}},"total":88.7666171134}