{"id":"SE","name":"Sweden","month":"2017-12","access_date":"2018-01-03","data":{"chrome":{"4":0,"5":0,"6":0,"7":0,"8":0,"9":0,"10":0,"11":0,"12":0,"13":0,"14":0,"15":0,"16":0,"17":0,"18":0,"19":0,"20":0,"21":0,"22":0.005836,"23":0,"24":0,"25":0,"26":0,"27":0,"28":0,"29":0.005836,"30":0,"31":0.005836,"32":0,"33":0.005836,"34":0.011672,"35":0.005836,"36":0,"37":0.005836,"38":0.023344,"39":0.035016,"40":0.005836,"41":0.005836,"42":0.017508,"43":0.017508,"44":0.011672,"45":0.005836,"46":0.017508,"47":0.017508,"48":0.011672,"49":0.285964,"50":0.011672,"51":0.08754,"52":0.023344,"53":0.046688,"54":0.040852,"55":0.046688,"56":0.192588,"57":0.046688,"58":0.093376,"59":0.075868,"60":0.122556,"61":0.396848,"62":8.001156,"63":7.8786,"64":0.017508,"65":0.005836,"66":0},"firefox":{"2":0,"3":0,"3.5":0,"3.6":0,"4":0,"5":0,"6":0,"7":0,"8":0,"9":0,"10":0,"11":0,"12":0,"13":0,"14":0,"15":0,"16":0,"17":0,"18":0,"19":0,"20":0,"21":0,"22":0,"23":0,"24":0,"25":0,"26":0,"27":0,"28":0,"29":0,"30":0,"31":0.005836,"32":0,"33":0,"34":0,"35":0,"36":0,"37":0.005836,"38":0.02918,"39":0,"40":0,"41":0.005836,"42":0.005836,"43":0.005836,"44":0,"45":0.02918,"46":0.011672,"47":0.011672,"48":0.075868,"49":0.005836,"50":0.011672,"51":0.017508,"52":0.297636,"53":0.023344,"54":0.017508,"55":0.02918,"56":0.099212,"57":2.56784,"58":0.023344,"59":0,"60":0},"opera":{"9":0,"9.5-9.6":0,"10.0-10.1":0,"10.5":0,"10.6":0,"11":0,"11.1":0,"11.5":0,"11.6":0,"12":0,"12.1":0.005836,"15":0,"16":0,"17":0,"18":0,"19":0,"20":0,"21":0,"22":0,"23":0,"24":0,"25":0,"26":0,"27":0,"28":0,"29":0,"30":0,"31":0.005836,"32":0.005836,"33":0,"34":0,"35":0,"36":0.005836,"37":0,"38":0,"39":0,"40":0,"41":0,"42":0,"43":0.011672,"44":0.011672,"45":0,"46":0,"47":0.005836,"48":0.005836,"49":0.274292,"50":0},"safari":{"3.1":0,"3.2":0,"4":0,"5":0.02918,"5.1":0.017508,"6":0.005836,"6.1":0.023344,"7":0.140064,"7.1":0.005836,"8":0.157572,"9":0.192588,"9.1":0.461044,"10":0.17508,"10.1":0.70032,"11":2.036764,"0":null},"ios_saf":{"3.2":0.00406892046023,"4.0-4.1":0.00406892046023,"4.2-4.3":0.0976540910455,"5.0-5.1":0.0935851705853,"6.0-6.1":0.0691716478239,"7.0-7.1":0.280755511756,"8":0.0773094887444,"8.1-8.4":0.455719091546,"9.0-9.2":0.329582557279,"9.3":1.97342642321,"10.0-10.2":2.53086852626,"10.3":6.00165767884,"11.0-11.2":28.750991972},"android":{"2.1":0,"2.2":0,"2.3":0,"3":0,"4":0,"4.1":0.0308306666667,"4.2-4.3":0.0895275128205,"4.4":0.276290205128,"4.4.3-4.4.4":0.158303615385,"62":null},"op_mob":{"10":null,"11":null,"11.1":null,"11.5":null,"12":null,"12.1":null,"0":null},"ie":{"5.5":0,"6":0,"7":0,"8":0.0233857602862,"9":0.0409250805009,"10":0.052617960644,"11":3.15123119857},"edge":{"12":0.011672,"13":0.046688,"14":0.37934,"15":1.143856,"16":0.99212,"17":0},"samsung":{"4":0.396348116505,"5":0.319280427184,"6.2":2.68635945631},"ie_mob":{"10":0.013533,"11":0.040599},"bb":{"7":0.0008328,"10":0.0033312},"and_uc":{"0":0.074952},"op_mini":{"0":0.130092804124},"and_chr":{"0":21.4544},"baidu":{"0":null},"and_ff":{"0":0.24984},"and_qq":{"1.2":null}},"total":97.5825408041}