{"id":"SG","name":"Singapore","month":"2017-12","access_date":"2018-01-03","data":{"chrome":{"4":0,"5":0,"6":0,"7":0,"8":0,"9":0,"10":0,"11":0.002042,"12":0,"13":0,"14":0,"15":0,"16":0,"17":0,"18":0.002042,"19":0,"20":0,"21":0,"22":0.002042,"23":0,"24":0,"25":0,"26":0.002042,"27":0.002042,"28":0.002042,"29":0.01021,"30":0.002042,"31":0.002042,"32":0.002042,"33":0.004084,"34":0.004084,"35":0,"36":0,"37":0,"38":0.006126,"39":0,"40":0.002042,"41":0,"42":0,"43":0.004084,"44":0.002042,"45":0.002042,"46":0.002042,"47":0.002042,"48":0.002042,"49":0.049008,"50":0.002042,"51":0.006126,"52":0.002042,"53":0.004084,"54":0.004084,"55":0.02042,"56":0.01021,"57":0.01021,"58":0.02042,"59":0.016336,"60":0.02042,"61":0.05105,"62":1.035294,"63":1.325258,"64":0.006126,"65":0.002042,"66":0},"firefox":{"2":0,"3":0.002042,"3.5":0,"3.6":0,"4":0,"5":0,"6":0,"7":0,"8":0,"9":0,"10":0,"11":0,"12":0,"13":0,"14":0,"15":0,"16":0,"17":0,"18":0,"19":0,"20":0,"21":0,"22":0,"23":0,"24":0,"25":0,"26":0,"27":0,"28":0,"29":0,"30":0,"31":0,"32":0,"33":0,"34":0.002042,"35":0,"36":0,"37":0,"38":0.002042,"39":0,"40":0.002042,"41":0,"42":0,"43":0.004084,"44":0.002042,"45":0.002042,"46":0.002042,"47":0.004084,"48":0.524794,"49":0.002042,"50":0.002042,"51":0.002042,"52":0.032672,"53":0.002042,"54":0.004084,"55":0.004084,"56":0.018378,"57":0.298132,"58":0.018378,"59":0,"60":0},"opera":{"9":0,"9.5-9.6":0,"10.0-10.1":0,"10.5":0,"10.6":0,"11":0,"11.1":0,"11.5":0,"11.6":0,"12":0,"12.1":0.002042,"15":0,"16":0,"17":0,"18":0,"19":0,"20":0.002042,"21":0,"22":0,"23":0,"24":0,"25":0,"26":0,"27":0,"28":0.002042,"29":0.002042,"30":0.004084,"31":0.004084,"32":0.016336,"33":0,"34":0.002042,"35":0,"36":0,"37":0.12252,"38":0,"39":0,"40":0,"41":0,"42":0,"43":0.014294,"44":0.006126,"45":0.002042,"46":0,"47":0,"48":0.002042,"49":0.185822,"50":0},"safari":{"3.1":0,"3.2":0,"4":0,"5":0.002042,"5.1":0.008168,"6":0,"6.1":0.002042,"7":0.002042,"7.1":0,"8":0.006126,"9":0.006126,"9.1":0.018378,"10":0.012252,"10.1":0.04084,"11":0.134772,"0":null},"ios_saf":{"3.2":0.000967117158579,"4.0-4.1":0.000967117158579,"4.2-4.3":0.0232108118059,"5.0-5.1":0.0222436946473,"6.0-6.1":0.0164409916958,"7.0-7.1":0.066731083942,"8":0.018375226013,"8.1-8.4":0.108317121761,"9.0-9.2":0.0783364898449,"9.3":0.469051821911,"10.0-10.2":0.601546872636,"10.3":1.4264978089,"11.0-11.2":6.83364984252},"android":{"2.1":0,"2.2":0,"2.3":0,"3":0,"4":0,"4.1":0.0341041111111,"4.2-4.3":0.0990330918803,"4.4":0.305625303419,"4.4.3-4.4.4":0.17511149359,"62":null},"op_mob":{"10":null,"11":null,"11.1":null,"11.5":null,"12":null,"12.1":null,"0":null},"ie":{"5.5":0,"6":0,"7":0,"8":0.0123401438849,"9":0.00617007194245,"10":0.00822676258993,"11":0.257086330935},"edge":{"12":0.002042,"13":0.004084,"14":0.024504,"15":0.05105,"16":0.07147,"17":0},"samsung":{"4":1.87235659067,"5":0.493808331606,"6.2":1.60487707772},"ie_mob":{"10":0,"11":0.047748},"bb":{"7":0.2021332,"10":0.8085328},"and_uc":{"0":34.084114},"op_mini":{"0":5.62045372509},"and_chr":{"0":26.942128},"baidu":{"0":null},"and_ff":{"0":2.777342},"and_qq":{"1.2":null}},"total":89.3465670344}