{"id":"SI","name":"Slovenia","month":"2017-12","access_date":"2018-01-03","data":{"chrome":{"4":0,"5":0,"6":0,"7":0,"8":0,"9":0,"10":0,"11":0.014436,"12":0.007218,"13":0,"14":0,"15":0.007218,"16":0,"17":0,"18":0,"19":0,"20":0.007218,"21":0,"22":0.007218,"23":0.007218,"24":0.007218,"25":0,"26":0.007218,"27":0.007218,"28":0,"29":0.281502,"30":0.007218,"31":0.014436,"32":0,"33":0,"34":0.021654,"35":0.007218,"36":0.007218,"37":0,"38":0.014436,"39":0.086616,"40":0,"41":0,"42":0,"43":0.007218,"44":0.007218,"45":0,"46":0.122706,"47":0.014436,"48":0.007218,"49":0.844506,"50":0.014436,"51":0.021654,"52":0.014436,"53":0.007218,"54":0.151578,"55":0.137142,"56":0.057744,"57":0.079398,"58":0.093834,"59":0.07218,"60":0.101052,"61":0.303156,"62":11.685942,"63":15.150582,"64":0.057744,"65":0.021654,"66":0},"firefox":{"2":0,"3":0,"3.5":0,"3.6":0.028872,"4":0.007218,"5":0.007218,"6":0,"7":0.007218,"8":0,"9":0.007218,"10":0,"11":0,"12":0,"13":0,"14":0,"15":0,"16":0,"17":0.014436,"18":0,"19":0.007218,"20":0.007218,"21":0,"22":0,"23":0,"24":0,"25":0.007218,"26":0,"27":0,"28":0.021654,"29":0,"30":0.007218,"31":0.028872,"32":0.007218,"33":0.007218,"34":0,"35":0.007218,"36":0,"37":0.014436,"38":0.014436,"39":0.007218,"40":0.007218,"41":0.007218,"42":0.007218,"43":0.028872,"44":0.014436,"45":0.03609,"46":0.007218,"47":0.043308,"48":0.245412,"49":0.028872,"50":0.057744,"51":0.064962,"52":0.815634,"53":0.043308,"54":0.079398,"55":0.050526,"56":0.25263,"57":8.596638,"58":0.07218,"59":0.014436,"60":0},"opera":{"9":0,"9.5-9.6":0,"10.0-10.1":0,"10.5":0,"10.6":0,"11":0,"11.1":0,"11.5":0,"11.6":0,"12":0,"12.1":0.014436,"15":0,"16":0,"17":0,"18":0,"19":0,"20":0,"21":0,"22":0,"23":0,"24":0,"25":0,"26":0,"27":0.007218,"28":0,"29":0,"30":0,"31":0,"32":0,"33":0,"34":0,"35":0,"36":0.014436,"37":0,"38":0,"39":0,"40":0,"41":0,"42":0.007218,"43":0.021654,"44":0.007218,"45":0.007218,"46":0,"47":0,"48":0.014436,"49":0.83007,"50":0},"safari":{"3.1":0,"3.2":0,"4":0,"5":0.007218,"5.1":0.021654,"6":0,"6.1":0.014436,"7":0.014436,"7.1":0,"8":0.03609,"9":0.043308,"9.1":0.173232,"10":0.07218,"10.1":0.281502,"11":1.58796,"0":null},"ios_saf":{"3.2":0.00105008684342,"4.0-4.1":0.00105008684342,"4.2-4.3":0.0252020842421,"5.0-5.1":0.0241519973987,"6.0-6.1":0.0178514763382,"7.0-7.1":0.0724559921961,"8":0.019951650025,"8.1-8.4":0.117609726463,"9.0-9.2":0.0850570343172,"9.3":0.50929211906,"10.0-10.2":0.653154016608,"10.3":1.54887809405,"11.0-11.2":7.41991363562},"android":{"2.1":0,"2.2":0,"2.3":0,"3":0,"4":0,"4.1":0.0629242222222,"4.2-4.3":0.182722260684,"4.4":0.563897837607,"4.4.3-4.4.4":0.323091679487,"62":null},"op_mob":{"10":null,"11":null,"11.1":null,"11.5":null,"12":null,"12.1":null,"0":null},"ie":{"5.5":0,"6":0.00722834097421,"7":0.0144566819484,"8":0.13733847851,"9":0.115653455587,"10":0.130110137536,"11":4.64059490544},"edge":{"12":0.014436,"13":0.043308,"14":0.28872,"15":0.743454,"16":0.851724,"17":0},"samsung":{"4":0.528885341463,"5":0.290368422764,"6.2":1.73184023577},"ie_mob":{"10":0.0313968571429,"11":0.188381142857},"bb":{"7":0.0038948,"10":0.0155792},"and_uc":{"0":0.063986},"op_mini":{"0":0.184367250859},"and_chr":{"0":32.028036},"baidu":{"0":null},"and_ff":{"0":0.189176},"and_qq":{"1.2":null}},"total":97.2152792509}