{"id":"SK","name":"Slovakia (Slovak Republic)","month":"2017-12","access_date":"2018-01-03","data":{"chrome":{"4":null,"5":null,"6":null,"7":null,"8":null,"9":null,"10":null,"11":0.013486,"12":null,"13":null,"14":null,"15":null,"16":null,"17":null,"18":null,"19":null,"20":null,"21":null,"22":0.020229,"23":null,"24":null,"25":0.013486,"26":0.013486,"27":null,"28":null,"29":0.040458,"30":null,"31":0.013486,"32":null,"33":null,"34":0.033715,"35":null,"36":0.020229,"37":0.013486,"38":0.053944,"39":0.020229,"40":null,"41":null,"42":null,"43":0.040458,"44":0.026972,"45":0.006743,"46":0.047201,"47":0.020229,"48":0.040458,"49":1.584605,"50":0.020229,"51":0.026972,"52":0.013486,"53":0.026972,"54":0.020229,"55":0.040458,"56":0.06743,"57":0.087659,"58":0.215776,"59":0.094402,"60":0.128117,"61":0.40458,"62":15.475185,"63":20.842613,"64":0.053944,"65":0.013486,"66":null},"firefox":{"2":null,"3":null,"3.5":null,"3.6":null,"4":null,"5":null,"6":null,"7":null,"8":null,"9":null,"10":null,"11":null,"12":0.006743,"13":null,"14":null,"15":null,"16":null,"17":null,"18":null,"19":null,"20":null,"21":null,"22":null,"23":null,"24":null,"25":0.013486,"26":null,"27":null,"28":null,"29":0.06743,"30":null,"31":null,"32":0.006743,"33":0.013486,"34":0.020229,"35":null,"36":0.013486,"37":0.87659,"38":0.040458,"39":0.013486,"40":0.013486,"41":0.020229,"42":0.013486,"43":0.053944,"44":null,"45":0.053944,"46":null,"47":0.080916,"48":0.114631,"49":0.020229,"50":0.060687,"51":0.026972,"52":1.200254,"53":0.06743,"54":0.080916,"55":0.195547,"56":0.343893,"57":10.606739,"58":0.087659,"59":0.006743,"60":null},"opera":{"9":null,"9.5-9.6":null,"10.0-10.1":0,"10.5":null,"10.6":null,"11":null,"11.1":null,"11.5":null,"11.6":0.006743,"12":null,"12.1":0.175318,"15":null,"16":null,"17":null,"18":null,"19":null,"20":null,"21":null,"22":null,"23":null,"24":null,"25":null,"26":null,"27":null,"28":null,"29":null,"30":null,"31":null,"32":null,"33":null,"34":null,"35":null,"36":0.114631,"37":null,"38":null,"39":null,"40":null,"41":0.006743,"42":0.026972,"43":0.020229,"44":0.006743,"45":0.026972,"46":0.013486,"47":0.013486,"48":0.053944,"49":3.688421,"50":0.026972},"safari":{"3.1":null,"3.2":null,"4":0,"5":null,"5.1":0.026972,"6":null,"6.1":0.006743,"7":null,"7.1":null,"8":0.026972,"9":0.047201,"9.1":0.121374,"10":0.107888,"10.1":0.283206,"11":1.827353,"0":null},"ios_saf":{"3.2":0.000570260130065,"4.0-4.1":0.000570260130065,"4.2-4.3":0.0136862431216,"5.0-5.1":0.0131159829915,"6.0-6.1":0.00969442221111,"7.0-7.1":0.0393479489745,"8":0.0108349424712,"8.1-8.4":0.0638691345673,"9.0-9.2":0.0461910705353,"9.3":0.276576163082,"10.0-10.2":0.3547018009,"10.3":0.841133691846,"11.0-11.2":4.02945807904},"android":{"2.1":0,"2.2":0,"2.3":0,"3":0,"4":0,"4.1":0.0414362777778,"4.2-4.3":0.120324575855,"4.4":0.371332797009,"4.4.3-4.4.4":0.212759349359,"62":null},"op_mob":{"10":null,"11":null,"11.1":null,"11.5":null,"12":null,"12.1":null,"0":null},"ie":{"5.5":null,"6":0.0272385217391,"7":null,"8":0.17024076087,"9":0.0749059347826,"10":0.061286673913,"11":3.1120011087},"edge":{"12":0.033715,"13":0.047201,"14":0.303435,"15":1.01145,"16":0.930534,"17":null},"samsung":{"4":0.428769620253,"5":0.160788607595,"6.2":1.10408177215},"ie_mob":{"10":0.026463125,"11":0.185241875},"bb":{"7":0.009771,"10":0.039084},"and_uc":{"0":0.100967},"op_mini":{"0":0.422441853952},"and_chr":{"0":23.50671},"baidu":{"0":null},"and_ff":{"0":0.273588},"and_qq":{"1.2":null}},"total":98.778166854}