{"id":"SL","name":"Sierra Leone","month":"2017-12","access_date":"2018-01-03","data":{"chrome":{"4":0,"5":0,"6":0,"7":0,"8":0,"9":0,"10":0,"11":0.001911,"12":0,"13":0,"14":0,"15":0,"16":0,"17":0,"18":0,"19":0,"20":0,"21":0,"22":0,"23":0,"24":0,"25":0,"26":0.003822,"27":0.001911,"28":0,"29":0,"30":0,"31":0.003822,"32":0.028665,"33":0,"34":0,"35":0,"36":0.009555,"37":0.013377,"38":0,"39":0,"40":0.003822,"41":0,"42":0.001911,"43":0.080262,"44":0.001911,"45":0.015288,"46":0.013377,"47":0,"48":0,"49":0.011466,"50":0,"51":0.001911,"52":0.003822,"53":0.001911,"54":0.001911,"55":0.030576,"56":0.005733,"57":0.032487,"58":0.017199,"59":0.01911,"60":0.026754,"61":0.072618,"62":0.556101,"63":0.697515,"64":0.003822,"65":0,"66":0},"firefox":{"2":0,"3":0,"3.5":0,"3.6":0,"4":0.001911,"5":0,"6":0.001911,"7":0,"8":0,"9":0,"10":0.001911,"11":0.001911,"12":0.001911,"13":0.001911,"14":0,"15":0.005733,"16":0.001911,"17":0,"18":0,"19":0,"20":0,"21":0,"22":0,"23":0,"24":0.001911,"25":0.003822,"26":0,"27":0.001911,"28":0,"29":0,"30":0.001911,"31":0,"32":0,"33":0.001911,"34":0.001911,"35":0,"36":0.001911,"37":0,"38":0,"39":0.001911,"40":0.005733,"41":0.001911,"42":0.001911,"43":0.032487,"44":0.013377,"45":0.007644,"46":0.001911,"47":0.026754,"48":0.022932,"49":0.005733,"50":0.001911,"51":0.003822,"52":0.032487,"53":0.005733,"54":0.005733,"55":0.005733,"56":0.03822,"57":0.479661,"58":0.118482,"59":0,"60":0},"opera":{"9":0,"9.5-9.6":0,"10.0-10.1":0,"10.5":0,"10.6":0,"11":0.009555,"11.1":0,"11.5":0,"11.6":0.001911,"12":0.001911,"12.1":0.460551,"15":0.009555,"16":0.003822,"17":0.005733,"18":0.003822,"19":0.003822,"20":0.162435,"21":0.026754,"22":0.001911,"23":0.063063,"24":0.005733,"25":0.007644,"26":0,"27":0,"28":0.007644,"29":0.005733,"30":0.011466,"31":0.003822,"32":0.026754,"33":0.003822,"34":0,"35":0,"36":0.001911,"37":0.001911,"38":0,"39":0,"40":0.003822,"41":0,"42":0.001911,"43":0.007644,"44":0.001911,"45":0.001911,"46":0.001911,"47":0.001911,"48":0.007644,"49":0.223587,"50":0},"safari":{"3.1":0,"3.2":0,"4":0,"5":0,"5.1":0.001911,"6":0,"6.1":0,"7":0.001911,"7.1":0,"8":0.001911,"9":0.003822,"9.1":0.013377,"10":0.005733,"10.1":0.028665,"11":0.05733,"0":null},"ios_saf":{"3.2":0.000254745172586,"4.0-4.1":0.000254745172586,"4.2-4.3":0.00611388414207,"5.0-5.1":0.00585913896948,"6.0-6.1":0.00433066793397,"7.0-7.1":0.0175774169085,"8":0.00484015827914,"8.1-8.4":0.0285314593297,"9.0-9.2":0.0206343589795,"9.3":0.123551408704,"10.0-10.2":0.158451497349,"10.3":0.375749129565,"11.0-11.2":1.80002938949},"android":{"2.1":0,"2.2":0,"2.3":0,"3":0,"4":0,"4.1":0.146666666667,"4.2-4.3":0.425897435897,"4.4":1.31435897436,"4.4.3-4.4.4":0.753076923077,"62":null},"op_mob":{"10":null,"11":null,"11.1":null,"11.5":null,"12":null,"12.1":null,"0":null},"ie":{"5.5":0,"6":0,"7":0,"8":0.02526103125,"9":0.0021050859375,"10":0.0105254296875,"11":0.229454367188},"edge":{"12":0.028665,"13":0.026754,"14":0.024843,"15":0.061152,"16":0.036309,"17":0},"samsung":{"4":0.560148489051,"5":0.179670270073,"6.2":0.708112240876},"ie_mob":{"10":0.372094,"11":0.186047},"bb":{"7":0.0064712,"10":0.0258848},"and_uc":{"0":6.398399},"op_mini":{"0":52.3434047509},"and_chr":{"0":14.026517},"baidu":{"0":null},"and_ff":{"0":0.097068},"and_qq":{"1.2":null}},"total":84.2443146649}