{"id":"SN","name":"Senegal","month":"2017-12","access_date":"2018-01-03","data":{"chrome":{"4":0,"5":0,"6":0.003953,"7":0,"8":0,"9":0,"10":0,"11":0.031624,"12":0.007906,"13":0.003953,"14":0.003953,"15":0.003953,"16":0.011859,"17":0.003953,"18":0.003953,"19":0.003953,"20":0,"21":0,"22":0,"23":0,"24":0,"25":0.003953,"26":0.003953,"27":0,"28":0.003953,"29":0.007906,"30":0.011859,"31":0.007906,"32":0.011859,"33":0.007906,"34":0.003953,"35":0.003953,"36":0.003953,"37":0.003953,"38":0.003953,"39":0.003953,"40":0.007906,"41":0,"42":0.003953,"43":0.055342,"44":0.003953,"45":0.007906,"46":0.007906,"47":0.047436,"48":0.011859,"49":0.312287,"50":0.007906,"51":0.003953,"52":0.007906,"53":0.007906,"54":0.011859,"55":0.043483,"56":0.031624,"57":0.268804,"58":0.059295,"59":0.071154,"60":0.051389,"61":0.114637,"62":4.016248,"63":3.731632,"64":0.019765,"65":0.003953,"66":0},"firefox":{"2":0,"3":0.007906,"3.5":0.003953,"3.6":0.003953,"4":0.019765,"5":0,"6":0,"7":0,"8":0.003953,"9":0,"10":0.003953,"11":0.003953,"12":0.007906,"13":0,"14":0,"15":0.011859,"16":0.003953,"17":0,"18":0,"19":0,"20":0,"21":0.003953,"22":0,"23":0,"24":0,"25":0,"26":0.003953,"27":0.003953,"28":0.003953,"29":0.003953,"30":0.003953,"31":0.019765,"32":0.11859,"33":0,"34":0.003953,"35":0.007906,"36":0.007906,"37":0.003953,"38":0.007906,"39":0.003953,"40":0.015812,"41":0.003953,"42":0.003953,"43":0.051389,"44":0.007906,"45":0.015812,"46":0.003953,"47":0.07906,"48":0.063248,"49":0.023718,"50":0.027671,"51":0.047436,"52":0.189744,"53":0.015812,"54":0.043483,"55":0.031624,"56":0.086966,"57":2.431095,"58":0.051389,"59":0,"60":0},"opera":{"9":0,"9.5-9.6":0,"10.0-10.1":0,"10.5":0,"10.6":0,"11":0,"11.1":0,"11.5":0,"11.6":0,"12":0,"12.1":0.007906,"15":0.003953,"16":0,"17":0,"18":0,"19":0.011859,"20":0.011859,"21":0,"22":0.007906,"23":0.007906,"24":0,"25":0,"26":0,"27":0,"28":0,"29":0,"30":0.003953,"31":0.003953,"32":0.003953,"33":0,"34":0,"35":0,"36":0.007906,"37":0.003953,"38":0,"39":0,"40":0,"41":0,"42":0.007906,"43":0.007906,"44":0,"45":0.003953,"46":0.003953,"47":0,"48":0.019765,"49":0.383441,"50":0},"safari":{"3.1":0,"3.2":0,"4":0,"5":0.003953,"5.1":0.011859,"6":0.003953,"6.1":0.007906,"7":0.011859,"7.1":0,"8":0.031624,"9":0.011859,"9.1":0.07906,"10":0.059295,"10.1":0.106731,"11":0.272757,"0":null},"ios_saf":{"3.2":0.000889831415708,"4.0-4.1":0.000889831415708,"4.2-4.3":0.021355953977,"5.0-5.1":0.0204661225613,"6.0-6.1":0.015127134067,"7.0-7.1":0.0613983676838,"8":0.0169067968984,"8.1-8.4":0.0996611185593,"9.0-9.2":0.0720763446723,"9.3":0.431568236618,"10.0-10.2":0.55347514057,"10.3":1.31250133817,"11.0-11.2":6.28754878339},"android":{"2.1":0,"2.2":0,"2.3":0,"3":0,"4":0,"4.1":0.267148555556,"4.2-4.3":0.775758305556,"4.4":2.39406205556,"4.4.3-4.4.4":1.37170508333,"62":null},"op_mob":{"10":null,"11":null,"11.1":null,"11.5":null,"12":null,"12.1":null,"0":null},"ie":{"5.5":0,"6":0.00400411637931,"7":0.00400411637931,"8":0.0760782112069,"9":0.0160164655172,"10":0.0760782112069,"11":0.75277387931},"edge":{"12":0.059295,"13":0.059295,"14":0.094872,"15":0.217415,"16":0.086966,"17":0},"samsung":{"4":2.02804580976,"5":0.607384278049,"6.2":1.5853759122},"ie_mob":{"10":0.290256,"11":1.306152},"bb":{"7":0.0290256,"10":0.1161024},"and_uc":{"0":1.100554},"op_mini":{"0":2.39873684364},"and_chr":{"0":56.838717},"baidu":{"0":null},"and_ff":{"0":0.435384},"and_qq":{"1.2":null}},"total":95.5229208436}