{"id":"SO","name":"Somalia","month":"2017-12","access_date":"2018-01-03","data":{"chrome":{"4":0,"5":0,"6":0,"7":0,"8":0,"9":0.0038,"10":0,"11":0.0019,"12":0.0019,"13":0,"14":0,"15":0,"16":0,"17":0,"18":0,"19":0,"20":0.0057,"21":0.0038,"22":0,"23":0.0019,"24":0,"25":0,"26":0.0209,"27":0,"28":0,"29":0,"30":0.0019,"31":0.0038,"32":0,"33":0.0228,"34":0.0019,"35":0.0057,"36":0,"37":0,"38":0.0019,"39":0.0057,"40":0.0076,"41":0.0038,"42":0.0019,"43":0.3762,"44":0.0038,"45":0.0038,"46":0.0019,"47":0.0019,"48":0,"49":0.0285,"50":0.0019,"51":0.0038,"52":0,"53":0.0019,"54":0.0095,"55":0.019,"56":0.0038,"57":0.0456,"58":0.0095,"59":0.0076,"60":0.0133,"61":0.0342,"62":0.8892,"63":1.045,"64":0.0057,"65":0.0038,"66":0},"firefox":{"2":0,"3":0.0114,"3.5":0,"3.6":0,"4":0,"5":0,"6":0,"7":0,"8":0,"9":0,"10":0.0019,"11":0,"12":0.0019,"13":0,"14":0,"15":0,"16":0,"17":0,"18":0,"19":0,"20":0,"21":0,"22":0,"23":0.0038,"24":0,"25":0,"26":0.0019,"27":0.0019,"28":0,"29":0.0019,"30":0,"31":0,"32":0,"33":0.0019,"34":0.0019,"35":0.0019,"36":0.0076,"37":0.0038,"38":0,"39":0.0057,"40":0.0019,"41":0.0019,"42":0.0019,"43":0.0076,"44":0.0076,"45":0.0019,"46":0.0019,"47":0.0152,"48":0.0114,"49":0.0057,"50":0.0019,"51":0.0019,"52":0.0076,"53":0.0019,"54":0.0038,"55":0.0057,"56":0.0152,"57":0.2717,"58":0.038,"59":0,"60":0},"opera":{"9":0,"9.5-9.6":0,"10.0-10.1":0,"10.5":0,"10.6":0,"11":0,"11.1":0,"11.5":0,"11.6":0.0019,"12":0,"12.1":0.019,"15":0,"16":0.0019,"17":0,"18":0,"19":0.0209,"20":0.0171,"21":0,"22":0,"23":0.0019,"24":0,"25":0,"26":0,"27":0,"28":0.0019,"29":0.0038,"30":0.0019,"31":0.0019,"32":0.0038,"33":0,"34":0,"35":0,"36":0.0019,"37":0.0019,"38":0,"39":0,"40":0,"41":0,"42":0,"43":0.0532,"44":0.0019,"45":0.0019,"46":0.0038,"47":0.0019,"48":0.0076,"49":0.1387,"50":0},"safari":{"3.1":0,"3.2":0,"4":0,"5":0,"5.1":0,"6":0,"6.1":0,"7":0,"7.1":0,"8":0,"9":0,"9.1":0.0038,"10":0.0019,"10.1":0.0095,"11":0.0323,"0":null},"ios_saf":{"3.2":0.000141090545273,"4.0-4.1":0.000141090545273,"4.2-4.3":0.00338617308654,"5.0-5.1":0.00324508254127,"6.0-6.1":0.00239853926963,"7.0-7.1":0.00973524762381,"8":0.00268072036018,"8.1-8.4":0.0158021410705,"9.0-9.2":0.0114283341671,"9.3":0.0684289144572,"10.0-10.2":0.0877583191596,"10.3":0.208108554277,"11.0-11.2":0.996945792896},"android":{"2.1":0,"2.2":0,"2.3":0,"3":0,"4":0,"4.1":0.176222222222,"4.2-4.3":0.511722222222,"4.4":1.57922222222,"4.4.3-4.4.4":0.904833333333,"62":null},"op_mob":{"10":null,"11":null,"11.1":null,"11.5":null,"12":null,"12.1":null,"0":null},"ie":{"5.5":0,"6":0,"7":0,"8":0.0057,"9":0.0038,"10":0.0057,"11":0.0836},"edge":{"12":0.0133,"13":0.0076,"14":0.0114,"15":0.019,"16":0.0209,"17":0},"samsung":{"4":1.32429694323,"5":0.285233187773,"6.2":0.723269868996},"ie_mob":{"10":0.0152470588235,"11":0.243952941176},"bb":{"7":0.00648,"10":0.02592},"and_uc":{"0":34.2468},"op_mini":{"0":12.4767417526},"and_chr":{"0":31.2193},"baidu":{"0":null},"and_ff":{"0":0.1458},"and_qq":{"1.2":null}},"total":88.8615417526}