{"id":"SV","name":"El Salvador","month":"2017-12","access_date":"2018-01-03","data":{"chrome":{"4":0,"5":0,"6":0,"7":0.017154,"8":0,"9":0,"10":0,"11":0.005718,"12":0,"13":0,"14":0,"15":0,"16":0,"17":0,"18":0,"19":0,"20":0,"21":0.005718,"22":0.02859,"23":0,"24":0,"25":0,"26":0.005718,"27":0,"28":0,"29":0,"30":0,"31":0.005718,"32":0,"33":0.005718,"34":0.011436,"35":0.011436,"36":0.005718,"37":0.005718,"38":0.02859,"39":0.005718,"40":0.017154,"41":0,"42":0,"43":0.017154,"44":0.011436,"45":0.005718,"46":0.005718,"47":0.011436,"48":0.011436,"49":0.60039,"50":0.005718,"51":0.017154,"52":0.011436,"53":0.011436,"54":0.022872,"55":0.05718,"56":0.08577,"57":0.120078,"58":0.354516,"59":0.22872,"60":0.331644,"61":0.451722,"62":10.126578,"63":11.355948,"64":0.02859,"65":0.005718,"66":0},"firefox":{"2":0,"3":0.017154,"3.5":0,"3.6":0.005718,"4":0,"5":0,"6":0,"7":0,"8":0,"9":0,"10":0,"11":0.005718,"12":0,"13":0,"14":0,"15":0,"16":0.005718,"17":0,"18":0,"19":0,"20":0,"21":0.005718,"22":0,"23":0,"24":0,"25":0,"26":0,"27":0,"28":0.005718,"29":0,"30":0,"31":0.011436,"32":0,"33":0,"34":0,"35":0,"36":0.005718,"37":0.005718,"38":0.005718,"39":0.005718,"40":0.02859,"41":0,"42":0,"43":0.017154,"44":0.005718,"45":0.05718,"46":0.045744,"47":0.05718,"48":0.177258,"49":0.011436,"50":0.017154,"51":0.011436,"52":0.251592,"53":0.017154,"54":0.02859,"55":0.022872,"56":0.11436,"57":2.727486,"58":0.02859,"59":0,"60":0},"opera":{"9":0,"9.5-9.6":0,"10.0-10.1":0,"10.5":0,"10.6":0,"11":0,"11.1":0,"11.5":0,"11.6":0,"12":0,"12.1":0.011436,"15":0,"16":0,"17":0,"18":0,"19":0,"20":0,"21":0.005718,"22":0,"23":0,"24":0,"25":0,"26":0,"27":0,"28":0,"29":0.005718,"30":0.005718,"31":0.005718,"32":0.005718,"33":0,"34":0,"35":0,"36":0.005718,"37":0,"38":0,"39":0,"40":0,"41":0,"42":0,"43":0.017154,"44":0.005718,"45":0,"46":0,"47":0,"48":0.011436,"49":0.537492,"50":0.005718},"safari":{"3.1":0,"3.2":0,"4":0,"5":0.017154,"5.1":0.011436,"6":0,"6.1":0.005718,"7":0,"7.1":0,"8":0.034308,"9":0.040026,"9.1":0.148668,"10":0.137232,"10.1":0.268746,"11":0.703314,"0":null},"ios_saf":{"3.2":0.000477711855928,"4.0-4.1":0.000477711855928,"4.2-4.3":0.0114650845423,"5.0-5.1":0.0109873726863,"6.0-6.1":0.00812110155078,"7.0-7.1":0.032962118059,"8":0.00907652526263,"8.1-8.4":0.0535037278639,"9.0-9.2":0.0386946603302,"9.3":0.231690250125,"10.0-10.2":0.297136774387,"10.3":0.704624987494,"11.0-11.2":3.37551197399},"android":{"2.1":0,"2.2":0,"2.3":0,"3":0,"4":0,"4.1":0.214949444444,"4.2-4.3":0.624180117521,"4.4":1.92627771368,"4.4.3-4.4.4":1.10368272436,"62":null},"op_mob":{"10":null,"11":null,"11.1":null,"11.5":null,"12":null,"12.1":null,"0":null},"ie":{"5.5":0,"6":0,"7":0,"8":0.0634803888889,"9":0.0519385,"10":0.0461675555556,"11":0.461675555556},"edge":{"12":0.017154,"13":0.034308,"14":0.11436,"15":0.217284,"16":0.14295,"17":0},"samsung":{"4":0.948463,"5":0.164950086957,"6.2":0.783512913043},"ie_mob":{"10":0.0237156923077,"11":0.130436307692},"bb":{"7":0.0077076,"10":0.0308304},"and_uc":{"0":1.387368},"op_mini":{"0":1.46346546735},"and_chr":{"0":52.09581},"baidu":{"0":null},"and_ff":{"0":0.115614},"and_qq":{"1.2":null}},"total":96.6728934674}