{"id":"SY","name":"Syrian Arab Republic","month":"2017-12","access_date":"2018-01-03","data":{"chrome":{"4":0,"5":0,"6":0,"7":0,"8":0,"9":0,"10":0,"11":0.006648,"12":0,"13":0,"14":0,"15":0,"16":0,"17":0,"18":0,"19":0.029916,"20":0,"21":0,"22":0,"23":0,"24":0.113016,"25":0.003324,"26":0.003324,"27":0.003324,"28":0.003324,"29":0.006648,"30":0.053184,"31":0.003324,"32":0.006648,"33":0.03324,"34":0.003324,"35":0.09972,"36":0.009972,"37":0.003324,"38":0.009972,"39":0.003324,"40":0.013296,"41":0.003324,"42":0.003324,"43":0.11634,"44":0.006648,"45":0.003324,"46":0.009972,"47":0.006648,"48":0.003324,"49":0.113016,"50":0.006648,"51":0.029916,"52":0.013296,"53":0.01662,"54":0.009972,"55":0.093072,"56":0.039888,"57":0.089748,"58":0.059832,"59":0.06648,"60":0.113016,"61":0.13296,"62":2.203812,"63":3.018192,"64":0.013296,"65":0.003324,"66":0},"firefox":{"2":0.053184,"3":0.006648,"3.5":0,"3.6":0.009972,"4":0,"5":0,"6":0.003324,"7":0,"8":0,"9":0,"10":0,"11":0,"12":0.003324,"13":0.003324,"14":0,"15":0.039888,"16":0.003324,"17":0,"18":0.046536,"19":0,"20":0,"21":0.046536,"22":0,"23":0.03324,"24":0,"25":0.089748,"26":0.003324,"27":0,"28":0,"29":0.003324,"30":0.003324,"31":0.003324,"32":0.003324,"33":0.003324,"34":0.003324,"35":0.006648,"36":0.009972,"37":0.003324,"38":0.006648,"39":0.003324,"40":0.003324,"41":0.006648,"42":0.003324,"43":0.023268,"44":0.009972,"45":0.009972,"46":0.003324,"47":0.063156,"48":0.06648,"49":0.01662,"50":0.013296,"51":0.006648,"52":0.179496,"53":0.023268,"54":0.019944,"55":0.036564,"56":0.063156,"57":1.981104,"58":0.073128,"59":0,"60":0},"opera":{"9":0,"9.5-9.6":0,"10.0-10.1":0.043212,"10.5":0,"10.6":0,"11":0,"11.1":0,"11.5":0,"11.6":0,"12":0,"12.1":0.01662,"15":0,"16":0,"17":0,"18":0.003324,"19":0.003324,"20":0,"21":0,"22":0.003324,"23":0,"24":0,"25":0,"26":0,"27":0,"28":0,"29":0,"30":0.003324,"31":0.003324,"32":0.003324,"33":0,"34":0,"35":0.003324,"36":0.013296,"37":0.009972,"38":0,"39":0,"40":0,"41":0,"42":0,"43":0.009972,"44":0,"45":0,"46":0,"47":0.003324,"48":0.006648,"49":0.2493,"50":0},"safari":{"3.1":0,"3.2":0,"4":0,"5":0.043212,"5.1":0,"6":0,"6.1":0.003324,"7":0.003324,"7.1":0,"8":0.003324,"9":0.006648,"9.1":0.003324,"10":0.006648,"10.1":0.006648,"11":0.04986,"0":null},"ios_saf":{"3.2":0.000268517058529,"4.0-4.1":0.000268517058529,"4.2-4.3":0.0064444094047,"5.0-5.1":0.00617589234617,"6.0-6.1":0.004564789995,"7.0-7.1":0.0185276770385,"8":0.00510182411206,"8.1-8.4":0.0300739105553,"9.0-9.2":0.0217498817409,"9.3":0.130230773387,"10.0-10.2":0.167017610405,"10.3":0.396062661331,"11.0-11.2":1.89734153557},"android":{"2.1":0,"2.2":0,"2.3":0,"3":0,"4":0,"4.1":0.844510222222,"4.2-4.3":2.45232776068,"4.4":7.56811083761,"4.4.3-4.4.4":4.33623517949,"62":null},"op_mob":{"10":null,"11":null,"11.1":null,"11.5":null,"12":null,"12.1":null,"0":null},"ie":{"5.5":0,"6":0.00336429090909,"7":0.00336429090909,"8":0.168214545455,"9":0.117750181818,"10":0.0874715636364,"11":0.174943127273},"edge":{"12":0.013296,"13":0.009972,"14":0.036564,"15":0.036564,"16":0.029916,"17":0},"samsung":{"4":3.72772391405,"5":0.824988079339,"6.2":1.60923600661},"ie_mob":{"10":0.0106816,"11":0.1495424},"bb":{"7":0.0013352,"10":0.0053408},"and_uc":{"0":3.398084},"op_mini":{"0":3.89336978694},"and_chr":{"0":51.858732},"baidu":{"0":null},"and_ff":{"0":0.140196},"and_qq":{"1.2":null}},"total":94.2673537869}