{"id":"TD","name":"Chad","month":"2017-12","access_date":"2018-01-03","data":{"chrome":{"4":0,"5":0,"6":0,"7":0,"8":0,"9":0,"10":0,"11":0.000918,"12":0,"13":0,"14":0,"15":0,"16":0,"17":0,"18":0,"19":0,"20":0,"21":0,"22":0,"23":0,"24":0.000918,"25":0.000918,"26":0,"27":0,"28":0,"29":0,"30":0,"31":0,"32":0.000918,"33":0,"34":0,"35":0,"36":0,"37":0,"38":0,"39":0,"40":0.000918,"41":0,"42":0,"43":0.000918,"44":0.000918,"45":0,"46":0,"47":0,"48":0,"49":0.00459,"50":0,"51":0,"52":0,"53":0,"54":0,"55":0.015606,"56":0.000918,"57":0.003672,"58":0.000918,"59":0.000918,"60":0.000918,"61":0.001836,"62":0.088128,"63":0.124848,"64":0.000918,"65":0,"66":0},"firefox":{"2":0,"3":0.046818,"3.5":0,"3.6":0,"4":0,"5":0,"6":0,"7":0,"8":0,"9":0.001836,"10":0,"11":0.000918,"12":0,"13":0,"14":0,"15":0,"16":0,"17":0,"18":0,"19":0,"20":0,"21":0,"22":0,"23":0,"24":0,"25":0.000918,"26":0,"27":0,"28":0,"29":0,"30":0,"31":0.001836,"32":0,"33":0,"34":0,"35":0,"36":0,"37":0.001836,"38":0,"39":0,"40":0.001836,"41":0,"42":0,"43":0.00459,"44":0.000918,"45":0,"46":0,"47":0.006426,"48":0.000918,"49":0.000918,"50":0,"51":0,"52":0.020196,"53":0,"54":0.002754,"55":0.001836,"56":0.008262,"57":0.1836,"58":0.000918,"59":0,"60":0},"opera":{"9":0,"9.5-9.6":0,"10.0-10.1":0.00459,"10.5":0,"10.6":0,"11":0,"11.1":0,"11.5":0.002754,"11.6":0,"12":0,"12.1":0.080784,"15":0.000918,"16":0.030294,"17":0,"18":0.003672,"19":0.000918,"20":0.025704,"21":0.001836,"22":0.000918,"23":0.010098,"24":0,"25":0,"26":0,"27":0,"28":0.008262,"29":0.001836,"30":0.006426,"31":0.002754,"32":0.000918,"33":0,"34":0,"35":0,"36":0.001836,"37":0.000918,"38":0,"39":0,"40":0,"41":0,"42":0,"43":0.001836,"44":0.000918,"45":0,"46":0,"47":0,"48":0,"49":0.168912,"50":0},"safari":{"3.1":0,"3.2":0,"4":0,"5":0,"5.1":0,"6":0,"6.1":0,"7":0,"7.1":0,"8":0,"9":0,"9.1":0.001836,"10":0.000918,"10.1":0.000918,"11":0.012852,"0":null},"ios_saf":{"3.2":0.000208031815908,"4.0-4.1":0.000208031815908,"4.2-4.3":0.00499276358179,"5.0-5.1":0.00478473176588,"6.0-6.1":0.00353654087044,"7.0-7.1":0.0143541952976,"8":0.00395260450225,"8.1-8.4":0.0232995633817,"9.0-9.2":0.0168505770885,"9.3":0.100895430715,"10.0-10.2":0.129395789495,"10.3":0.306846928464,"11.0-11.2":1.46995281121},"android":{"2.1":0,"2.2":0,"2.3":0,"3":0,"4":0,"4.1":0.104613777778,"4.2-4.3":0.303782316239,"4.4":0.937500393162,"4.4.3-4.4.4":0.537151512821,"62":null},"op_mob":{"10":null,"11":null,"11.1":null,"11.5":null,"12":null,"12.1":null,"0":null},"ie":{"5.5":0,"6":0,"7":0.00112663636364,"8":0.00337990909091,"9":0.00112663636364,"10":0.00563318181818,"11":0.0383056363636},"edge":{"12":0.00459,"13":0.001836,"14":0.001836,"15":0.017442,"16":0.00459,"17":0},"samsung":{"4":1.00309763265,"5":0.293836680272,"6.2":0.192513687075},"ie_mob":{"10":0.0299706,"11":0.1698334},"bb":{"7":0.0163476,"10":0.0653904},"and_uc":{"0":21.851292},"op_mini":{"0":45.2783890241},"and_chr":{"0":16.407612},"baidu":{"0":null},"and_ff":{"0":0.154394},"and_qq":{"1.2":null}},"total":90.4155250241}