{"id":"TG","name":"Togo","month":"2017-12","access_date":"2018-01-03","data":{"chrome":{"4":0,"5":0,"6":0,"7":0,"8":0,"9":0,"10":0,"11":0.005204,"12":0,"13":0,"14":0.018214,"15":0,"16":0.002602,"17":0,"18":0,"19":0,"20":0,"21":0,"22":0.002602,"23":0.002602,"24":0,"25":0.002602,"26":0.031224,"27":0,"28":0.002602,"29":0.11709,"30":0.002602,"31":0.015612,"32":0.005204,"33":0.005204,"34":0.005204,"35":0.002602,"36":0.002602,"37":0.002602,"38":0,"39":0,"40":0.002602,"41":0,"42":0,"43":0.096274,"44":0.002602,"45":0.005204,"46":0.007806,"47":0.05204,"48":0.010408,"49":0.03903,"50":0.005204,"51":0.007806,"52":0.002602,"53":0.010408,"54":0.002602,"55":0.020816,"56":0.005204,"57":0.14311,"58":0.023418,"59":0.028622,"60":0.015612,"61":0.067652,"62":0.98876,"63":1.043402,"64":0.005204,"65":0.005204,"66":0},"firefox":{"2":0,"3":0.05204,"3.5":0,"3.6":0.002602,"4":0.002602,"5":0.002602,"6":0,"7":0,"8":0,"9":0,"10":0.002602,"11":0.005204,"12":0.007806,"13":0,"14":0,"15":0,"16":0,"17":0.002602,"18":0,"19":0.002602,"20":0.002602,"21":0.005204,"22":0.005204,"23":0.002602,"24":0.005204,"25":0.010408,"26":0,"27":0.002602,"28":0.005204,"29":0.002602,"30":0.01301,"31":0.002602,"32":0.002602,"33":0.007806,"34":0.005204,"35":0.015612,"36":0.007806,"37":0.007806,"38":0.010408,"39":0.007806,"40":0.03903,"41":0.010408,"42":0.028622,"43":0.083264,"44":0.015612,"45":0.031224,"46":0.005204,"47":0.122294,"48":0.049438,"49":0.049438,"50":0.036428,"51":0.010408,"52":0.176936,"53":0.023418,"54":0.044234,"55":0.046836,"56":0.114488,"57":1.693902,"58":0.07806,"59":0,"60":0},"opera":{"9":0,"9.5-9.6":0,"10.0-10.1":0,"10.5":0,"10.6":0,"11":0,"11.1":0,"11.5":0,"11.6":0,"12":0.002602,"12.1":0.085866,"15":0.002602,"16":0.005204,"17":0.002602,"18":0.002602,"19":0.005204,"20":0.015612,"21":0,"22":0.002602,"23":0.031224,"24":0,"25":0,"26":0,"27":0,"28":0.005204,"29":0.005204,"30":0.01301,"31":0.002602,"32":0.010408,"33":0.002602,"34":0.005204,"35":0,"36":0.002602,"37":0.002602,"38":0,"39":0.01301,"40":0,"41":0,"42":0.010408,"43":0.02602,"44":0.002602,"45":0,"46":0,"47":0.005204,"48":0.002602,"49":0.231578,"50":0},"safari":{"3.1":0,"3.2":0,"4":0,"5":0,"5.1":0,"6":0,"6.1":0.002602,"7":0.007806,"7.1":0,"8":0.005204,"9":0.005204,"9.1":0.03903,"10":0.010408,"10.1":0.018214,"11":0.044234,"0":null},"ios_saf":{"3.2":0.000140345772886,"4.0-4.1":0.000140345772886,"4.2-4.3":0.00336829854927,"5.0-5.1":0.00322795277639,"6.0-6.1":0.00238587813907,"7.0-7.1":0.00968385832916,"8":0.00266656968484,"8.1-8.4":0.0157187265633,"9.0-9.2":0.0113680076038,"9.3":0.0680676998499,"10.0-10.2":0.0872950707354,"10.3":0.207010015008,"11.0-11.2":0.991683231216},"android":{"2.1":0,"2.2":0,"2.3":0,"3":0,"4":0,"4.1":0.537435222222,"4.2-4.3":1.56062920299,"4.4":4.81624641453,"4.4.3-4.4.4":2.75952316026,"62":null},"op_mob":{"10":null,"11":null,"11.1":null,"11.5":null,"12":null,"12.1":null,"0":null},"ie":{"5.5":0,"6":0,"7":0,"8":0.0446488115942,"9":0.00279055072464,"10":0.0167433043478,"11":0.125574782609},"edge":{"12":0.023418,"13":0.018214,"14":0.031224,"15":0.049438,"16":0.020816,"17":0},"samsung":{"4":0.40849826087,"5":0.17361176087,"6.2":0.357435978261},"ie_mob":{"10":0.12056,"11":0.47128},"bb":{"7":0.014796,"10":0.059184},"and_uc":{"0":11.104398},"op_mini":{"0":12.7681980309},"and_chr":{"0":48.64934},"baidu":{"0":null},"and_ff":{"0":0.347706},"and_qq":{"1.2":null}},"total":92.1943154802}