{"id":"TN","name":"Tunisia","month":"2017-12","access_date":"2018-01-03","data":{"chrome":{"4":0.007215,"5":0,"6":0,"7":0,"8":0,"9":0,"10":0,"11":0.01443,"12":0.007215,"13":0,"14":0.007215,"15":0,"16":0.007215,"17":0.007215,"18":0.007215,"19":0.17316,"20":0,"21":0.007215,"22":0,"23":0.007215,"24":0.49062,"25":0,"26":0.01443,"27":0.007215,"28":0.007215,"29":0.093795,"30":0.165945,"31":0.036075,"32":0.007215,"33":0.007215,"34":0.01443,"35":0.34632,"36":0.01443,"37":0,"38":0.01443,"39":0.064935,"40":0.021645,"41":0.007215,"42":0.007215,"43":0.11544,"44":0.01443,"45":0.007215,"46":0.021645,"47":0.02886,"48":0.04329,"49":1.897545,"50":0.021645,"51":0.064935,"52":0.01443,"53":0.04329,"54":0.07215,"55":0.093795,"56":0.15873,"57":0.266955,"58":0.37518,"59":0.23088,"60":0.324675,"61":0.512265,"62":13.86723,"63":20.10099,"64":0.17316,"65":0.021645,"66":0},"firefox":{"2":0.151515,"3":0.007215,"3.5":0.007215,"3.6":0.01443,"4":0,"5":0,"6":0,"7":0,"8":0,"9":0,"10":0,"11":0,"12":0.007215,"13":0,"14":0,"15":0.165945,"16":0,"17":0,"18":0.15873,"19":0,"20":0,"21":0.15873,"22":0,"23":0.17316,"24":0,"25":0.310245,"26":0,"27":0,"28":0,"29":0,"30":0,"31":0,"32":0.050505,"33":0.007215,"34":0,"35":0.01443,"36":0,"37":0,"38":0,"39":0,"40":0,"41":0,"42":0,"43":0.021645,"44":0.021645,"45":0.007215,"46":0.007215,"47":0.036075,"48":0.21645,"49":0.01443,"50":0.02886,"51":0.01443,"52":0.20202,"53":0.036075,"54":0.04329,"55":0.050505,"56":0.108225,"57":2.518035,"58":0.079365,"59":0,"60":0},"opera":{"9":0,"9.5-9.6":0,"10.0-10.1":0.1443,"10.5":0,"10.6":0,"11":0,"11.1":0,"11.5":0,"11.6":0,"12":0,"12.1":0.007215,"15":0,"16":0,"17":0,"18":0.007215,"19":0,"20":0,"21":0.007215,"22":0.021645,"23":0,"24":0,"25":0,"26":0,"27":0,"28":0.007215,"29":0.021645,"30":0.007215,"31":0,"32":0,"33":0,"34":0,"35":0,"36":0.036075,"37":0.007215,"38":0,"39":0,"40":0,"41":0,"42":0.007215,"43":0.01443,"44":0.007215,"45":0.007215,"46":0.007215,"47":0.007215,"48":0.036075,"49":1.45743,"50":0},"safari":{"3.1":0,"3.2":0,"4":0.007215,"5":0.180375,"5.1":0.01443,"6":0,"6.1":0.007215,"7":0.021645,"7.1":0,"8":0.050505,"9":0.02886,"9.1":0.151515,"10":0.064935,"10.1":0.18759,"11":0.37518,"0":null},"ios_saf":{"3.2":0.000312554777389,"4.0-4.1":0.000312554777389,"4.2-4.3":0.00750131465733,"5.0-5.1":0.00718875987994,"6.0-6.1":0.00531343121561,"7.0-7.1":0.0215662796398,"8":0.00593854077039,"8.1-8.4":0.0350061350675,"9.0-9.2":0.0253169369685,"9.3":0.151589067034,"10.0-10.2":0.194409071536,"10.3":0.461018296648,"11.0-11.2":2.20851205703},"android":{"2.1":0,"2.2":0,"2.3":0,"3":0,"4":0,"4.1":0.1706575,"4.2-4.3":0.495563125,"4.4":1.52935375,"4.4.3-4.4.4":0.876260625,"62":null},"op_mob":{"10":null,"11":null,"11.1":null,"11.5":null,"12":null,"12.1":null,"0":null},"ie":{"5.5":0,"6":0.0151011627907,"7":0.0151011627907,"8":0.626698255814,"9":0.347326744186,"10":0.460585465116,"11":0.483237209302},"edge":{"12":0.02886,"13":0.050505,"14":0.151515,"15":0.223665,"16":0.1443,"17":0},"samsung":{"4":0.970108333333,"5":0.163386666667,"6.2":0.67397},"ie_mob":{"10":0.0464166666667,"11":0.301708333333},"bb":{"7":0.00557,"10":0.02228},"and_uc":{"0":0.66283},"op_mini":{"0":1.43170533505},"and_chr":{"0":34.69477},"baidu":{"0":null},"and_ff":{"0":0.12811},"and_qq":{"1.2":null}},"total":95.4120653351}