{"id":"TT","name":"Trinidad and Tobago","month":"2017-12","access_date":"2018-01-03","data":{"chrome":{"4":0,"5":0,"6":0,"7":0,"8":0,"9":0,"10":0,"11":0.005397,"12":0,"13":0,"14":0,"15":0,"16":0,"17":0,"18":0,"19":0,"20":0,"21":0,"22":0.043176,"23":0,"24":0,"25":0,"26":0.005397,"27":0,"28":0,"29":0.048573,"30":0,"31":0.005397,"32":0.005397,"33":0,"34":0.032382,"35":0.005397,"36":0.010794,"37":0.005397,"38":0.032382,"39":0.021588,"40":0.005397,"41":0,"42":0,"43":0.021588,"44":0.005397,"45":0.005397,"46":0.016191,"47":0.005397,"48":0.005397,"49":0.313026,"50":0.021588,"51":0.010794,"52":0.010794,"53":0.010794,"54":0.064764,"55":0.032382,"56":0.032382,"57":0.156513,"58":0.118734,"59":0.043176,"60":0.080955,"61":0.205086,"62":7.469448,"63":9.223473,"64":0.048573,"65":0.021588,"66":0},"firefox":{"2":0,"3":0,"3.5":0,"3.6":0.005397,"4":0,"5":0,"6":0,"7":0,"8":0,"9":0,"10":0,"11":0,"12":0,"13":0,"14":0,"15":0,"16":0,"17":0,"18":0,"19":0,"20":0,"21":0,"22":0,"23":0,"24":0,"25":0,"26":0,"27":0,"28":0,"29":0,"30":0,"31":0,"32":0,"33":0,"34":0,"35":0,"36":0,"37":0,"38":0,"39":0,"40":0,"41":0.005397,"42":0,"43":0.005397,"44":0,"45":0.010794,"46":0,"47":0.026985,"48":0.064764,"49":0.005397,"50":0.010794,"51":0.005397,"52":0.086352,"53":0.026985,"54":0.016191,"55":0.037779,"56":0.064764,"57":1.910538,"58":0.032382,"59":0,"60":0},"opera":{"9":0,"9.5-9.6":0,"10.0-10.1":0,"10.5":0,"10.6":0,"11":0,"11.1":0,"11.5":0,"11.6":0,"12":0,"12.1":0.005397,"15":0,"16":0,"17":0.048573,"18":0,"19":0,"20":0,"21":0,"22":0.005397,"23":0,"24":0,"25":0,"26":0,"27":0.005397,"28":0.010794,"29":0.005397,"30":0.010794,"31":0.026985,"32":0.037779,"33":0.005397,"34":0,"35":0,"36":0.005397,"37":0.010794,"38":0,"39":0,"40":0,"41":0,"42":0,"43":0.097146,"44":0.016191,"45":0,"46":0.010794,"47":0,"48":0.005397,"49":0.410172,"50":0.005397},"safari":{"3.1":0,"3.2":0,"4":0,"5":0.016191,"5.1":0.010794,"6":0,"6.1":0.005397,"7":0.005397,"7.1":0,"8":0.016191,"9":0.016191,"9.1":0.080955,"10":0.048573,"10.1":0.178101,"11":0.841932,"0":null},"ios_saf":{"3.2":0.0011954162081,"4.0-4.1":0.0011954162081,"4.2-4.3":0.0286899889945,"5.0-5.1":0.0274945727864,"6.0-6.1":0.0203220755378,"7.0-7.1":0.0824837183592,"8":0.022712907954,"8.1-8.4":0.133886615308,"9.0-9.2":0.0968287128564,"9.3":0.57977686093,"10.0-10.2":0.743548881441,"10.3":1.76323890695,"11.0-11.2":8.44681092646},"android":{"2.1":0,"2.2":0,"2.3":0,"3":0,"4":0,"4.1":0.163502055556,"4.2-4.3":0.474784815171,"4.4":1.4652299594,"4.4.3-4.4.4":0.839520169872,"62":null},"op_mob":{"10":null,"11":null,"11.1":null,"11.5":null,"12":null,"12.1":null,"0":null},"ie":{"5.5":0,"6":0,"7":0.0162587447699,"8":0.0270979079498,"9":0.0379370711297,"10":0.0487762343096,"11":1.16521004184},"edge":{"12":0.026985,"13":0.059367,"14":0.253659,"15":0.960666,"16":0.70161,"17":0},"samsung":{"4":0.835057522124,"5":0.256084306785,"6.2":2.68331817109},"ie_mob":{"10":0.0245493333333,"11":0.196394666667},"bb":{"7":0.0340622,"10":0.1362488},"and_uc":{"0":0.418873},"op_mini":{"0":0.997941472509},"and_chr":{"0":50.023149},"baidu":{"0":null},"and_ff":{"0":0.165708},"and_qq":{"1.2":null}},"total":96.3685194725}