{"id":"TV","name":"Tuvalu","month":"2017-12","access_date":"2018-01-03","data":{"chrome":{"4":0,"5":0,"6":0,"7":0,"8":0,"9":0,"10":0,"11":0,"12":0,"13":0,"14":0,"15":0,"16":0,"17":0,"18":0,"19":0,"20":1.201405,"21":0,"22":0,"23":0,"24":0,"25":0,"26":0,"27":0,"28":0,"29":0,"30":0,"31":0,"32":0.201526,"33":0,"34":0,"35":0,"36":0,"37":0,"38":0,"39":0,"40":0,"41":0,"42":0,"43":0,"44":0,"45":0,"46":0,"47":0,"48":0,"49":0,"50":0,"51":0,"52":0,"53":0,"54":0,"55":0,"56":0.201526,"57":0,"58":0,"59":0.403052,"60":0,"61":0.798353,"62":20.77268,"63":17.579268,"64":0,"65":0,"66":0},"firefox":{"2":0,"3":0,"3.5":0,"3.6":0,"4":0,"5":0,"6":0,"7":0,"8":0,"9":0,"10":0,"11":0,"12":0,"13":0,"14":0,"15":0,"16":0,"17":0,"18":0,"19":0,"20":0,"21":0,"22":0,"23":0,"24":0,"25":0,"26":0,"27":0,"28":0,"29":0,"30":0,"31":0,"32":0,"33":0,"34":0,"35":0,"36":0,"37":0,"38":0,"39":0,"40":0,"41":0,"42":0,"43":0,"44":0,"45":0,"46":0,"47":0,"48":0.201526,"49":0,"50":0,"51":0,"52":0,"53":0,"54":0,"55":0,"56":0.403052,"57":5.394696,"58":0,"59":0,"60":0},"opera":{"9":0,"9.5-9.6":0,"10.0-10.1":0,"10.5":0,"10.6":0,"11":0,"11.1":0,"11.5":0,"11.6":0,"12":0,"12.1":0,"15":0,"16":0,"17":0,"18":0,"19":0,"20":0,"21":0,"22":0,"23":0,"24":0,"25":0,"26":0,"27":0,"28":0,"29":0,"30":0,"31":0,"32":0,"33":0,"34":0,"35":0,"36":0,"37":0,"38":0,"39":0,"40":0,"41":0,"42":0,"43":0,"44":0,"45":0,"46":0,"47":0,"48":0,"49":0,"50":0},"safari":{"3.1":0,"3.2":0,"4":0,"5":0,"5.1":0,"6":0,"6.1":0,"7":0,"7.1":0,"8":0,"9":0.403052,"9.1":0,"10":1.201405,"10.1":0,"11":0.596827,"0":null},"ios_saf":{"3.2":0.000179467333667,"4.0-4.1":0.000179467333667,"4.2-4.3":0.004307216008,"5.0-5.1":0.00412774867434,"6.0-6.1":0.00305094467234,"7.0-7.1":0.012383246023,"8":0.00340987933967,"8.1-8.4":0.0201003413707,"9.0-9.2":0.014536854027,"9.3":0.0870416568284,"10.0-10.2":0.111628681541,"10.3":0.264714317159,"11.0-11.2":1.26811617969},"android":{"2.1":0,"2.2":0,"2.3":0,"3":0,"4":0,"4.1":0.1699465,"4.2-4.3":0.493498490385,"4.4":1.52298209615,"4.4.3-4.4.4":0.872609913462,"62":null},"op_mob":{"10":null,"11":null,"11.1":null,"11.5":null,"12":null,"12.1":null,"0":null},"ie":{"5.5":0,"6":0,"7":0,"8":0,"9":0,"10":1.201405,"11":5.789997},"edge":{"12":0,"13":0,"14":0.596827,"15":0,"16":0.999879,"17":0},"samsung":{"4":0,"5":0,"6.2":0},"ie_mob":{"10":0,"11":0},"bb":{"7":0,"10":0},"and_uc":{"0":6.351176},"op_mini":{"0":0},"and_chr":{"0":25.013433},"baidu":{"0":null},"and_ff":{"0":0},"and_qq":{"1.2":null}},"total":94.163898}