{"id":"TZ","name":"Tanzania","month":"2017-12","access_date":"2018-01-03","data":{"chrome":{"4":null,"5":null,"6":null,"7":null,"8":null,"9":0.001394,"10":0.004182,"11":0.023698,"12":null,"13":null,"14":null,"15":null,"16":null,"17":null,"18":0.002788,"19":null,"20":0.002788,"21":0.011152,"22":0.002788,"23":null,"24":null,"25":0.00697,"26":0.004182,"27":0.002788,"28":null,"29":0.002788,"30":0.002788,"31":0.015334,"32":0.001394,"33":0.009758,"34":0.004182,"35":0.001394,"36":0.011152,"37":0.008364,"38":0.002788,"39":null,"40":0.009758,"41":null,"42":0.012546,"43":0.068306,"44":null,"45":0.004182,"46":0.005576,"47":0.005576,"48":0.004182,"49":0.101762,"50":0.008364,"51":0.009758,"52":0.00697,"53":0.011152,"54":0.00697,"55":0.068306,"56":0.01394,"57":0.158916,"58":0.054366,"59":0.022304,"60":0.036244,"61":0.156128,"62":2.07706,"63":2.907884,"64":0.03485,"65":0.005576,"66":null},"firefox":{"2":null,"3":0.004182,"3.5":null,"3.6":0.004182,"4":0.016728,"5":0.005576,"6":0.051578,"7":0.002788,"8":0.005576,"9":0.002788,"10":0.00697,"11":0.011152,"12":0.01394,"13":0.022304,"14":0.00697,"15":0.008364,"16":0.008364,"17":0.008364,"18":0.009758,"19":0.012546,"20":0.00697,"21":0.012546,"22":0.004182,"23":0.03485,"24":0.00697,"25":0.008364,"26":0.009758,"27":0.00697,"28":0.008364,"29":0.012546,"30":0.02091,"31":0.012546,"32":0.016728,"33":0.015334,"34":0.022304,"35":0.030668,"36":0.016728,"37":0.018122,"38":0.016728,"39":0.018122,"40":0.023698,"41":0.012546,"42":0.01394,"43":0.08364,"44":0.052972,"45":0.023698,"46":0.032062,"47":0.143582,"48":0.052972,"49":0.037638,"50":0.02091,"51":0.009758,"52":0.085034,"53":0.016728,"54":0.03485,"55":0.040426,"56":0.154734,"57":2.351678,"58":0.284376,"59":null,"60":null},"opera":{"9":null,"9.5-9.6":null,"10.0-10.1":0,"10.5":null,"10.6":0.002788,"11":0.001394,"11.1":null,"11.5":null,"11.6":0.005576,"12":0.002788,"12.1":0.00697,"15":0.001394,"16":0.001394,"17":0.002788,"18":0.004182,"19":null,"20":0.002788,"21":null,"22":0.002788,"23":null,"24":null,"25":null,"26":null,"27":null,"28":null,"29":null,"30":null,"31":null,"32":null,"33":0.002788,"34":0.001394,"35":0.004182,"36":0.02788,"37":0.00697,"38":0.002788,"39":0.002788,"40":0.002788,"41":null,"42":0.015334,"43":0.036244,"44":0.011152,"45":0.004182,"46":0.005576,"47":0.004182,"48":0.026486,"49":0.917252,"50":0.001394},"safari":{"3.1":null,"3.2":null,"4":0.002788,"5":0.001394,"5.1":0.00697,"6":0.002788,"6.1":0.001394,"7":0.001394,"7.1":0.002788,"8":0.036244,"9":0.011152,"9.1":0.039032,"10":0.050184,"10.1":0.089216,"11":0.220252,"0":null},"ios_saf":{"3.2":0.000129139569785,"4.0-4.1":0.000129139569785,"4.2-4.3":0.00309934967484,"5.0-5.1":0.00297021010505,"6.0-6.1":0.00219537268634,"7.0-7.1":0.00891063031516,"8":0.00245365182591,"8.1-8.4":0.0144636318159,"9.0-9.2":0.0104603051526,"9.3":0.0626326913457,"10.0-10.2":0.0803248124062,"10.3":0.190480865433,"11.0-11.2":0.9125002001},"android":{"2.1":0,"2.2":0,"2.3":0,"3":0,"4":0,"4.1":0.204129722222,"4.2-4.3":0.592761308761,"4.4":1.82931635684,"4.4.3-4.4.4":1.04812761218,"62":null},"op_mob":{"10":null,"11":null,"11.1":null,"11.5":null,"12":null,"12.1":null,"0":null},"ie":{"5.5":null,"6":0.00146495209581,"7":null,"8":0.099616742515,"9":0.0161144730539,"10":0.0322289461078,"11":0.339868886228},"edge":{"12":0.061336,"13":0.05576,"14":0.071094,"15":0.096186,"16":0.065518,"17":null},"samsung":{"4":1.0858105102,"5":0.402152040816,"6.2":0.48258244898},"ie_mob":{"10":0.213801153846,"11":0.371338846154},"bb":{"7":0.01721,"10":0.06884},"and_uc":{"0":22.32137},"op_mini":{"0":30.167074854},"and_chr":{"0":22.585984},"baidu":{"0":null},"and_ff":{"0":0.3442},"and_qq":{"1.2":null}},"total":95.328892854}