{"id":"US","name":"United States","month":"2017-12","access_date":"2018-01-03","data":{"chrome":{"4":0.00557,"5":0,"6":0,"7":0,"8":0,"9":0,"10":0.00557,"11":0.00557,"12":0.00557,"13":0.00557,"14":0,"15":0,"16":0,"17":0.00557,"18":0.01114,"19":0.00557,"20":0.00557,"21":0.00557,"22":0.00557,"23":0.00557,"24":0,"25":0.00557,"26":0,"27":0.0557,"28":0.02228,"29":0.1671,"30":0.08912,"31":0.04456,"32":0.06127,"33":0.00557,"34":0.01671,"35":0.02228,"36":0.12254,"37":0.16153,"38":0.06127,"39":0.01114,"40":0.02228,"41":0.01671,"42":0.01114,"43":0.03342,"44":0.01114,"45":0.00557,"46":0.01114,"47":0.01671,"48":0.02785,"49":0.28407,"50":0.01671,"51":0.03899,"52":0.07241,"53":0.03342,"54":0.03899,"55":0.08912,"56":0.08912,"57":0.07798,"58":0.30078,"59":0.3899,"60":0.58485,"61":0.7241,"62":7.36911,"63":5.68697,"64":0.02228,"65":0.01671,"66":0},"firefox":{"2":0,"3":0.00557,"3.5":0,"3.6":0.00557,"4":0,"5":0,"6":0,"7":0,"8":0,"9":0,"10":0,"11":0.00557,"12":0,"13":0,"14":0,"15":0,"16":0.00557,"17":0,"18":0,"19":0,"20":0,"21":0.00557,"22":0.00557,"23":0.00557,"24":0.00557,"25":0.00557,"26":0.00557,"27":0.00557,"28":0.00557,"29":0.03899,"30":0,"31":0.01114,"32":0.00557,"33":0.00557,"34":0.00557,"35":0.00557,"36":0.00557,"37":0.00557,"38":0.03899,"39":0.00557,"40":0.00557,"41":0.00557,"42":0.00557,"43":0.01114,"44":0.00557,"45":0.02228,"46":0.01114,"47":0.02228,"48":0.08355,"49":0.02228,"50":0.03342,"51":0.03342,"52":0.2228,"53":0.02785,"54":0.03899,"55":0.07241,"56":0.12254,"57":1.93279,"58":0.02785,"59":0,"60":0},"opera":{"9":0,"9.5-9.6":0,"10.0-10.1":0,"10.5":0,"10.6":0,"11":0,"11.1":0,"11.5":0,"11.6":0,"12":0,"12.1":0.00557,"15":0,"16":0,"17":0,"18":0,"19":0,"20":0,"21":0,"22":0,"23":0,"24":0,"25":0,"26":0,"27":0,"28":0,"29":0,"30":0,"31":0,"32":0.00557,"33":0,"34":0,"35":0.01114,"36":0.00557,"37":0.00557,"38":0.00557,"39":0.00557,"40":0,"41":0,"42":0,"43":0.00557,"44":0,"45":0,"46":0.00557,"47":0.00557,"48":0.01114,"49":0.18938,"50":0},"safari":{"3.1":0,"3.2":0,"4":0.00557,"5":0.02785,"5.1":0.03342,"6":0,"6.1":0.01114,"7":0.00557,"7.1":0,"8":0.03342,"9":0.17267,"9.1":0.5013,"10":0.28964,"10.1":0.73524,"11":1.50947,"0":null},"ios_saf":{"3.2":0.00385702751376,"4.0-4.1":0.00385702751376,"4.2-4.3":0.0925686603302,"5.0-5.1":0.0887116328164,"6.0-6.1":0.0655694677339,"7.0-7.1":0.266134898449,"8":0.0732835227614,"8.1-8.4":0.431987081541,"9.0-9.2":0.312419228614,"9.3":1.87065834417,"10.0-10.2":2.39907111356,"10.3":5.68911558279,"11.0-11.2":27.2537564122},"android":{"2.1":0,"2.2":0,"2.3":0,"3":0,"4":0,"4.1":0.0690444444444,"4.2-4.3":0.200494444444,"4.4":0.618744444444,"4.4.3-4.4.4":0.354516666667,"62":null},"op_mob":{"10":null,"11":null,"11.1":null,"11.5":null,"12":null,"12.1":null,"0":null},"ie":{"5.5":0,"6":0.016895323475,"7":0.00563177449168,"8":0.219639205176,"9":0.107003715342,"10":0.0844766173752,"11":2.60751158965},"edge":{"12":0.01671,"13":0.02785,"14":0.22837,"15":0.86335,"16":0.81322,"17":0.02228},"samsung":{"4":0.324555789474,"5":0.238007578947,"6.2":1.49295663158},"ie_mob":{"10":0.011075,"11":0.055375},"bb":{"7":0.003544,"10":0.014176},"and_uc":{"0":0.30567},"op_mini":{"0":0.109044982818},"and_chr":{"0":27.04174},"baidu":{"0":null},"and_ff":{"0":0.23036},"and_qq":{"1.2":null}},"total":98.0328032083}