{"id":"VA","name":"Holy See (Vatican City State)","month":"2017-12","access_date":"2018-01-03","data":{"chrome":{"4":0,"5":0,"6":0,"7":0,"8":0,"9":0,"10":0,"11":0,"12":0,"13":0,"14":0,"15":0,"16":0,"17":0,"18":0.009402,"19":0,"20":0,"21":0,"22":0,"23":0,"24":0,"25":0,"26":0,"27":0,"28":0,"29":0,"30":0,"31":0.009402,"32":0,"33":0,"34":0,"35":0,"36":0,"37":0,"38":0,"39":0.319668,"40":0.018804,"41":0.009402,"42":0.009402,"43":0.009402,"44":0,"45":0,"46":0,"47":0,"48":0,"49":1.748772,"50":0.009402,"51":0.018804,"52":0.573522,"53":0.159834,"54":0.04701,"55":0.009402,"56":0,"57":0.028206,"58":0.206844,"59":0.018804,"60":0,"61":0.131628,"62":14.074794,"63":25.225566,"64":0,"65":0.009402,"66":0},"firefox":{"2":0,"3":0,"3.5":0,"3.6":0.037608,"4":0,"5":0,"6":0,"7":0,"8":0,"9":0,"10":0,"11":0.018804,"12":0,"13":0,"14":0,"15":0,"16":0,"17":0,"18":0,"19":0,"20":0,"21":0,"22":0.037608,"23":0,"24":0,"25":0.018804,"26":0,"27":0,"28":0,"29":0,"30":0.009402,"31":0,"32":0,"33":0,"34":0,"35":0.009402,"36":0,"37":0,"38":0.009402,"39":0.028206,"40":0,"41":0,"42":0,"43":0.61113,"44":0.009402,"45":0.28206,"46":0,"47":0.04701,"48":0.498306,"49":0.150432,"50":0.14103,"51":0.169236,"52":2.181264,"53":0.009402,"54":0.225648,"55":0.554718,"56":0.103422,"57":12.777318,"58":0.122226,"59":0,"60":0},"opera":{"9":0,"9.5-9.6":0,"10.0-10.1":0,"10.5":0,"10.6":0,"11":0,"11.1":0,"11.5":0,"11.6":0,"12":0,"12.1":0,"15":0,"16":0,"17":0,"18":0,"19":0,"20":0,"21":0,"22":0,"23":0,"24":0,"25":0,"26":0,"27":0,"28":0,"29":0,"30":0,"31":0,"32":0,"33":0,"34":0,"35":0,"36":0,"37":0.009402,"38":0.056412,"39":0.075216,"40":0,"41":0,"42":0,"43":0,"44":0,"45":0,"46":0,"47":0,"48":0,"49":1.156446,"50":0},"safari":{"3.1":0,"3.2":0,"4":0,"5":0,"5.1":0.037608,"6":0,"6.1":0,"7":0.065814,"7.1":0,"8":0.009402,"9":0.75216,"9.1":1.053024,"10":0.04701,"10.1":0.310266,"11":2.265882,"0":null},"ios_saf":{"3.2":0.000704433616808,"4.0-4.1":0.000704433616808,"4.2-4.3":0.0169064068034,"5.0-5.1":0.0162019731866,"6.0-6.1":0.0119753714857,"7.0-7.1":0.0486059195598,"8":0.0133842387194,"8.1-8.4":0.0788965650825,"9.0-9.2":0.0570591229615,"9.3":0.341650304152,"10.0-10.2":0.438157709655,"10.3":1.03903958479,"11.0-11.2":4.97752793637},"android":{"2.1":0,"2.2":0,"2.3":0,"3":0,"4":0,"4.1":0.0207622222222,"4.2-4.3":0.0602902991453,"4.4":0.186061452991,"4.4.3-4.4.4":0.106606025641,"62":null},"op_mob":{"10":null,"11":null,"11.1":null,"11.5":null,"12":null,"12.1":null,"0":null},"ie":{"5.5":0,"6":0,"7":0,"8":0.037608,"9":0.535914,"10":0.018804,"11":15.776556},"edge":{"12":0,"13":0.028206,"14":0.18804,"15":0.827376,"16":0.629934,"17":0},"samsung":{"4":0.0207125454545,"5":0,"6.2":0.434963454545},"ie_mob":{"10":0,"11":0.05083},"bb":{"7":0,"10":0},"and_uc":{"0":0.21528},"op_mini":{"0":0.0118891030928},"and_chr":{"0":6.547042},"baidu":{"0":null},"and_ff":{"0":0.019136},"and_qq":{"1.2":null}},"total":99.2947791031}