{"id":"VC","name":"Saint Vincent and the Grenadines","month":"2017-12","access_date":"2018-01-03","data":{"chrome":{"4":0,"5":0,"6":0,"7":0,"8":0,"9":0,"10":0,"11":0.018741,"12":0,"13":0,"14":0,"15":0,"16":0,"17":0,"18":0,"19":0,"20":0,"21":0,"22":0.024988,"23":0.006247,"24":0,"25":0,"26":0,"27":0,"28":0,"29":0,"30":0,"31":0,"32":0,"33":0,"34":0.006247,"35":0,"36":0.006247,"37":0.006247,"38":0,"39":0,"40":0,"41":0,"42":0,"43":0.018741,"44":0,"45":0.012494,"46":0.006247,"47":0,"48":0,"49":0.243633,"50":0.018741,"51":0.006247,"52":0.018741,"53":0.012494,"54":0.081211,"55":0.043729,"56":0.018741,"57":0.399808,"58":0.068717,"59":0.049976,"60":0.068717,"61":0.212398,"62":8.489673,"63":11.450751,"64":0.074964,"65":0.018741,"66":0},"firefox":{"2":0,"3":0,"3.5":0,"3.6":0.006247,"4":0,"5":0,"6":0,"7":0,"8":0,"9":0,"10":0,"11":0,"12":0,"13":0,"14":0,"15":0,"16":0.006247,"17":0,"18":0,"19":0,"20":0,"21":0,"22":0,"23":0.006247,"24":0,"25":0,"26":0,"27":0,"28":0,"29":0,"30":0,"31":0,"32":0,"33":0,"34":0,"35":0.006247,"36":0,"37":0,"38":0.018741,"39":0,"40":0,"41":0,"42":0,"43":0,"44":0.006247,"45":0.006247,"46":0,"47":0.037482,"48":0.018741,"49":0,"50":0.031235,"51":0,"52":0.06247,"53":0.006247,"54":0.068717,"55":0.049976,"56":0.06247,"57":2.205191,"58":0.131187,"59":0,"60":0},"opera":{"9":0,"9.5-9.6":0,"10.0-10.1":0,"10.5":0,"10.6":0,"11":0,"11.1":0,"11.5":0,"11.6":0,"12":0,"12.1":0,"15":0,"16":0,"17":0.012494,"18":0,"19":0,"20":0,"21":0,"22":0.012494,"23":0,"24":0,"25":0,"26":0,"27":0,"28":0,"29":0.006247,"30":0.006247,"31":0.006247,"32":0.006247,"33":0,"34":0,"35":0,"36":0.012494,"37":0.006247,"38":0,"39":0,"40":0,"41":0,"42":0,"43":0.043729,"44":0.006247,"45":0,"46":0,"47":0,"48":0.031235,"49":0.849592,"50":0.006247},"safari":{"3.1":0,"3.2":0,"4":0,"5":0,"5.1":0,"6":0.006247,"6.1":0.006247,"7":0,"7.1":0,"8":0.006247,"9":0.006247,"9.1":0.049976,"10":0.037482,"10.1":0.093705,"11":0.780875,"0":null},"ios_saf":{"3.2":0.000961823911956,"4.0-4.1":0.000961823911956,"4.2-4.3":0.0230837738869,"5.0-5.1":0.022121949975,"6.0-6.1":0.0163510065033,"7.0-7.1":0.066365849925,"8":0.0182746543272,"8.1-8.4":0.107724278139,"9.0-9.2":0.0779077368684,"9.3":0.466484597299,"10.0-10.2":0.598254473237,"10.3":1.41869027014,"11.0-11.2":6.79624776188},"android":{"2.1":0,"2.2":0,"2.3":0,"3":0,"4":0,"4.1":0.224162,"4.2-4.3":0.650931961538,"4.4":2.00883638462,"4.4.3-4.4.4":1.15098565385,"62":null},"op_mob":{"10":null,"11":null,"11.1":null,"11.5":null,"12":null,"12.1":null,"0":null},"ie":{"5.5":0,"6":0,"7":0,"8":0.0691284790419,"9":0.0125688143713,"10":0.050275257485,"11":0.917523449102},"edge":{"12":0.106199,"13":0.068717,"14":0.524748,"15":4.572804,"16":0.93705,"17":0},"samsung":{"4":0.488781,"5":0.068202,"6.2":1.02303},"ie_mob":{"10":0.024742,"11":0.309275},"bb":{"7":0.0195156,"10":0.0780624},"and_uc":{"0":0.818154},"op_mini":{"0":0.568495670103},"and_chr":{"0":46.468428},"baidu":{"0":null},"and_ff":{"0":0.105084},"and_qq":{"1.2":null}},"total":96.9853426701}