{"id":"VI","name":"Virgin Island, U.S.","month":"2017-12","access_date":"2018-01-03","data":{"chrome":{"4":0,"5":0.005955,"6":0,"7":0,"8":0,"9":0,"10":0,"11":0.005955,"12":0,"13":0,"14":0,"15":0,"16":0,"17":0,"18":0.065505,"19":0,"20":0,"21":0.005955,"22":0,"23":0.017865,"24":0,"25":0,"26":0,"27":0,"28":0.005955,"29":0,"30":0,"31":0,"32":0.005955,"33":0.005955,"34":0.005955,"35":0.017865,"36":0.017865,"37":0.005955,"38":0.005955,"39":0.01191,"40":0.005955,"41":0.02382,"42":0.01191,"43":0.005955,"44":0.005955,"45":0.005955,"46":0.02382,"47":0.017865,"48":0,"49":0.220335,"50":0.01191,"51":0.02382,"52":0.005955,"53":0.029775,"54":0.005955,"55":0.005955,"56":0.017865,"57":0.02382,"58":0.136965,"59":0.136965,"60":1.042125,"61":0.44067,"62":7.187685,"63":8.211945,"64":0.017865,"65":0.01191,"66":0},"firefox":{"2":0,"3":0,"3.5":0,"3.6":0,"4":0,"5":0,"6":0,"7":0,"8":0,"9":0,"10":0.029775,"11":0,"12":0,"13":0,"14":0,"15":0,"16":0,"17":0,"18":0,"19":0,"20":0,"21":0,"22":0,"23":0,"24":0.041685,"25":0.005955,"26":0,"27":0,"28":0,"29":0.005955,"30":0,"31":0.005955,"32":0,"33":0,"34":0,"35":0,"36":0,"37":0,"38":0,"39":0,"40":0.005955,"41":0,"42":0,"43":0.017865,"44":0,"45":0.005955,"46":0,"47":0.101235,"48":0.017865,"49":0,"50":0,"51":0.005955,"52":0.101235,"53":0.01191,"54":0.10719,"55":0.02382,"56":0.10719,"57":2.245035,"58":0.029775,"59":0,"60":0},"opera":{"9":0,"9.5-9.6":0,"10.0-10.1":0,"10.5":0,"10.6":0,"11":0,"11.1":0,"11.5":0,"11.6":0,"12":0,"12.1":0,"15":0,"16":0,"17":0,"18":0,"19":0,"20":0,"21":0,"22":0,"23":0,"24":0,"25":0,"26":0,"27":0,"28":0,"29":0.005955,"30":0,"31":0.005955,"32":0,"33":0,"34":0,"35":0,"36":0,"37":0,"38":0,"39":0,"40":0,"41":0,"42":0,"43":0,"44":0,"45":0,"46":0,"47":0,"48":0.005955,"49":0.03573,"50":0},"safari":{"3.1":0,"3.2":0,"4":0,"5":0.01191,"5.1":0.053595,"6":0,"6.1":0,"7":0,"7.1":0,"8":0.01191,"9":0.15483,"9.1":0.232245,"10":0.14292,"10.1":0.577635,"11":1.14336,"0":null},"ios_saf":{"3.2":0.00334243671836,"4.0-4.1":0.00334243671836,"4.2-4.3":0.0802184812406,"5.0-5.1":0.0768760445223,"6.0-6.1":0.0568214242121,"7.0-7.1":0.230628133567,"8":0.0635062976488,"8.1-8.4":0.374352912456,"9.0-9.2":0.270737374187,"9.3":1.6210818084,"10.0-10.2":2.07899563882,"10.3":4.93009415958,"11.0-11.2":23.6176578519},"android":{"2.1":0,"2.2":0,"2.3":0,"3":0,"4":0,"4.1":0.0664666666667,"4.2-4.3":0.193008974359,"4.4":0.595643589744,"4.4.3-4.4.4":0.341280769231,"62":null},"op_mob":{"10":null,"11":null,"11.1":null,"11.5":null,"12":null,"12.1":null,"0":null},"ie":{"5.5":0,"6":0,"7":0,"8":0.02382,"9":0.15483,"10":0.01191,"11":4.2876},"edge":{"12":0.02382,"13":0.065505,"14":0.48831,"15":1.7865,"16":1.304145,"17":0},"samsung":{"4":0.548992365729,"5":0.212874590793,"6.2":3.61886804348},"ie_mob":{"10":0,"11":0.04045},"bb":{"7":0.000809,"10":0.003236},"and_uc":{"0":0.991025},"op_mini":{"0":0.287215850515},"and_chr":{"0":24.59765},"baidu":{"0":null},"and_ff":{"0":0.15371},"and_qq":{"1.2":null}},"total":96.2749958505}