{"id":"VU","name":"Vanuatu","month":"2017-12","access_date":"2018-01-03","data":{"chrome":{"4":0,"5":0,"6":0,"7":0,"8":0,"9":0,"10":0,"11":0.03868,"12":0,"13":0,"14":0,"15":0,"16":0,"17":0,"18":0,"19":0,"20":0,"21":0,"22":0,"23":0,"24":0,"25":0,"26":0,"27":0,"28":0,"29":0,"30":0,"31":0,"32":0.003868,"33":0.003868,"34":0.003868,"35":0,"36":0.007736,"37":0,"38":0,"39":0.003868,"40":0.003868,"41":0.003868,"42":0,"43":0.073492,"44":0,"45":0,"46":0.003868,"47":0.007736,"48":0,"49":0.104436,"50":0,"51":0.007736,"52":0.007736,"53":0.011604,"54":0,"55":0.11604,"56":0.027076,"57":0.085096,"58":0.023208,"59":0.007736,"60":0.05802,"61":0.177928,"62":3.740356,"63":3.353556,"64":0.003868,"65":0.007736,"66":0},"firefox":{"2":0,"3":0,"3.5":0,"3.6":0,"4":0,"5":0,"6":0,"7":0,"8":0,"9":0.003868,"10":0,"11":0,"12":0.003868,"13":0,"14":0,"15":0,"16":0,"17":0,"18":0,"19":0,"20":0,"21":0.003868,"22":0,"23":0,"24":0,"25":0,"26":0,"27":0,"28":0,"29":0,"30":0,"31":0,"32":0.259156,"33":0,"34":0.015472,"35":0,"36":0,"37":0,"38":0.100568,"39":0,"40":0.007736,"41":0,"42":0,"43":0.085096,"44":0.007736,"45":0.007736,"46":0,"47":0.027076,"48":0.007736,"49":0.003868,"50":0.03868,"51":0,"52":0.054152,"53":0.007736,"54":0.042548,"55":0.007736,"56":0.189532,"57":1.62456,"58":0.108304,"59":0,"60":0},"opera":{"9":0,"9.5-9.6":0,"10.0-10.1":0,"10.5":0,"10.6":0,"11":0,"11.1":0,"11.5":0,"11.6":0,"12":0,"12.1":0,"15":0,"16":0,"17":0,"18":0.003868,"19":0,"20":0,"21":0,"22":0,"23":0,"24":0,"25":0,"26":0,"27":0,"28":0,"29":0,"30":0,"31":0,"32":0,"33":0,"34":0,"35":0,"36":0,"37":0.003868,"38":0,"39":0,"40":0,"41":0,"42":0,"43":0.003868,"44":0,"45":0,"46":0,"47":0,"48":0,"49":0.054152,"50":0},"safari":{"3.1":0,"3.2":0,"4":0,"5":0,"5.1":0,"6":0,"6.1":0.007736,"7":0,"7.1":0,"8":0.03868,"9":0.162456,"9.1":0.050284,"10":0.510576,"10.1":0.131512,"11":0.711712,"0":null},"ios_saf":{"3.2":0.00111292246123,"4.0-4.1":0.00111292246123,"4.2-4.3":0.0267101390695,"5.0-5.1":0.0255972166083,"6.0-6.1":0.0189196818409,"7.0-7.1":0.0767916498249,"8":0.0211455267634,"8.1-8.4":0.124647315658,"9.0-9.2":0.0901467193597,"9.3":0.539767393697,"10.0-10.2":0.692237770885,"10.3":1.64156063032,"11.0-11.2":7.86391011106},"android":{"2.1":0,"2.2":0,"2.3":0,"3":0,"4":0,"4.1":0.334933555556,"4.2-4.3":0.972595517094,"4.4":3.00151994017,"4.4.3-4.4.4":1.71975498718,"62":null},"op_mob":{"10":null,"11":null,"11.1":null,"11.5":null,"12":null,"12.1":null,"0":null},"ie":{"5.5":0,"6":0,"7":0,"8":0.178759439252,"9":0.012471588785,"10":0.0291003738318,"11":0.669308598131},"edge":{"12":0.050284,"13":0.054152,"14":0.07736,"15":0.301704,"16":0.050284,"17":0},"samsung":{"4":1.44994206,"5":0.09961434,"6.2":0.6640956},"ie_mob":{"10":6.77974591896,"11":0.100358081037},"bb":{"7":0.0012264,"10":0.0049056},"and_uc":{"0":1.306116},"op_mini":{"0":0.104496865979},"and_chr":{"0":53.943468},"baidu":{"0":null},"and_ff":{"0":0.833952},"and_qq":{"1.2":null}},"total":96.036404866}