{"id":"YT","name":"Mayotte","month":"2017-12","access_date":"2018-01-03","data":{"chrome":{"4":0,"5":0,"6":0,"7":0,"8":0,"9":0,"10":0,"11":0,"12":0,"13":0,"14":0,"15":0,"16":0,"17":0,"18":0,"19":0,"20":0,"21":0,"22":0,"23":0,"24":0,"25":0,"26":0.005716,"27":0,"28":0,"29":0,"30":0,"31":0,"32":0,"33":0.005716,"34":0,"35":0.011432,"36":0.040012,"37":0,"38":0.017148,"39":0.005716,"40":0.005716,"41":0,"42":0.011432,"43":0.034296,"44":0,"45":0.011432,"46":0.011432,"47":0,"48":0,"49":0.188628,"50":0.005716,"51":0.022864,"52":0.005716,"53":0.011432,"54":0.005716,"55":0.022864,"56":0.022864,"57":0.137184,"58":0.137184,"59":0.005716,"60":0.091456,"61":0.394404,"62":8.65974,"63":10.151616,"64":0.022864,"65":0.011432,"66":0},"firefox":{"2":0,"3":0,"3.5":0,"3.6":0,"4":0,"5":0,"6":0,"7":0,"8":0,"9":0,"10":0,"11":0,"12":0,"13":0,"14":0,"15":0.034296,"16":0,"17":0,"18":0,"19":0,"20":0,"21":0,"22":0,"23":0,"24":0,"25":0,"26":0,"27":0,"28":0,"29":0,"30":0,"31":0.011432,"32":0,"33":0,"34":0,"35":0,"36":0.011432,"37":0.005716,"38":0.011432,"39":0,"40":0,"41":0,"42":0.011432,"43":0.011432,"44":0.005716,"45":0.102888,"46":0,"47":0.1429,"48":0.011432,"49":0.02858,"50":0.011432,"51":0.017148,"52":0.108604,"53":0.017148,"54":0.051444,"55":0.017148,"56":0.320096,"57":4.161248,"58":0.017148,"59":0,"60":0},"opera":{"9":0,"9.5-9.6":0,"10.0-10.1":0,"10.5":0,"10.6":0,"11":0,"11.1":0,"11.5":0,"11.6":0.034296,"12":0,"12.1":0,"15":0,"16":0,"17":0,"18":0,"19":0,"20":0,"21":0,"22":0,"23":0,"24":0,"25":0,"26":0,"27":0,"28":0,"29":0,"30":0,"31":0,"32":0,"33":0,"34":0,"35":0,"36":0.005716,"37":0,"38":0,"39":0,"40":0.017148,"41":0,"42":0,"43":0.051444,"44":0,"45":0,"46":0,"47":0.005716,"48":0.005716,"49":0.491576,"50":0},"safari":{"3.1":0,"3.2":0,"4":0,"5":0,"5.1":0.02858,"6":0,"6.1":0,"7":0,"7.1":0,"8":0,"9":0.011432,"9.1":0.017148,"10":0.017148,"10.1":0.205776,"11":0.62876,"0":null},"ios_saf":{"3.2":0.00101982311156,"4.0-4.1":0.00101982311156,"4.2-4.3":0.0244757546773,"5.0-5.1":0.0234559315658,"6.0-6.1":0.0173369928964,"7.0-7.1":0.0703677946973,"8":0.0193766391196,"8.1-8.4":0.114220188494,"9.0-9.2":0.082605672036,"9.3":0.494614209105,"10.0-10.2":0.634329975388,"10.3":1.50423908954,"11.0-11.2":7.20607010625},"android":{"2.1":0,"2.2":0,"2.3":0,"3":0,"4":0,"4.1":0.0737277777778,"4.2-4.3":0.214094123932,"4.4":0.660714316239,"4.4.3-4.4.4":0.378563782051,"62":null},"op_mob":{"10":null,"11":null,"11.1":null,"11.5":null,"12":null,"12.1":null,"0":null},"ie":{"5.5":0,"6":0.02858,"7":0,"8":0.011432,"9":0.062876,"10":0.051444,"11":0.611612},"edge":{"12":0.131468,"13":0.240072,"14":0.583032,"15":1.25752,"16":0.51444,"17":0},"samsung":{"4":0.862140328767,"5":0.176582958904,"6.2":1.23608071233},"ie_mob":{"10":0.147811819355,"11":1.48867618065},"bb":{"7":0.0017136,"10":0.0068544},"and_uc":{"0":0.145656},"op_mini":{"0":0.377190742268},"and_chr":{"0":49.787636},"baidu":{"0":null},"and_ff":{"0":0.218484},"and_qq":{"1.2":null}},"total":96.1495387423}