{"id":"ZM","name":"Zambia","month":"2017-12","access_date":"2018-01-03","data":{"chrome":{"4":0,"5":0,"6":0,"7":0,"8":0,"9":0,"10":0,"11":0.004137,"12":0,"13":0,"14":0,"15":0,"16":0,"17":0,"18":0,"19":0,"20":0,"21":0,"22":0,"23":0,"24":0,"25":0.001379,"26":0.001379,"27":0,"28":0.001379,"29":0,"30":0,"31":0.001379,"32":0,"33":0.001379,"34":0,"35":0.001379,"36":0.001379,"37":0.001379,"38":0,"39":0,"40":0.009653,"41":0,"42":0,"43":0.006895,"44":0.002758,"45":0,"46":0.002758,"47":0.001379,"48":0.001379,"49":0.01379,"50":0.004137,"51":0.002758,"52":0.001379,"53":0.001379,"54":0.001379,"55":0.012411,"56":0.004137,"57":0.016548,"58":0.009653,"59":0.004137,"60":0.006895,"61":0.020685,"62":0.307517,"63":0.354403,"64":0.002758,"65":0,"66":0},"firefox":{"2":0,"3":0.001379,"3.5":0,"3.6":0,"4":0,"5":0.001379,"6":0,"7":0,"8":0,"9":0.001379,"10":0,"11":0,"12":0.001379,"13":0,"14":0,"15":0,"16":0.001379,"17":0.001379,"18":0,"19":0.001379,"20":0.001379,"21":0,"22":0,"23":0,"24":0,"25":0.001379,"26":0,"27":0,"28":0.001379,"29":0.001379,"30":0,"31":0.001379,"32":0.001379,"33":0.001379,"34":0.001379,"35":0.001379,"36":0.001379,"37":0.001379,"38":0.001379,"39":0.001379,"40":0.002758,"41":0.001379,"42":0,"43":0.005516,"44":0.004137,"45":0.005516,"46":0.001379,"47":0.011032,"48":0.005516,"49":0.004137,"50":0.001379,"51":0.001379,"52":0.011032,"53":0.001379,"54":0.002758,"55":0.005516,"56":0.015169,"57":0.249599,"58":0.026201,"59":0,"60":0},"opera":{"9":0,"9.5-9.6":0,"10.0-10.1":0,"10.5":0,"10.6":0,"11":0,"11.1":0.001379,"11.5":0,"11.6":0.001379,"12":0.001379,"12.1":0.077224,"15":0.002758,"16":0.002758,"17":0.002758,"18":0.011032,"19":0.011032,"20":0.024822,"21":0.005516,"22":0.020685,"23":0.009653,"24":0.002758,"25":0,"26":0.001379,"27":0.001379,"28":0.016548,"29":0.009653,"30":0.008274,"31":0.012411,"32":0.01379,"33":0,"34":0.001379,"35":0.001379,"36":0.001379,"37":0.004137,"38":0,"39":0,"40":0,"41":0,"42":0.004137,"43":0.023443,"44":0.004137,"45":0.001379,"46":0,"47":0.001379,"48":0.008274,"49":0.099288,"50":0},"safari":{"3.1":0,"3.2":0,"4":0,"5":0,"5.1":0,"6":0,"6.1":0,"7":0,"7.1":0.001379,"8":0.001379,"9":0.002758,"9.1":0.006895,"10":0.002758,"10.1":0.009653,"11":0.039991,"0":null},"ios_saf":{"3.2":0.000132272536268,"4.0-4.1":0.000132272536268,"4.2-4.3":0.00317454087044,"5.0-5.1":0.00304226833417,"6.0-6.1":0.00224863311656,"7.0-7.1":0.0091268050025,"8":0.00251317818909,"8.1-8.4":0.014814524062,"9.0-9.2":0.0107140754377,"9.3":0.06415218009,"10.0-10.2":0.0822735175588,"10.3":0.195101990995,"11.0-11.2":0.934637741271},"android":{"2.1":0,"2.2":0,"2.3":0,"3":0,"4":0,"4.1":0.205382555556,"4.2-4.3":0.596399344017,"4.4":1.84054367094,"4.4.3-4.4.4":1.05456042949,"62":null},"op_mob":{"10":null,"11":null,"11.1":null,"11.5":null,"12":null,"12.1":null,"0":null},"ie":{"5.5":0,"6":0,"7":0,"8":0.0183488117647,"9":0.00846868235294,"10":0.0183488117647,"11":0.0748066941176},"edge":{"12":0.016548,"13":0.017927,"14":0.028959,"15":0.033096,"16":0.011032,"17":0},"samsung":{"4":1.06033228824,"5":0.257362205882,"6.2":0.432368505882},"ie_mob":{"10":0.284687458647,"11":1.29295554135},"bb":{"7":0.0896584,"10":0.3586336},"and_uc":{"0":29.802797},"op_mini":{"0":29.1947794966},"and_chr":{"0":18.988337},"baidu":{"0":null},"and_ff":{"0":0.206904},"and_qq":{"1.2":null}},"total":88.8563104966}