{"id":"ZW","name":"Zimbabwe","month":"2017-12","access_date":"2018-01-03","data":{"chrome":{"4":0,"5":0,"6":0,"7":0,"8":0,"9":0,"10":0,"11":0.008832,"12":0,"13":0,"14":0,"15":0,"16":0,"17":0,"18":0.002944,"19":0,"20":0.002944,"21":0,"22":0,"23":0,"24":0,"25":0,"26":0.002944,"27":0.002944,"28":0,"29":0.002944,"30":0,"31":0.002944,"32":0,"33":0.005888,"34":0.002944,"35":0,"36":0.005888,"37":0,"38":0.002944,"39":0,"40":0.035328,"41":0.002944,"42":0,"43":0.02944,"44":0.002944,"45":0.002944,"46":0.050048,"47":0,"48":0.005888,"49":0.05888,"50":0.005888,"51":0.008832,"52":0.005888,"53":0.005888,"54":0.005888,"55":0.04416,"56":0.011776,"57":0.064768,"58":0.035328,"59":0.026496,"60":0.052992,"61":0.08832,"62":1.704576,"63":1.872384,"64":0.020608,"65":0.002944,"66":0},"firefox":{"2":0,"3":0,"3.5":0,"3.6":0,"4":0,"5":0,"6":0.008832,"7":0,"8":0,"9":0,"10":0.002944,"11":0.002944,"12":0,"13":0,"14":0.002944,"15":0,"16":0,"17":0.002944,"18":0,"19":0,"20":0.002944,"21":0,"22":0,"23":0,"24":0,"25":0.002944,"26":0,"27":0.01472,"28":0,"29":0.002944,"30":0.002944,"31":0.005888,"32":0.002944,"33":0.002944,"34":0.002944,"35":0.002944,"36":0.002944,"37":0.002944,"38":0.005888,"39":0.002944,"40":0.011776,"41":0.011776,"42":0.002944,"43":0.020608,"44":0.008832,"45":0.008832,"46":0.005888,"47":0.038272,"48":0.01472,"49":0.01472,"50":0.005888,"51":0.011776,"52":0.076544,"53":0.011776,"54":0.01472,"55":0.032384,"56":0.067712,"57":1.262976,"58":0.13248,"59":0,"60":0},"opera":{"9":0,"9.5-9.6":0.002944,"10.0-10.1":0,"10.5":0,"10.6":0,"11":0,"11.1":0,"11.5":0,"11.6":0.005888,"12":0.002944,"12.1":0.164864,"15":0.002944,"16":0.002944,"17":0.005888,"18":0.020608,"19":0.005888,"20":0.026496,"21":0.023552,"22":0.008832,"23":0.008832,"24":0,"25":0,"26":0.002944,"27":0,"28":0.032384,"29":0.020608,"30":0.023552,"31":0.017664,"32":0.02944,"33":0.002944,"34":0.005888,"35":0.002944,"36":0.011776,"37":0.01472,"38":0,"39":0,"40":0.002944,"41":0,"42":0.01472,"43":0.05888,"44":0.017664,"45":0.002944,"46":0.005888,"47":0.005888,"48":0.023552,"49":0.562304,"50":0.002944},"safari":{"3.1":0,"3.2":0,"4":0,"5":0,"5.1":0.011776,"6":0,"6.1":0.002944,"7":0,"7.1":0.002944,"8":0.002944,"9":0.008832,"9.1":0.032384,"10":0.020608,"10.1":0.02944,"11":0.094208,"0":null},"ios_saf":{"3.2":0.000231709454727,"4.0-4.1":0.000231709454727,"4.2-4.3":0.00556102691346,"5.0-5.1":0.00532931745873,"6.0-6.1":0.00393906073037,"7.0-7.1":0.0159879523762,"8":0.00440247963982,"8.1-8.4":0.0259514589295,"9.0-9.2":0.0187684658329,"9.3":0.112379085543,"10.0-10.2":0.14412328084,"10.3":0.341771445723,"11.0-11.2":1.6372590071},"android":{"2.1":0,"2.2":0,"2.3":0,"3":0,"4":0,"4.1":0.365993777778,"4.2-4.3":1.06278962393,"4.4":3.27986731624,"4.4.3-4.4.4":1.87923728205,"62":null},"op_mob":{"10":null,"11":null,"11.1":null,"11.5":null,"12":null,"12.1":null,"0":null},"ie":{"5.5":0,"6":0.00296111627907,"7":0.00296111627907,"8":0.0503389767442,"9":0.0177666976744,"10":0.0355333953488,"11":0.399750697674},"edge":{"12":0.082432,"13":0.070656,"14":0.153088,"15":0.211968,"16":0.064768,"17":0},"samsung":{"4":1.26087652174,"5":0.14710226087,"6.2":0.525365217391},"ie_mob":{"10":0.356295633028,"11":2.07096836697},"bb":{"7":0.0592704,"10":0.2370816},"and_uc":{"0":15.403248},"op_mini":{"0":25.5917119175},"and_chr":{"0":20.884528},"baidu":{"0":null},"and_ff":{"0":0.1764},"and_qq":{"1.2":null}},"total":84.0836159175}